SKU,location_code,warehouse,batch,available_units,expiry_date,reorder_level,last_updated
MED0004,LOC0001,WH-AP-001,B00040153,348,12-06-2027,30,06-08-2026 09:00
MED0095,LOC0001,WH-AP-001,B00950287,2396,22-10-2027,20,06-08-2026 09:00
MED0036,LOC0001,WH-AP-001,B00360358,747,11-03-2027,50,06-08-2026 09:00
MED0032,LOC0001,WH-AP-001,B00320483,643,09-11-2027,20,06-08-2026 09:00
MED0029,LOC0001,WH-AP-001,B00290547,46,03-01-2029,30,06-08-2026 09:00
MED0018,LOC0001,WH-AP-001,B00180691,103,11-02-2028,20,06-08-2026 09:00
MED0113,LOC0001,WH-AP-001,B01130799,363,04-08-2027,50,06-08-2026 09:00
MED0014,LOC0001,WH-AP-001,B00140830,175,12-07-2027,20,06-08-2026 09:00
MED0087,LOC0001,WH-AP-001,B00870997,655,16-06-2027,75,06-08-2026 09:00
MED0108,LOC0001,WH-AP-001,B01081014,794,28-09-2026,50,06-08-2026 09:00
MED0070,LOC0001,WH-AP-001,B00701150,67,06-06-2028,50,06-08-2026 09:00
MED0012,LOC0001,WH-AP-001,B00121268,405,23-08-2028,30,06-08-2026 09:00
MED0076,LOC0001,WH-AP-001,B00761343,252,08-05-2028,30,06-08-2026 09:00
MED0055,LOC0001,WH-AP-001,B00551427,597,16-06-2027,100,06-08-2026 09:00
MED0005,LOC0001,WH-AP-001,B00051529,773,08-07-2026,100,06-08-2026 09:00
MED0114,LOC0001,WH-AP-001,B01141658,432,03-12-2027,30,06-08-2026 09:00
MED0103,LOC0001,WH-AP-001,B01031711,541,23-05-2028,100,06-08-2026 09:00
MED0028,LOC0001,WH-AP-001,B00281892,549,30-12-2028,20,06-08-2026 09:00
MED0030,LOC0001,WH-AP-001,B00301943,3780,07-11-2026,50,06-08-2026 09:00
MED0065,LOC0001,WH-AP-001,B00652048,519,05-08-2028,100,06-08-2026 09:00
MED0078,LOC0001,WH-AP-001,B00782179,156,18-04-2027,100,06-08-2026 09:00
MED0099,LOC0001,WH-AP-001,B00992224,613,23-11-2026,100,06-08-2026 09:00
MED0072,LOC0001,WH-AP-001,B00722382,314,08-07-2027,50,06-08-2026 09:00
MED0026,LOC0001,WH-AP-001,B00262478,3990,21-12-2028,20,06-08-2026 09:00
MED0084,LOC0001,WH-AP-001,B00842543,3946,22-04-2027,30,06-08-2026 09:00
MED0104,LOC0001,WH-AP-001,B01042698,433,09-05-2028,100,06-08-2026 09:00
MED0054,LOC0001,WH-AP-001,B00542757,408,30-08-2028,30,06-08-2026 09:00
MED0110,LOC0001,WH-AP-001,B01102818,462,21-08-2026,75,06-08-2026 09:00
MED0058,LOC0001,WH-AP-001,B00582938,0,28-06-2028,50,06-08-2026 09:00
MED0102,LOC0001,WH-AP-001,B01023014,4584,11-08-2026,20,06-08-2026 09:00
MED0112,LOC0001,WH-AP-001,B01123137,2974,15-03-2028,50,06-08-2026 09:00
MED0001,LOC0001,WH-AP-001,B00013270,4338,10-07-2027,100,06-08-2026 09:00
MED0025,LOC0002,WH-AP-002,B00250181,465,17-10-2028,50,06-08-2026 09:00
MED0013,LOC0002,WH-AP-002,B00130284,303,02-01-2027,75,06-08-2026 09:00
MED0113,LOC0002,WH-AP-002,B01130371,3284,13-09-2026,100,06-08-2026 09:00
MED0085,LOC0002,WH-AP-002,B00850420,543,07-04-2028,100,06-08-2026 09:00
MED0056,LOC0002,WH-AP-002,B00560561,2278,02-07-2027,30,06-08-2026 09:00
MED0046,LOC0002,WH-AP-002,B00460615,583,04-07-2028,20,06-08-2026 09:00
MED0055,LOC0002,WH-AP-002,B00550750,4692,22-04-2028,100,06-08-2026 09:00
MED0053,LOC0002,WH-AP-002,B00530860,733,02-08-2027,50,06-08-2026 09:00
MED0060,LOC0002,WH-AP-002,B00600919,307,12-12-2028,30,06-08-2026 09:00
MED0094,LOC0002,WH-AP-002,B00941078,576,18-01-2027,20,06-08-2026 09:00
MED0007,LOC0002,WH-AP-002,B00071141,135,13-01-2027,30,06-08-2026 09:00
MED0087,LOC0002,WH-AP-002,B00871248,448,24-10-2028,50,06-08-2026 09:00
MED0084,LOC0002,WH-AP-002,B00841380,669,17-09-2028,100,06-08-2026 09:00
MED0083,LOC0002,WH-AP-002,B00831443,106,21-03-2027,50,06-08-2026 09:00
MED0112,LOC0002,WH-AP-002,B01121546,760,09-08-2027,20,06-08-2026 09:00
MED0008,LOC0002,WH-AP-002,B00081643,351,14-08-2028,100,06-08-2026 09:00
MED0052,LOC0002,WH-AP-002,B00521745,52,03-09-2026,100,06-08-2026 09:00
MED0105,LOC0002,WH-AP-002,B01051843,0,17-08-2028,20,06-08-2026 09:00
MED0044,LOC0002,WH-AP-002,B00441911,564,31-05-2028,30,06-08-2026 09:00
MED0014,LOC0002,WH-AP-002,B00142014,4830,15-05-2028,20,06-08-2026 09:00
MED0032,LOC0002,WH-AP-002,B00322149,151,16-12-2026,50,06-08-2026 09:00
MED0114,LOC0002,WH-AP-002,B01142297,40,07-06-2027,50,06-08-2026 09:00
MED0093,LOC0002,WH-AP-002,B00932389,362,25-12-2027,30,06-08-2026 09:00
MED0069,LOC0002,WH-AP-002,B00692462,242,04-05-2027,30,06-08-2026 09:00
MED0058,LOC0002,WH-AP-002,B00582595,340,30-12-2027,20,06-08-2026 09:00
MED0018,LOC0002,WH-AP-002,B00182614,718,01-10-2026,30,06-08-2026 09:00
MED0108,LOC0002,WH-AP-002,B01082738,471,25-06-2027,75,06-08-2026 09:00
MED0024,LOC0002,WH-AP-002,B00242845,408,14-01-2027,20,06-08-2026 09:00
MED0036,LOC0002,WH-AP-002,B00362952,409,06-05-2028,50,06-08-2026 09:00
MED0106,LOC0002,WH-AP-002,B01063014,3069,02-08-2027,20,06-08-2026 09:00
MED0097,LOC0002,WH-AP-002,B00973165,353,21-09-2027,20,06-08-2026 09:00
MED0010,LOC0002,WH-AP-002,B00103234,118,16-06-2028,100,06-08-2026 09:00
MED0057,LOC0002,WH-AP-002,B00573378,0,19-04-2028,50,06-08-2026 09:00
MED0071,LOC0002,WH-AP-002,B00713489,71,08-10-2027,30,06-08-2026 09:00
MED0100,LOC0002,WH-AP-002,B01003574,127,07-09-2027,50,06-08-2026 09:00
MED0104,LOC0002,WH-AP-002,B01043680,334,02-09-2027,50,06-08-2026 09:00
MED0070,LOC0002,WH-AP-002,B00703732,680,27-09-2028,30,06-08-2026 09:00
MED0002,LOC0002,WH-AP-002,B00023848,415,04-11-2026,100,06-08-2026 09:00
MED0012,LOC0002,WH-AP-002,B00123969,593,29-09-2027,50,06-08-2026 09:00
MED0031,LOC0002,WH-AP-002,B00314031,218,26-11-2028,75,06-08-2026 09:00
MED0022,LOC0002,WH-AP-002,B00224121,679,13-10-2027,20,06-08-2026 09:00
MED0107,LOC0002,WH-AP-002,B01074213,230,03-04-2027,30,06-08-2026 09:00
MED0063,LOC0002,WH-AP-002,B00634319,486,29-12-2028,20,06-08-2026 09:00
MED0062,LOC0002,WH-AP-002,B00624499,644,08-11-2028,75,06-08-2026 09:00
MED0028,LOC0002,WH-AP-002,B00284510,249,20-09-2026,75,06-08-2026 09:00
MED0098,LOC0002,WH-AP-002,B00984676,224,16-10-2028,20,06-08-2026 09:00
MED0099,LOC0002,WH-AP-002,B00994768,0,08-03-2027,75,06-08-2026 09:00
MED0074,LOC0002,WH-AP-002,B00744886,683,29-05-2028,30,06-08-2026 09:00
MED0049,LOC0002,WH-AP-002,B00494974,453,09-11-2028,50,06-08-2026 09:00
MED0001,LOC0002,WH-AP-002,B00015070,561,15-04-2027,75,06-08-2026 09:00
MED0050,LOC0002,WH-AP-002,B00505176,253,14-08-2027,75,06-08-2026 09:00
MED0081,LOC0003,WH-AP-003,B00810178,478,02-08-2028,75,06-08-2026 09:00
MED0031,LOC0003,WH-AP-003,B00310220,606,01-12-2026,20,06-08-2026 09:00
MED0036,LOC0003,WH-AP-003,B00360358,3891,28-07-2027,75,06-08-2026 09:00
MED0057,LOC0003,WH-AP-003,B00570445,334,27-11-2027,50,06-08-2026 09:00
MED0010,LOC0003,WH-AP-003,B00100579,83,10-12-2028,75,06-08-2026 09:00
MED0092,LOC0003,WH-AP-003,B00920693,358,13-01-2027,20,06-08-2026 09:00
MED0037,LOC0003,WH-AP-003,B00370789,253,24-11-2026,20,06-08-2026 09:00
MED0113,LOC0003,WH-AP-003,B01130837,484,03-06-2028,30,06-08-2026 09:00
MED0035,LOC0003,WH-AP-003,B00350987,785,16-07-2028,75,06-08-2026 09:00
MED0043,LOC0003,WH-AP-003,B00431084,167,22-02-2027,20,06-08-2026 09:00
MED0041,LOC0003,WH-AP-003,B00411160,589,23-11-2027,20,06-08-2026 09:00
MED0070,LOC0003,WH-AP-003,B00701223,4828,10-07-2027,30,06-08-2026 09:00
MED0011,LOC0003,WH-AP-003,B00111315,614,05-06-2028,50,06-08-2026 09:00
MED0018,LOC0003,WH-AP-003,B00181492,677,05-04-2028,50,06-08-2026 09:00
MED0020,LOC0003,WH-AP-003,B00201523,0,19-03-2028,50,06-08-2026 09:00
MED0030,LOC0003,WH-AP-003,B00301629,650,17-02-2028,75,06-08-2026 09:00
MED0050,LOC0003,WH-AP-003,B00501788,534,07-08-2027,75,06-08-2026 09:00
MED0089,LOC0003,WH-AP-003,B00891885,476,21-11-2028,100,06-08-2026 09:00
MED0100,LOC0003,WH-AP-003,B01001945,251,31-01-2027,50,06-08-2026 09:00
MED0091,LOC0003,WH-AP-003,B00912058,475,18-09-2028,75,06-08-2026 09:00
MED0028,LOC0003,WH-AP-003,B00282172,0,09-05-2027,50,06-08-2026 09:00
MED0009,LOC0003,WH-AP-003,B00092299,264,06-07-2028,30,06-08-2026 09:00
MED0054,LOC0003,WH-AP-003,B00542340,529,30-01-2027,50,06-08-2026 09:00
MED0053,LOC0003,WH-AP-003,B00532492,776,05-03-2028,75,06-08-2026 09:00
MED0105,LOC0003,WH-AP-003,B01052561,17,21-08-2026,75,06-08-2026 09:00
MED0103,LOC0003,WH-AP-003,B01032677,595,23-05-2028,30,06-08-2026 09:00
MED0060,LOC0003,WH-AP-003,B00602799,763,30-10-2027,50,06-08-2026 09:00
MED0109,LOC0003,WH-AP-003,B01092834,257,11-11-2028,75,06-08-2026 09:00
MED0008,LOC0003,WH-AP-003,B00082933,4194,10-10-2028,50,06-08-2026 09:00
MED0027,LOC0003,WH-AP-003,B00273077,495,29-06-2028,30,06-08-2026 09:00
MED0087,LOC0003,WH-AP-003,B00873139,102,03-09-2027,100,06-08-2026 09:00
MED0098,LOC0003,WH-AP-003,B00983245,14,13-03-2027,50,06-08-2026 09:00
MED0075,LOC0003,WH-AP-003,B00753391,566,13-03-2027,20,06-08-2026 09:00
MED0003,LOC0003,WH-AP-003,B00033471,2050,27-02-2028,75,06-08-2026 09:00
MED0074,LOC0003,WH-AP-003,B00743524,52,07-03-2028,75,06-08-2026 09:00
MED0049,LOC0003,WH-AP-003,B00493616,75,06-10-2028,20,06-08-2026 09:00
MED0062,LOC0003,WH-AP-003,B00623741,576,30-01-2027,30,06-08-2026 09:00
MED0001,LOC0003,WH-AP-003,B00013889,426,21-01-2029,20,06-08-2026 09:00
MED0046,LOC0003,WH-AP-003,B00463948,389,31-01-2028,30,06-08-2026 09:00
MED0039,LOC0003,WH-AP-003,B00394088,312,04-01-2027,100,06-08-2026 09:00
MED0083,LOC0003,WH-AP-003,B00834194,212,01-08-2027,20,06-08-2026 09:00
MED0084,LOC0003,WH-AP-003,B00844210,177,13-04-2027,20,06-08-2026 09:00
MED0069,LOC0003,WH-AP-003,B00694339,608,07-12-2026,75,06-08-2026 09:00
MED0097,LOC0003,WH-AP-003,B00974497,719,15-01-2027,50,06-08-2026 09:00
MED0029,LOC0003,WH-AP-003,B00294564,640,25-05-2027,30,06-08-2026 09:00
MED0063,LOC0003,WH-AP-003,B00634628,663,24-08-2026,20,06-08-2026 09:00
MED0071,LOC0003,WH-AP-003,B00714782,0,05-07-2028,20,06-08-2026 09:00
MED0106,LOC0003,WH-AP-003,B01064861,479,20-10-2028,50,06-08-2026 09:00
MED0056,LOC0003,WH-AP-003,B00564915,505,08-07-2028,50,06-08-2026 09:00
MED0072,LOC0003,WH-AP-003,B00725039,618,05-02-2027,75,06-08-2026 09:00
MED0004,LOC0003,WH-AP-003,B00045144,21,22-09-2028,100,06-08-2026 09:00
MED0025,LOC0003,WH-AP-003,B00255276,0,28-02-2028,100,06-08-2026 09:00
MED0022,LOC0003,WH-AP-003,B00225391,185,24-01-2028,75,06-08-2026 09:00
MED0090,LOC0003,WH-AP-003,B00905451,481,11-10-2027,75,06-08-2026 09:00
MED0044,LOC0003,WH-AP-003,B00445546,337,25-03-2028,20,06-08-2026 09:00
MED0052,LOC0003,WH-AP-003,B00525650,563,14-07-2026,75,06-08-2026 09:00
MED0042,LOC0004,WH-AP-004,B00420173,120,10-04-2027,20,06-08-2026 09:00
MED0015,LOC0004,WH-AP-004,B00150270,279,12-03-2028,50,06-08-2026 09:00
MED0099,LOC0004,WH-AP-004,B00990375,148,09-07-2028,30,06-08-2026 09:00
MED0052,LOC0004,WH-AP-004,B00520453,282,02-01-2028,30,06-08-2026 09:00
MED0066,LOC0004,WH-AP-004,B00660585,2,05-09-2027,100,06-08-2026 09:00
MED0106,LOC0004,WH-AP-004,B01060678,501,04-02-2028,100,06-08-2026 09:00
MED0001,LOC0004,WH-AP-004,B00010768,565,25-11-2027,75,06-08-2026 09:00
MED0085,LOC0004,WH-AP-004,B00850839,714,01-12-2027,50,06-08-2026 09:00
MED0070,LOC0004,WH-AP-004,B00700958,0,26-10-2028,75,06-08-2026 09:00
MED0060,LOC0004,WH-AP-004,B00601014,667,25-03-2028,75,06-08-2026 09:00
MED0053,LOC0004,WH-AP-004,B00531166,604,14-02-2027,30,06-08-2026 09:00
MED0007,LOC0004,WH-AP-004,B00071262,467,30-06-2026,20,06-08-2026 09:00
MED0025,LOC0004,WH-AP-004,B00251360,3085,13-10-2028,30,06-08-2026 09:00
MED0067,LOC0004,WH-AP-004,B00671450,690,28-11-2027,20,06-08-2026 09:00
MED0047,LOC0004,WH-AP-004,B00471590,36,02-07-2027,75,06-08-2026 09:00
MED0080,LOC0004,WH-AP-004,B00801691,764,13-08-2026,50,06-08-2026 09:00
MED0097,LOC0004,WH-AP-004,B00971715,710,03-12-2026,20,06-08-2026 09:00
MED0064,LOC0004,WH-AP-004,B00641828,300,19-01-2028,50,06-08-2026 09:00
MED0081,LOC0004,WH-AP-004,B00811931,579,07-05-2027,30,06-08-2026 09:00
MED0057,LOC0004,WH-AP-004,B00572073,3566,08-07-2027,30,06-08-2026 09:00
MED0103,LOC0004,WH-AP-004,B01032142,472,17-02-2028,100,06-08-2026 09:00
MED0027,LOC0004,WH-AP-004,B00272279,476,27-09-2028,20,06-08-2026 09:00
MED0035,LOC0004,WH-AP-004,B00352391,3415,06-09-2027,30,06-08-2026 09:00
MED0071,LOC0004,WH-AP-004,B00712459,467,26-05-2027,75,06-08-2026 09:00
MED0017,LOC0004,WH-AP-004,B00172547,3562,14-06-2028,75,06-08-2026 09:00
MED0037,LOC0004,WH-AP-004,B00372645,0,14-12-2027,50,06-08-2026 09:00
MED0095,LOC0004,WH-AP-004,B00952787,702,24-12-2026,20,06-08-2026 09:00
MED0063,LOC0004,WH-AP-004,B00632887,293,27-06-2027,75,06-08-2026 09:00
MED0016,LOC0004,WH-AP-004,B00162994,194,28-09-2028,50,06-08-2026 09:00
MED0004,LOC0004,WH-AP-004,B00043066,642,16-09-2027,30,06-08-2026 09:00
MED0096,LOC0004,WH-AP-004,B00963147,749,04-10-2026,20,06-08-2026 09:00
MED0078,LOC0004,WH-AP-004,B00783279,179,17-01-2029,50,06-08-2026 09:00
MED0031,LOC0004,WH-AP-004,B00313371,279,25-07-2027,50,06-08-2026 09:00
MED0021,LOC0004,WH-AP-004,B00213419,346,26-02-2028,50,06-08-2026 09:00
MED0040,LOC0004,WH-AP-004,B00403596,231,14-11-2028,30,06-08-2026 09:00
MED0091,LOC0004,WH-AP-004,B00913660,570,21-01-2029,75,06-08-2026 09:00
MED0002,LOC0004,WH-AP-004,B00023796,126,22-09-2028,20,06-08-2026 09:00
MED0079,LOC0004,WH-AP-004,B00793896,653,22-02-2027,50,06-08-2026 09:00
MED0104,LOC0004,WH-AP-004,B01043951,634,31-05-2028,30,06-08-2026 09:00
MED0012,LOC0004,WH-AP-004,B00124099,64,22-02-2028,100,06-08-2026 09:00
MED0029,LOC0004,WH-AP-004,B00294148,119,09-08-2026,50,06-08-2026 09:00
MED0015,LOC0005,WH-AP-005,B00150186,238,04-04-2027,30,06-08-2026 09:00
MED0013,LOC0005,WH-AP-005,B00130242,148,10-05-2028,20,06-08-2026 09:00
MED0031,LOC0005,WH-AP-005,B00310340,2105,29-08-2026,30,06-08-2026 09:00
MED0069,LOC0005,WH-AP-005,B00690463,178,13-03-2027,100,06-08-2026 09:00
MED0018,LOC0005,WH-AP-005,B00180556,2260,08-01-2029,100,06-08-2026 09:00
MED0050,LOC0005,WH-AP-005,B00500615,462,25-07-2028,100,06-08-2026 09:00
MED0059,LOC0005,WH-AP-005,B00590771,658,05-01-2027,100,06-08-2026 09:00
MED0048,LOC0005,WH-AP-005,B00480819,110,01-02-2028,75,06-08-2026 09:00
MED0086,LOC0005,WH-AP-005,B00860989,151,24-08-2026,20,06-08-2026 09:00
MED0096,LOC0005,WH-AP-005,B00961077,332,07-07-2028,100,06-08-2026 09:00
MED0090,LOC0005,WH-AP-005,B00901124,619,22-10-2028,50,06-08-2026 09:00
MED0070,LOC0005,WH-AP-005,B00701262,220,25-06-2027,100,06-08-2026 09:00
MED0054,LOC0005,WH-AP-005,B00541350,408,09-02-2027,50,06-08-2026 09:00
MED0076,LOC0005,WH-AP-005,B00761497,261,09-04-2027,75,06-08-2026 09:00
MED0105,LOC0005,WH-AP-005,B01051557,2349,13-08-2026,75,06-08-2026 09:00
MED0094,LOC0005,WH-AP-005,B00941652,600,01-06-2028,30,06-08-2026 09:00
MED0020,LOC0005,WH-AP-005,B00201716,681,11-01-2028,20,06-08-2026 09:00
MED0102,LOC0005,WH-AP-005,B01021837,360,08-09-2026,50,06-08-2026 09:00
MED0084,LOC0005,WH-AP-005,B00841981,229,28-10-2027,30,06-08-2026 09:00
MED0113,LOC0005,WH-AP-005,B01132081,3141,17-01-2028,50,06-08-2026 09:00
MED0063,LOC0005,WH-AP-005,B00632194,658,19-07-2028,100,06-08-2026 09:00
MED0079,LOC0005,WH-AP-005,B00792249,0,23-12-2028,50,06-08-2026 09:00
MED0053,LOC0005,WH-AP-005,B00532394,185,05-06-2028,50,06-08-2026 09:00
MED0036,LOC0005,WH-AP-005,B00362477,4593,05-02-2027,75,06-08-2026 09:00
MED0005,LOC0005,WH-AP-005,B00052549,464,17-11-2027,30,06-08-2026 09:00
MED0089,LOC0005,WH-AP-005,B00892629,581,27-12-2026,50,06-08-2026 09:00
MED0107,LOC0005,WH-AP-005,B01072766,50,09-08-2027,30,06-08-2026 09:00
MED0028,LOC0005,WH-AP-005,B00282875,452,12-06-2027,75,06-08-2026 09:00
MED0057,LOC0005,WH-AP-005,B00572985,113,28-09-2028,20,06-08-2026 09:00
MED0106,LOC0005,WH-AP-005,B01063086,315,26-04-2026,75,06-08-2026 09:00
MED0112,LOC0005,WH-AP-005,B01123127,0,08-06-2027,20,06-08-2026 09:00
MED0047,LOC0005,WH-AP-005,B00473232,122,17-04-2026,50,06-08-2026 09:00
MED0095,LOC0005,WH-AP-005,B00953395,720,29-05-2028,30,06-08-2026 09:00
MED0088,LOC0005,WH-AP-005,B00883419,2173,17-02-2028,50,06-08-2026 09:00
MED0103,LOC0005,WH-AP-005,B01033563,587,20-08-2028,50,06-08-2026 09:00
MED0046,LOC0005,WH-AP-005,B00463689,2085,28-04-2027,50,06-08-2026 09:00
MED0008,LOC0005,WH-AP-005,B00083723,370,30-09-2026,75,06-08-2026 09:00
MED0051,LOC0005,WH-AP-005,B00513849,410,14-12-2027,30,06-08-2026 09:00
MED0091,LOC0005,WH-AP-005,B00913991,797,09-04-2028,50,06-08-2026 09:00
MED0025,LOC0005,WH-AP-005,B00254054,198,27-10-2027,20,06-08-2026 09:00
MED0016,LOC0005,WH-AP-005,B00164187,149,30-04-2027,30,06-08-2026 09:00
MED0108,LOC0005,WH-AP-005,B01084290,671,25-09-2026,30,06-08-2026 09:00
MED0012,LOC0005,WH-AP-005,B00124397,577,06-02-2028,75,06-08-2026 09:00
MED0087,LOC0005,WH-AP-005,B00874450,639,07-08-2028,100,06-08-2026 09:00
MED0003,LOC0005,WH-AP-005,B00034545,480,10-09-2027,30,06-08-2026 09:00
MED0007,LOC0005,WH-AP-005,B00074669,0,17-09-2027,100,06-08-2026 09:00
MED0043,LOC0005,WH-AP-005,B00434719,0,24-08-2027,75,06-08-2026 09:00
MED0032,LOC0005,WH-AP-005,B00324880,519,20-06-2028,20,06-08-2026 09:00
MED0017,LOC0005,WH-AP-005,B00174987,585,29-09-2027,20,06-08-2026 09:00
MED0027,LOC0005,WH-AP-005,B00275020,63,21-10-2027,75,06-08-2026 09:00
MED0009,LOC0005,WH-AP-005,B00095166,40,26-01-2028,100,06-08-2026 09:00
MED0097,LOC0005,WH-AP-005,B00975259,162,20-08-2027,100,06-08-2026 09:00
MED0049,LOC0005,WH-AP-005,B00495390,695,20-01-2029,75,06-08-2026 09:00
MED0101,LOC0005,WH-AP-005,B01015446,2387,04-12-2027,50,06-08-2026 09:00
MED0014,LOC0005,WH-AP-005,B00145529,672,13-07-2028,50,06-08-2026 09:00
MED0038,LOC0005,WH-AP-005,B00385649,4718,29-08-2026,50,06-08-2026 09:00
MED0017,LOC0006,WH-AP-006,B00170146,243,21-07-2028,50,06-08-2026 09:00
MED0077,LOC0006,WH-AP-006,B00770270,244,15-01-2029,75,06-08-2026 09:00
MED0091,LOC0006,WH-AP-006,B00910346,584,19-02-2028,30,06-08-2026 09:00
MED0011,LOC0006,WH-AP-006,B00110487,428,27-05-2027,75,06-08-2026 09:00
MED0040,LOC0006,WH-AP-006,B00400580,53,19-11-2027,30,06-08-2026 09:00
MED0072,LOC0006,WH-AP-006,B00720620,528,22-08-2027,20,06-08-2026 09:00
MED0049,LOC0006,WH-AP-006,B00490721,525,03-09-2026,30,06-08-2026 09:00
MED0083,LOC0006,WH-AP-006,B00830816,357,02-01-2028,30,06-08-2026 09:00
MED0102,LOC0006,WH-AP-006,B01020957,241,26-01-2027,75,06-08-2026 09:00
MED0043,LOC0006,WH-AP-006,B00431093,0,04-11-2028,30,06-08-2026 09:00
MED0114,LOC0006,WH-AP-006,B01141199,140,07-04-2026,50,06-08-2026 09:00
MED0086,LOC0006,WH-AP-006,B00861220,480,09-11-2026,30,06-08-2026 09:00
MED0090,LOC0006,WH-AP-006,B00901387,153,17-11-2028,20,06-08-2026 09:00
MED0095,LOC0006,WH-AP-006,B00951425,794,08-09-2027,100,06-08-2026 09:00
MED0088,LOC0006,WH-AP-006,B00881518,654,15-02-2028,20,06-08-2026 09:00
MED0068,LOC0006,WH-AP-006,B00681690,511,20-11-2026,20,06-08-2026 09:00
MED0012,LOC0006,WH-AP-006,B00121710,735,03-09-2026,100,06-08-2026 09:00
MED0107,LOC0006,WH-AP-006,B01071895,584,14-09-2028,100,06-08-2026 09:00
MED0103,LOC0006,WH-AP-006,B01031979,369,09-09-2026,20,06-08-2026 09:00
MED0055,LOC0006,WH-AP-006,B00552070,519,08-12-2027,100,06-08-2026 09:00
MED0066,LOC0006,WH-AP-006,B00662155,382,20-11-2026,20,06-08-2026 09:00
MED0047,LOC0006,WH-AP-006,B00472284,750,18-02-2027,20,06-08-2026 09:00
MED0003,LOC0006,WH-AP-006,B00032332,3443,23-08-2028,50,06-08-2026 09:00
MED0093,LOC0006,WH-AP-006,B00932418,490,22-03-2027,75,06-08-2026 09:00
MED0110,LOC0006,WH-AP-006,B01102535,0,22-01-2029,75,06-08-2026 09:00
MED0024,LOC0006,WH-AP-006,B00242670,317,13-05-2028,20,06-08-2026 09:00
MED0028,LOC0006,WH-AP-006,B00282755,0,23-08-2027,50,06-08-2026 09:00
MED0044,LOC0006,WH-AP-006,B00442865,339,15-11-2027,20,06-08-2026 09:00
MED0063,LOC0006,WH-AP-006,B00632973,395,14-05-2027,75,06-08-2026 09:00
MED0025,LOC0006,WH-AP-006,B00253064,531,27-01-2027,75,06-08-2026 09:00
MED0029,LOC0006,WH-AP-006,B00293123,184,28-09-2027,20,06-08-2026 09:00
MED0018,LOC0006,WH-AP-006,B00183264,302,13-07-2028,20,06-08-2026 09:00
MED0020,LOC0006,WH-AP-006,B00203355,359,17-11-2028,30,06-08-2026 09:00
MED0010,LOC0006,WH-AP-006,B00103417,281,22-01-2029,100,06-08-2026 09:00
MED0038,LOC0006,WH-AP-006,B00383596,415,10-12-2028,20,06-08-2026 09:00
MED0013,LOC0006,WH-AP-006,B00133666,146,28-09-2028,30,06-08-2026 09:00
MED0065,LOC0006,WH-AP-006,B00653756,2966,14-11-2027,20,06-08-2026 09:00
MED0070,LOC0006,WH-AP-006,B00703867,33,29-09-2028,75,06-08-2026 09:00
MED0099,LOC0006,WH-AP-006,B00993977,781,15-08-2026,50,06-08-2026 09:00
MED0005,LOC0006,WH-AP-006,B00054013,665,28-02-2027,50,06-08-2026 09:00
MED0087,LOC0006,WH-AP-006,B00874143,396,04-03-2027,30,06-08-2026 09:00
MED0104,LOC0006,WH-AP-006,B01044298,219,23-08-2027,50,06-08-2026 09:00
MED0108,LOC0006,WH-AP-006,B01084332,138,09-02-2028,75,06-08-2026 09:00
MED0082,LOC0006,WH-AP-006,B00824495,698,27-09-2027,75,06-08-2026 09:00
MED0021,LOC0006,WH-AP-006,B00214530,563,07-09-2027,50,06-08-2026 09:00
MED0089,LOC0006,WH-AP-006,B00894627,520,28-05-2027,30,06-08-2026 09:00
MED0022,LOC0006,WH-AP-006,B00224757,26,12-06-2028,30,06-08-2026 09:00
MED0057,LOC0006,WH-AP-006,B00574821,564,02-10-2026,75,06-08-2026 09:00
MED0006,LOC0006,WH-AP-006,B00064962,734,25-04-2028,20,06-08-2026 09:00
MED0053,LOC0006,WH-AP-006,B00535092,75,27-08-2026,75,06-08-2026 09:00
MED0058,LOC0007,WH-AP-007,B00580148,564,05-08-2028,50,06-08-2026 09:00
MED0060,LOC0007,WH-AP-007,B00600284,514,02-07-2028,100,06-08-2026 09:00
MED0088,LOC0007,WH-AP-007,B00880353,639,15-07-2028,30,06-08-2026 09:00
MED0067,LOC0007,WH-AP-007,B00670415,0,26-01-2027,100,06-08-2026 09:00
MED0045,LOC0007,WH-AP-007,B00450589,215,04-01-2028,100,06-08-2026 09:00
MED0017,LOC0007,WH-AP-007,B00170648,642,22-08-2028,20,06-08-2026 09:00
MED0107,LOC0007,WH-AP-007,B01070719,701,11-02-2028,75,06-08-2026 09:00
MED0100,LOC0007,WH-AP-007,B01000853,425,31-05-2027,20,06-08-2026 09:00
MED0071,LOC0007,WH-AP-007,B00710961,735,23-10-2027,100,06-08-2026 09:00
MED0082,LOC0007,WH-AP-007,B00821040,527,26-09-2027,30,06-08-2026 09:00
MED0076,LOC0007,WH-AP-007,B00761116,3841,11-02-2027,75,06-08-2026 09:00
MED0024,LOC0007,WH-AP-007,B00241251,630,16-04-2027,50,06-08-2026 09:00
MED0099,LOC0007,WH-AP-007,B00991375,194,28-03-2028,100,06-08-2026 09:00
MED0109,LOC0007,WH-AP-007,B01091460,315,04-02-2027,75,06-08-2026 09:00
MED0056,LOC0007,WH-AP-007,B00561516,246,31-10-2027,100,06-08-2026 09:00
MED0065,LOC0007,WH-AP-007,B00651696,611,03-09-2028,20,06-08-2026 09:00
MED0008,LOC0007,WH-AP-007,B00081727,8,19-01-2028,75,06-08-2026 09:00
MED0016,LOC0007,WH-AP-007,B00161861,782,20-12-2026,50,06-08-2026 09:00
MED0111,LOC0007,WH-AP-007,B01111919,199,26-08-2027,20,06-08-2026 09:00
MED0020,LOC0007,WH-AP-007,B00202097,782,03-08-2028,75,06-08-2026 09:00
MED0039,LOC0007,WH-AP-007,B00392181,2396,17-10-2027,100,06-08-2026 09:00
MED0022,LOC0007,WH-AP-007,B00222274,203,20-12-2027,50,06-08-2026 09:00
MED0021,LOC0007,WH-AP-007,B00212370,0,28-08-2026,20,06-08-2026 09:00
MED0042,LOC0007,WH-AP-007,B00422451,620,27-03-2027,100,06-08-2026 09:00
MED0029,LOC0007,WH-AP-007,B00292548,402,30-11-2028,100,06-08-2026 09:00
MED0110,LOC0007,WH-AP-007,B01102682,521,29-10-2028,100,06-08-2026 09:00
MED0096,LOC0007,WH-AP-007,B00962724,17,23-09-2028,50,06-08-2026 09:00
MED0037,LOC0007,WH-AP-007,B00372813,742,09-08-2028,75,06-08-2026 09:00
MED0011,LOC0007,WH-AP-007,B00112984,671,06-01-2029,100,06-08-2026 09:00
MED0093,LOC0008,WH-AP-008,B00930153,177,02-05-2028,75,06-08-2026 09:00
MED0007,LOC0008,WH-AP-008,B00070292,790,01-10-2028,100,06-08-2026 09:00
MED0075,LOC0008,WH-AP-008,B00750381,196,16-08-2027,50,06-08-2026 09:00
MED0062,LOC0008,WH-AP-008,B00620436,304,25-10-2028,50,06-08-2026 09:00
MED0022,LOC0008,WH-AP-008,B00220545,357,11-11-2028,75,06-08-2026 09:00
MED0068,LOC0008,WH-AP-008,B00680654,4771,13-12-2027,50,06-08-2026 09:00
MED0081,LOC0008,WH-AP-008,B00810754,294,23-01-2027,30,06-08-2026 09:00
MED0114,LOC0008,WH-AP-008,B01140878,765,29-05-2027,75,06-08-2026 09:00
MED0080,LOC0008,WH-AP-008,B00800988,712,23-02-2027,50,06-08-2026 09:00
MED0100,LOC0008,WH-AP-008,B01001038,51,30-04-2028,100,06-08-2026 09:00
MED0049,LOC0008,WH-AP-008,B00491170,0,07-11-2028,30,06-08-2026 09:00
MED0019,LOC0008,WH-AP-008,B00191230,140,18-03-2026,20,06-08-2026 09:00
MED0088,LOC0008,WH-AP-008,B00881346,487,27-05-2027,75,06-08-2026 09:00
MED0032,LOC0008,WH-AP-008,B00321493,60,03-02-2027,50,06-08-2026 09:00
MED0005,LOC0008,WH-AP-008,B00051532,756,12-12-2026,100,06-08-2026 09:00
MED0074,LOC0008,WH-AP-008,B00741660,180,11-12-2026,75,06-08-2026 09:00
MED0090,LOC0008,WH-AP-008,B00901714,766,27-08-2027,75,06-08-2026 09:00
MED0015,LOC0008,WH-AP-008,B00151846,617,28-08-2026,20,06-08-2026 09:00
MED0025,LOC0008,WH-AP-008,B00251974,556,21-03-2027,75,06-08-2026 09:00
MED0003,LOC0008,WH-AP-008,B00032068,115,21-11-2028,75,06-08-2026 09:00
MED0057,LOC0008,WH-AP-008,B00572147,14,21-01-2029,50,06-08-2026 09:00
MED0041,LOC0008,WH-AP-008,B00412261,197,19-08-2028,100,06-08-2026 09:00
MED0054,LOC0008,WH-AP-008,B00542333,88,09-02-2027,75,06-08-2026 09:00
MED0020,LOC0008,WH-AP-008,B00202440,254,29-04-2026,30,06-08-2026 09:00
MED0053,LOC0008,WH-AP-008,B00532583,337,13-11-2028,75,06-08-2026 09:00
MED0089,LOC0008,WH-AP-008,B00892695,368,06-01-2027,20,06-08-2026 09:00
MED0027,LOC0008,WH-AP-008,B00272749,163,01-04-2028,20,06-08-2026 09:00
MED0098,LOC0008,WH-AP-008,B00982838,302,18-06-2027,20,06-08-2026 09:00
MED0065,LOC0008,WH-AP-008,B00652957,465,16-07-2028,30,06-08-2026 09:00
MED0079,LOC0008,WH-AP-008,B00793037,482,14-09-2028,75,06-08-2026 09:00
MED0061,LOC0008,WH-AP-008,B00613177,610,26-01-2027,30,06-08-2026 09:00
MED0008,LOC0008,WH-AP-008,B00083224,370,12-09-2026,75,06-08-2026 09:00
MED0018,LOC0008,WH-AP-008,B00183329,517,06-05-2028,20,06-08-2026 09:00
MED0067,LOC0008,WH-AP-008,B00673436,532,30-09-2028,30,06-08-2026 09:00
MED0102,LOC0008,WH-AP-008,B01023568,522,30-12-2026,100,06-08-2026 09:00
MED0072,LOC0008,WH-AP-008,B00723669,467,29-05-2028,30,06-08-2026 09:00
MED0042,LOC0008,WH-AP-008,B00423737,405,07-11-2026,50,06-08-2026 09:00
MED0111,LOC0008,WH-AP-008,B01113879,3735,08-01-2027,100,06-08-2026 09:00
MED0109,LOC0008,WH-AP-008,B01093914,70,01-03-2028,20,06-08-2026 09:00
MED0053,LOC0009,WH-AP-009,B00530112,0,25-07-2028,20,06-08-2026 09:00
MED0024,LOC0009,WH-AP-009,B00240286,103,04-02-2028,30,06-08-2026 09:00
MED0099,LOC0009,WH-AP-009,B00990379,45,01-07-2027,20,06-08-2026 09:00
MED0018,LOC0009,WH-AP-009,B00180447,794,08-09-2026,30,06-08-2026 09:00
MED0112,LOC0009,WH-AP-009,B01120586,749,17-06-2028,30,06-08-2026 09:00
MED0083,LOC0009,WH-AP-009,B00830638,146,20-04-2028,50,06-08-2026 09:00
MED0094,LOC0009,WH-AP-009,B00940732,62,01-07-2028,75,06-08-2026 09:00
MED0109,LOC0009,WH-AP-009,B01090895,48,23-08-2028,75,06-08-2026 09:00
MED0054,LOC0009,WH-AP-009,B00540929,326,27-12-2027,75,06-08-2026 09:00
MED0048,LOC0009,WH-AP-009,B00481038,772,08-07-2027,50,06-08-2026 09:00
MED0049,LOC0009,WH-AP-009,B00491181,147,02-01-2027,50,06-08-2026 09:00
MED0058,LOC0009,WH-AP-009,B00581241,570,06-12-2027,75,06-08-2026 09:00
MED0104,LOC0009,WH-AP-009,B01041357,662,04-09-2026,50,06-08-2026 09:00
MED0102,LOC0009,WH-AP-009,B01021496,195,31-08-2026,20,06-08-2026 09:00
MED0011,LOC0009,WH-AP-009,B00111585,74,22-12-2028,100,06-08-2026 09:00
MED0088,LOC0009,WH-AP-009,B00881648,213,10-10-2027,100,06-08-2026 09:00
MED0085,LOC0009,WH-AP-009,B00851771,194,04-03-2027,20,06-08-2026 09:00
MED0070,LOC0009,WH-AP-009,B00701880,720,07-07-2027,30,06-08-2026 09:00
MED0111,LOC0009,WH-AP-009,B01111955,389,29-08-2028,50,06-08-2026 09:00
MED0084,LOC0009,WH-AP-009,B00842022,525,24-02-2028,50,06-08-2026 09:00
MED0045,LOC0009,WH-AP-009,B00452150,327,18-11-2027,75,06-08-2026 09:00
MED0016,LOC0009,WH-AP-009,B00162228,0,02-12-2028,75,06-08-2026 09:00
MED0023,LOC0009,WH-AP-009,B00232347,598,05-01-2028,20,06-08-2026 09:00
MED0069,LOC0009,WH-AP-009,B00692473,235,13-07-2027,30,06-08-2026 09:00
MED0051,LOC0009,WH-AP-009,B00512572,701,24-12-2028,100,06-08-2026 09:00
MED0068,LOC0009,WH-AP-009,B00682627,750,26-04-2027,75,06-08-2026 09:00
MED0017,LOC0009,WH-AP-009,B00172777,555,03-01-2027,100,06-08-2026 09:00
MED0029,LOC0009,WH-AP-009,B00292816,76,18-09-2028,20,06-08-2026 09:00
MED0001,LOC0009,WH-AP-009,B00012929,645,28-10-2028,20,06-08-2026 09:00
MED0003,LOC0009,WH-AP-009,B00033091,466,28-07-2028,20,06-08-2026 09:00
MED0039,LOC0009,WH-AP-009,B00393178,675,10-11-2026,100,06-08-2026 09:00
MED0060,LOC0009,WH-AP-009,B00603278,17,12-08-2027,100,06-08-2026 09:00
MED0097,LOC0009,WH-AP-009,B00973365,0,24-09-2028,50,06-08-2026 09:00
MED0055,LOC0009,WH-AP-009,B00553434,2394,08-07-2027,30,06-08-2026 09:00
MED0091,LOC0009,WH-AP-009,B00913520,362,15-12-2027,100,06-08-2026 09:00
MED0101,LOC0009,WH-AP-009,B01013638,470,17-10-2028,50,06-08-2026 09:00
MED0030,LOC0009,WH-AP-009,B00303714,82,30-08-2028,50,06-08-2026 09:00
MED0032,LOC0009,WH-AP-009,B00323891,386,31-12-2026,20,06-08-2026 09:00
MED0059,LOC0009,WH-AP-009,B00593992,84,22-01-2028,20,06-08-2026 09:00
MED0108,LOC0009,WH-AP-009,B01084039,97,17-12-2026,50,06-08-2026 09:00
MED0020,LOC0009,WH-AP-009,B00204144,708,04-03-2028,30,06-08-2026 09:00
MED0036,LOC0009,WH-AP-009,B00364282,700,13-05-2028,20,06-08-2026 09:00
MED0025,LOC0009,WH-AP-009,B00254385,322,13-06-2026,20,06-08-2026 09:00
MED0097,LOC0010,WH-AP-010,B00970172,0,08-02-2028,50,06-08-2026 09:00
MED0106,LOC0010,WH-AP-010,B01060284,384,30-09-2028,30,06-08-2026 09:00
MED0092,LOC0010,WH-AP-010,B00920319,4533,14-07-2027,75,06-08-2026 09:00
MED0113,LOC0010,WH-AP-010,B01130429,389,14-08-2028,20,06-08-2026 09:00
MED0051,LOC0010,WH-AP-010,B00510566,109,26-08-2026,75,06-08-2026 09:00
MED0010,LOC0010,WH-AP-010,B00100665,104,18-08-2026,50,06-08-2026 09:00
MED0039,LOC0010,WH-AP-010,B00390721,524,30-11-2026,75,06-08-2026 09:00
MED0021,LOC0010,WH-AP-010,B00210859,611,02-10-2027,50,06-08-2026 09:00
MED0073,LOC0010,WH-AP-010,B00730981,397,15-11-2028,20,06-08-2026 09:00
MED0031,LOC0010,WH-AP-010,B00311027,173,26-04-2027,30,06-08-2026 09:00
MED0111,LOC0010,WH-AP-010,B01111165,504,17-08-2026,50,06-08-2026 09:00
MED0050,LOC0010,WH-AP-010,B00501242,495,08-11-2027,50,06-08-2026 09:00
MED0087,LOC0010,WH-AP-010,B00871368,507,23-05-2027,30,06-08-2026 09:00
MED0070,LOC0010,WH-AP-010,B00701489,2027,10-10-2027,20,06-08-2026 09:00
MED0043,LOC0010,WH-AP-010,B00431593,337,18-01-2028,75,06-08-2026 09:00
MED0103,LOC0010,WH-AP-010,B01031635,3313,15-10-2028,100,06-08-2026 09:00
MED0114,LOC0010,WH-AP-010,B01141798,407,29-08-2027,75,06-08-2026 09:00
MED0095,LOC0010,WH-AP-010,B00951845,800,24-11-2027,75,06-08-2026 09:00
MED0018,LOC0010,WH-AP-010,B00181933,577,15-05-2028,75,06-08-2026 09:00
MED0089,LOC0010,WH-AP-010,B00892036,0,29-10-2028,100,06-08-2026 09:00
MED0093,LOC0010,WH-AP-010,B00932162,709,30-09-2026,75,06-08-2026 09:00
MED0011,LOC0010,WH-AP-010,B00112229,3240,08-09-2028,75,06-08-2026 09:00
MED0065,LOC0010,WH-AP-010,B00652371,75,08-07-2028,75,06-08-2026 09:00
MED0045,LOC0010,WH-AP-010,B00452463,518,12-10-2028,100,06-08-2026 09:00
MED0007,LOC0010,WH-AP-010,B00072578,0,22-10-2028,100,06-08-2026 09:00
MED0013,LOC0010,WH-AP-010,B00132694,87,22-08-2026,100,06-08-2026 09:00
MED0056,LOC0010,WH-AP-010,B00562796,627,21-02-2026,50,06-08-2026 09:00
MED0030,LOC0010,WH-AP-010,B00302823,339,18-01-2028,75,06-08-2026 09:00
MED0109,LOC0010,WH-AP-010,B01092981,2909,18-04-2028,20,06-08-2026 09:00
MED0044,LOC0010,WH-AP-010,B00443069,226,09-12-2027,100,06-08-2026 09:00
MED0078,LOC0010,WH-AP-010,B00783171,154,29-11-2026,100,06-08-2026 09:00
MED0079,LOC0010,WH-AP-010,B00793228,87,22-09-2026,20,06-08-2026 09:00
MED0077,LOC0010,WH-AP-010,B00773371,466,20-04-2028,50,06-08-2026 09:00
MED0110,LOC0010,WH-AP-010,B01103450,448,10-02-2028,50,06-08-2026 09:00
MED0039,LOC0011,WH-AP-011,B00390167,755,25-05-2027,75,06-08-2026 09:00
MED0006,LOC0011,WH-AP-011,B00060245,4,02-06-2027,100,06-08-2026 09:00
MED0104,LOC0011,WH-AP-011,B01040335,549,03-10-2027,20,06-08-2026 09:00
MED0091,LOC0011,WH-AP-011,B00910491,4747,27-04-2028,75,06-08-2026 09:00
MED0015,LOC0011,WH-AP-011,B00150554,625,28-02-2027,50,06-08-2026 09:00
MED0003,LOC0011,WH-AP-011,B00030648,632,23-09-2028,50,06-08-2026 09:00
MED0044,LOC0011,WH-AP-011,B00440740,688,14-08-2026,100,06-08-2026 09:00
MED0083,LOC0011,WH-AP-011,B00830859,3529,10-04-2028,50,06-08-2026 09:00
MED0014,LOC0011,WH-AP-011,B00140972,588,13-05-2027,75,06-08-2026 09:00
MED0087,LOC0011,WH-AP-011,B00871081,660,30-04-2027,100,06-08-2026 09:00
MED0103,LOC0011,WH-AP-011,B01031189,143,08-02-2028,30,06-08-2026 09:00
MED0022,LOC0011,WH-AP-011,B00221259,9,22-05-2027,20,06-08-2026 09:00
MED0095,LOC0011,WH-AP-011,B00951363,506,21-03-2028,100,06-08-2026 09:00
MED0032,LOC0011,WH-AP-011,B00321438,84,22-12-2028,75,06-08-2026 09:00
MED0067,LOC0011,WH-AP-011,B00671531,0,26-08-2027,50,06-08-2026 09:00
MED0023,LOC0011,WH-AP-011,B00231675,791,19-05-2028,75,06-08-2026 09:00
MED0071,LOC0011,WH-AP-011,B00711779,274,14-11-2027,20,06-08-2026 09:00
MED0021,LOC0011,WH-AP-011,B00211823,451,13-01-2028,20,06-08-2026 09:00
MED0043,LOC0011,WH-AP-011,B00431921,33,26-10-2027,30,06-08-2026 09:00
MED0072,LOC0011,WH-AP-011,B00722036,120,04-07-2027,75,06-08-2026 09:00
MED0055,LOC0011,WH-AP-011,B00552131,727,16-01-2028,100,06-08-2026 09:00
MED0060,LOC0011,WH-AP-011,B00602282,2846,03-01-2027,100,06-08-2026 09:00
MED0030,LOC0011,WH-AP-011,B00302347,611,01-10-2027,50,06-08-2026 09:00
MED0052,LOC0011,WH-AP-011,B00522422,526,29-09-2028,50,06-08-2026 09:00
MED0081,LOC0011,WH-AP-011,B00812593,421,14-08-2027,30,06-08-2026 09:00
MED0024,LOC0011,WH-AP-011,B00242651,135,01-11-2028,30,06-08-2026 09:00
MED0089,LOC0011,WH-AP-011,B00892783,692,29-03-2027,30,06-08-2026 09:00
MED0082,LOC0011,WH-AP-011,B00822821,384,13-08-2028,50,06-08-2026 09:00
MED0085,LOC0011,WH-AP-011,B00852968,284,16-11-2027,75,06-08-2026 09:00
MED0042,LOC0012,WH-AP-012,B00420139,312,16-12-2028,20,06-08-2026 09:00
MED0075,LOC0012,WH-AP-012,B00750271,720,20-08-2026,75,06-08-2026 09:00
MED0001,LOC0012,WH-AP-012,B00010311,2926,02-02-2028,20,06-08-2026 09:00
MED0100,LOC0012,WH-AP-012,B01000498,123,10-01-2028,20,06-08-2026 09:00
MED0109,LOC0012,WH-AP-012,B01090523,234,21-11-2028,30,06-08-2026 09:00
MED0094,LOC0012,WH-AP-012,B00940627,306,25-09-2026,20,06-08-2026 09:00
MED0012,LOC0012,WH-AP-012,B00120731,4307,20-02-2026,30,06-08-2026 09:00
MED0110,LOC0012,WH-AP-012,B01100862,218,08-04-2027,75,06-08-2026 09:00
MED0059,LOC0012,WH-AP-012,B00590927,222,13-08-2026,100,06-08-2026 09:00
MED0082,LOC0012,WH-AP-012,B00821050,393,17-01-2028,20,06-08-2026 09:00
MED0086,LOC0012,WH-AP-012,B00861186,660,11-09-2026,30,06-08-2026 09:00
MED0090,LOC0012,WH-AP-012,B00901213,291,11-10-2028,100,06-08-2026 09:00
MED0046,LOC0012,WH-AP-012,B00461360,621,08-12-2028,50,06-08-2026 09:00
MED0009,LOC0012,WH-AP-012,B00091440,245,27-02-2027,50,06-08-2026 09:00
MED0069,LOC0012,WH-AP-012,B00691556,72,16-11-2026,75,06-08-2026 09:00
MED0051,LOC0012,WH-AP-012,B00511697,4328,16-05-2028,50,06-08-2026 09:00
MED0028,LOC0012,WH-AP-012,B00281718,788,13-09-2026,30,06-08-2026 09:00
MED0055,LOC0012,WH-AP-012,B00551860,40,20-01-2029,20,06-08-2026 09:00
MED0098,LOC0012,WH-AP-012,B00981964,729,03-01-2028,100,06-08-2026 09:00
MED0064,LOC0012,WH-AP-012,B00642045,4197,09-04-2027,75,06-08-2026 09:00
MED0035,LOC0012,WH-AP-012,B00352178,523,12-04-2027,20,06-08-2026 09:00
MED0114,LOC0012,WH-AP-012,B01142297,649,30-08-2028,50,06-08-2026 09:00
MED0037,LOC0012,WH-AP-012,B00372317,447,06-07-2027,20,06-08-2026 09:00
MED0044,LOC0012,WH-AP-012,B00442487,3779,15-09-2026,30,06-08-2026 09:00
MED0071,LOC0012,WH-AP-012,B00712525,759,02-05-2027,20,06-08-2026 09:00
MED0074,LOC0012,WH-AP-012,B00742654,718,31-03-2026,20,06-08-2026 09:00
MED0017,LOC0012,WH-AP-012,B00172726,738,19-11-2027,100,06-08-2026 09:00
MED0073,LOC0012,WH-AP-012,B00732852,120,04-12-2026,50,06-08-2026 09:00
MED0063,LOC0012,WH-AP-012,B00632990,65,16-06-2028,75,06-08-2026 09:00
MED0091,LOC0012,WH-AP-012,B00913082,523,29-03-2028,20,06-08-2026 09:00
MED0007,LOC0012,WH-AP-012,B00073196,261,13-06-2028,30,06-08-2026 09:00
MED0006,LOC0012,WH-AP-012,B00063241,521,02-08-2026,20,06-08-2026 09:00
MED0013,LOC0012,WH-AP-012,B00133314,392,06-05-2027,20,06-08-2026 09:00
MED0081,LOC0012,WH-AP-012,B00813438,731,07-01-2028,100,06-08-2026 09:00
MED0106,LOC0012,WH-AP-012,B01063583,737,22-01-2027,50,06-08-2026 09:00
MED0003,LOC0012,WH-AP-012,B00033638,4757,06-05-2027,50,06-08-2026 09:00
MED0016,LOC0012,WH-AP-012,B00163746,410,05-09-2026,100,06-08-2026 09:00
MED0021,LOC0012,WH-AP-012,B00213835,566,16-11-2027,50,06-08-2026 09:00
MED0057,LOC0012,WH-AP-012,B00573969,311,10-07-2027,50,06-08-2026 09:00
MED0080,LOC0012,WH-AP-012,B00804035,505,06-01-2029,50,06-08-2026 09:00
MED0112,LOC0012,WH-AP-012,B01124113,251,28-12-2027,100,06-08-2026 09:00
MED0097,LOC0012,WH-AP-012,B00974252,651,13-11-2026,30,06-08-2026 09:00
MED0026,LOC0012,WH-AP-012,B00264349,385,17-11-2028,20,06-08-2026 09:00
MED0088,LOC0012,WH-AP-012,B00884428,243,04-01-2027,20,06-08-2026 09:00
MED0039,LOC0012,WH-AP-012,B00394562,2948,19-04-2028,50,06-08-2026 09:00
MED0077,LOC0012,WH-AP-012,B00774674,765,13-08-2026,50,06-08-2026 09:00
MED0036,LOC0012,WH-AP-012,B00364717,403,12-09-2026,30,06-08-2026 09:00
MED0108,LOC0012,WH-AP-012,B01084850,133,29-07-2027,75,06-08-2026 09:00
MED0047,LOC0012,WH-AP-012,B00474944,753,10-02-2028,75,06-08-2026 09:00
MED0033,LOC0012,WH-AP-012,B00335084,2830,25-09-2026,30,06-08-2026 09:00
MED0011,LOC0012,WH-AP-012,B00115162,168,21-09-2027,20,06-08-2026 09:00
MED0024,LOC0012,WH-AP-012,B00245269,788,15-09-2027,20,06-08-2026 09:00
MED0043,LOC0012,WH-AP-012,B00435348,92,06-10-2028,50,06-08-2026 09:00
MED0058,LOC0012,WH-AP-012,B00585428,0,05-10-2027,100,06-08-2026 09:00
MED0093,LOC0012,WH-AP-012,B00935596,364,24-12-2026,20,06-08-2026 09:00
MED0095,LOC0012,WH-AP-012,B00955667,178,24-04-2026,50,06-08-2026 09:00
MED0096,LOC0013,WH-AP-013,B00960145,563,01-02-2027,50,06-08-2026 09:00
MED0071,LOC0013,WH-AP-013,B00710241,2816,25-04-2028,75,06-08-2026 09:00
MED0032,LOC0013,WH-AP-013,B00320371,391,06-11-2027,100,06-08-2026 09:00
MED0013,LOC0013,WH-AP-013,B00130451,352,01-04-2028,100,06-08-2026 09:00
MED0060,LOC0013,WH-AP-013,B00600513,26,16-06-2027,75,06-08-2026 09:00
MED0014,LOC0013,WH-AP-013,B00140655,0,29-04-2028,50,06-08-2026 09:00
MED0103,LOC0013,WH-AP-013,B01030740,163,18-09-2026,100,06-08-2026 09:00
MED0102,LOC0013,WH-AP-013,B01020883,754,21-08-2026,50,06-08-2026 09:00
MED0018,LOC0013,WH-AP-013,B00180950,177,02-07-2028,75,06-08-2026 09:00
MED0016,LOC0013,WH-AP-013,B00161082,28,30-10-2027,50,06-08-2026 09:00
MED0002,LOC0013,WH-AP-013,B00021179,192,22-03-2028,100,06-08-2026 09:00
MED0008,LOC0013,WH-AP-013,B00081287,38,21-08-2026,50,06-08-2026 09:00
MED0100,LOC0013,WH-AP-013,B01001388,0,09-10-2027,30,06-08-2026 09:00
MED0029,LOC0013,WH-AP-013,B00291417,348,01-10-2027,30,06-08-2026 09:00
MED0017,LOC0013,WH-AP-013,B00171524,721,04-01-2029,20,06-08-2026 09:00
MED0026,LOC0013,WH-AP-013,B00261660,74,12-09-2028,100,06-08-2026 09:00
MED0052,LOC0013,WH-AP-013,B00521765,3236,14-04-2027,100,06-08-2026 09:00
MED0048,LOC0013,WH-AP-013,B00481898,178,01-06-2028,75,06-08-2026 09:00
MED0088,LOC0013,WH-AP-013,B00881958,228,02-05-2027,100,06-08-2026 09:00
MED0081,LOC0013,WH-AP-013,B00812010,301,22-09-2026,50,06-08-2026 09:00
MED0083,LOC0013,WH-AP-013,B00832133,789,07-12-2026,100,06-08-2026 09:00
MED0011,LOC0013,WH-AP-013,B00112223,626,05-06-2028,100,06-08-2026 09:00
MED0075,LOC0013,WH-AP-013,B00752350,763,29-08-2026,75,06-08-2026 09:00
MED0076,LOC0013,WH-AP-013,B00762491,90,20-09-2028,30,06-08-2026 09:00
MED0034,LOC0013,WH-AP-013,B00342518,271,13-10-2028,50,06-08-2026 09:00
MED0010,LOC0013,WH-AP-013,B00102659,110,23-12-2026,50,06-08-2026 09:00
MED0003,LOC0013,WH-AP-013,B00032758,170,22-03-2028,75,06-08-2026 09:00
MED0009,LOC0013,WH-AP-013,B00092883,103,19-01-2029,50,06-08-2026 09:00
MED0099,LOC0013,WH-AP-013,B00992947,75,08-12-2026,30,06-08-2026 09:00
MED0094,LOC0013,WH-AP-013,B00943058,107,17-08-2026,20,06-08-2026 09:00
MED0057,LOC0013,WH-AP-013,B00573153,560,07-02-2027,30,06-08-2026 09:00
MED0107,LOC0013,WH-AP-013,B01073293,494,19-01-2028,100,06-08-2026 09:00
MED0012,LOC0013,WH-AP-013,B00123352,444,15-02-2027,30,06-08-2026 09:00
MED0043,LOC0013,WH-AP-013,B00433479,419,12-11-2028,30,06-08-2026 09:00
MED0105,LOC0013,WH-AP-013,B01053560,304,24-12-2026,50,06-08-2026 09:00
MED0006,LOC0013,WH-AP-013,B00063610,502,08-11-2027,100,06-08-2026 09:00
MED0110,LOC0013,WH-AP-013,B01103735,4711,09-03-2028,75,06-08-2026 09:00
MED0007,LOC0013,WH-AP-013,B00073820,0,29-08-2027,20,06-08-2026 09:00
MED0022,LOC0013,WH-AP-013,B00223972,315,29-02-2028,75,06-08-2026 09:00
MED0074,LOC0013,WH-AP-013,B00744058,4228,18-11-2027,50,06-08-2026 09:00
MED0056,LOC0013,WH-AP-013,B00564143,45,23-02-2028,50,06-08-2026 09:00
MED0051,LOC0013,WH-AP-013,B00514299,577,24-09-2026,30,06-08-2026 09:00
MED0064,LOC0013,WH-AP-013,B00644385,3408,01-01-2028,20,06-08-2026 09:00
MED0004,LOC0013,WH-AP-013,B00044478,396,06-01-2028,30,06-08-2026 09:00
MED0049,LOC0013,WH-AP-013,B00494560,241,23-01-2027,75,06-08-2026 09:00
MED0055,LOC0013,WH-AP-013,B00554689,529,27-09-2028,20,06-08-2026 09:00
MED0023,LOC0013,WH-AP-013,B00234737,3839,24-04-2027,30,06-08-2026 09:00
MED0046,LOC0013,WH-AP-013,B00464865,3734,19-09-2026,30,06-08-2026 09:00
MED0028,LOC0013,WH-AP-013,B00284943,642,14-09-2026,30,06-08-2026 09:00
MED0024,LOC0013,WH-AP-013,B00245060,68,11-09-2026,50,06-08-2026 09:00
MED0036,LOC0013,WH-AP-013,B00365199,282,16-11-2026,100,06-08-2026 09:00
MED0106,LOC0013,WH-AP-013,B01065229,800,02-01-2028,100,06-08-2026 09:00
MED0101,LOC0013,WH-AP-013,B01015323,596,14-02-2027,30,06-08-2026 09:00
MED0084,LOC0013,WH-AP-013,B00845462,292,22-10-2027,100,06-08-2026 09:00
MED0089,LOC0013,WH-AP-013,B00895514,497,02-03-2028,50,06-08-2026 09:00
MED0114,LOC0013,WH-AP-013,B01145698,147,01-10-2028,30,06-08-2026 09:00
MED0040,LOC0013,WH-AP-013,B00405798,0,09-10-2027,75,06-08-2026 09:00
MED0058,LOC0013,WH-AP-013,B00585857,0,06-08-2027,30,06-08-2026 09:00
MED0061,LOC0013,WH-AP-013,B00615999,310,21-03-2028,20,06-08-2026 09:00
MED0080,LOC0013,WH-AP-013,B00806066,233,23-09-2026,20,06-08-2026 09:00
MED0035,LOC0014,WH-AP-014,B00350185,456,03-03-2028,50,06-08-2026 09:00
MED0094,LOC0014,WH-AP-014,B00940298,167,26-07-2027,100,06-08-2026 09:00
MED0054,LOC0014,WH-AP-014,B00540337,395,12-03-2026,20,06-08-2026 09:00
MED0078,LOC0014,WH-AP-014,B00780462,693,01-09-2028,30,06-08-2026 09:00
MED0083,LOC0014,WH-AP-014,B00830597,0,28-12-2028,100,06-08-2026 09:00
MED0012,LOC0014,WH-AP-014,B00120611,135,11-07-2028,20,06-08-2026 09:00
MED0025,LOC0014,WH-AP-014,B00250792,312,30-10-2028,30,06-08-2026 09:00
MED0057,LOC0014,WH-AP-014,B00570842,385,17-02-2028,50,06-08-2026 09:00
MED0028,LOC0014,WH-AP-014,B00280960,693,03-08-2028,30,06-08-2026 09:00
MED0053,LOC0014,WH-AP-014,B00531081,4095,22-11-2027,100,06-08-2026 09:00
MED0095,LOC0014,WH-AP-014,B00951118,305,11-03-2028,100,06-08-2026 09:00
MED0063,LOC0014,WH-AP-014,B00631243,655,14-08-2027,50,06-08-2026 09:00
MED0098,LOC0014,WH-AP-014,B00981386,529,01-01-2027,50,06-08-2026 09:00
MED0067,LOC0014,WH-AP-014,B00671493,697,08-08-2026,75,06-08-2026 09:00
MED0048,LOC0014,WH-AP-014,B00481559,265,23-12-2027,75,06-08-2026 09:00
MED0008,LOC0014,WH-AP-014,B00081638,585,21-10-2027,20,06-08-2026 09:00
MED0066,LOC0014,WH-AP-014,B00661755,487,21-09-2028,100,06-08-2026 09:00
MED0021,LOC0014,WH-AP-014,B00211833,174,28-05-2028,100,06-08-2026 09:00
MED0009,LOC0014,WH-AP-014,B00091981,2524,15-11-2028,50,06-08-2026 09:00
MED0040,LOC0014,WH-AP-014,B00402055,343,19-06-2027,30,06-08-2026 09:00
MED0091,LOC0014,WH-AP-014,B00912157,314,09-10-2027,30,06-08-2026 09:00
MED0065,LOC0014,WH-AP-014,B00652216,474,28-02-2028,50,06-08-2026 09:00
MED0052,LOC0014,WH-AP-014,B00522334,635,02-10-2026,100,06-08-2026 09:00
MED0018,LOC0014,WH-AP-014,B00182462,4788,05-09-2027,100,06-08-2026 09:00
MED0068,LOC0014,WH-AP-014,B00682553,154,19-08-2026,20,06-08-2026 09:00
MED0073,LOC0014,WH-AP-014,B00732633,468,01-10-2026,75,06-08-2026 09:00
MED0004,LOC0014,WH-AP-014,B00042791,646,20-09-2027,20,06-08-2026 09:00
MED0023,LOC0014,WH-AP-014,B00232831,0,22-12-2028,20,06-08-2026 09:00
MED0108,LOC0014,WH-AP-014,B01082921,501,10-01-2029,100,06-08-2026 09:00
MED0026,LOC0014,WH-AP-014,B00263071,648,17-01-2028,30,06-08-2026 09:00
MED0099,LOC0014,WH-AP-014,B00993157,0,21-11-2028,75,06-08-2026 09:00
MED0032,LOC0014,WH-AP-014,B00323212,775,18-05-2027,20,06-08-2026 09:00
MED0005,LOC0014,WH-AP-014,B00053349,254,22-10-2027,20,06-08-2026 09:00
MED0059,LOC0014,WH-AP-014,B00593418,4061,24-04-2027,30,06-08-2026 09:00
MED0007,LOC0014,WH-AP-014,B00073586,297,19-04-2028,20,06-08-2026 09:00
MED0047,LOC0014,WH-AP-014,B00473672,703,20-10-2027,100,06-08-2026 09:00
MED0085,LOC0014,WH-AP-014,B00853712,168,22-12-2027,50,06-08-2026 09:00
MED0036,LOC0014,WH-AP-014,B00363885,134,26-11-2026,30,06-08-2026 09:00
MED0100,LOC0014,WH-AP-014,B01003958,375,12-12-2026,100,06-08-2026 09:00
MED0060,LOC0014,WH-AP-014,B00604094,638,24-07-2026,50,06-08-2026 09:00
MED0093,LOC0014,WH-AP-014,B00934163,20,07-07-2026,20,06-08-2026 09:00
MED0051,LOC0014,WH-AP-014,B00514229,560,22-10-2028,75,06-08-2026 09:00
MED0016,LOC0014,WH-AP-014,B00164394,645,20-04-2026,30,06-08-2026 09:00
MED0088,LOC0014,WH-AP-014,B00884427,276,21-10-2028,20,06-08-2026 09:00
MED0031,LOC0014,WH-AP-014,B00314525,107,28-07-2028,75,06-08-2026 09:00
MED0015,LOC0015,WH-AP-015,B00150196,40,07-11-2027,20,06-08-2026 09:00
MED0101,LOC0015,WH-AP-015,B01010215,118,24-09-2026,50,06-08-2026 09:00
MED0014,LOC0015,WH-AP-015,B00140355,679,06-10-2027,20,06-08-2026 09:00
MED0064,LOC0015,WH-AP-015,B00640457,274,07-02-2027,75,06-08-2026 09:00
MED0026,LOC0015,WH-AP-015,B00260544,410,14-02-2028,50,06-08-2026 09:00
MED0078,LOC0015,WH-AP-015,B00780631,489,29-08-2028,75,06-08-2026 09:00
MED0110,LOC0015,WH-AP-015,B01100730,4975,30-09-2026,20,06-08-2026 09:00
MED0100,LOC0015,WH-AP-015,B01000896,604,08-06-2028,20,06-08-2026 09:00
MED0034,LOC0015,WH-AP-015,B00340913,388,22-07-2028,75,06-08-2026 09:00
MED0067,LOC0015,WH-AP-015,B00671066,499,02-09-2026,30,06-08-2026 09:00
MED0108,LOC0015,WH-AP-015,B01081196,4682,25-10-2028,20,06-08-2026 09:00
MED0046,LOC0015,WH-AP-015,B00461295,590,21-06-2027,100,06-08-2026 09:00
MED0091,LOC0015,WH-AP-015,B00911365,704,09-02-2027,50,06-08-2026 09:00
MED0053,LOC0015,WH-AP-015,B00531429,679,03-12-2027,30,06-08-2026 09:00
MED0038,LOC0015,WH-AP-015,B00381530,627,17-09-2026,100,06-08-2026 09:00
MED0021,LOC0015,WH-AP-015,B00211672,507,19-01-2027,100,06-08-2026 09:00
MED0006,LOC0015,WH-AP-015,B00061780,284,21-08-2026,50,06-08-2026 09:00
MED0071,LOC0015,WH-AP-015,B00711883,240,04-09-2026,75,06-08-2026 09:00
MED0111,LOC0015,WH-AP-015,B01111973,4041,05-03-2027,75,06-08-2026 09:00
MED0027,LOC0015,WH-AP-015,B00272010,3688,18-03-2026,20,06-08-2026 09:00
MED0089,LOC0015,WH-AP-015,B00892181,633,07-04-2028,20,06-08-2026 09:00
MED0062,LOC0015,WH-AP-015,B00622216,467,11-11-2027,30,06-08-2026 09:00
MED0043,LOC0015,WH-AP-015,B00432386,339,30-07-2028,30,06-08-2026 09:00
MED0031,LOC0015,WH-AP-015,B00312422,372,28-02-2027,75,06-08-2026 09:00
MED0001,LOC0015,WH-AP-015,B00012547,0,13-08-2028,30,06-08-2026 09:00
MED0002,LOC0015,WH-AP-015,B00022631,718,03-10-2026,100,06-08-2026 09:00
MED0086,LOC0015,WH-AP-015,B00862723,734,28-12-2027,75,06-08-2026 09:00
MED0012,LOC0015,WH-AP-015,B00122860,192,30-09-2026,50,06-08-2026 09:00
MED0114,LOC0015,WH-AP-015,B01142923,800,16-10-2027,30,06-08-2026 09:00
MED0074,LOC0015,WH-AP-015,B00743085,0,22-09-2028,75,06-08-2026 09:00
MED0096,LOC0015,WH-AP-015,B00963174,461,29-06-2028,20,06-08-2026 09:00
MED0020,LOC0015,WH-AP-015,B00203280,4,23-12-2026,30,06-08-2026 09:00
MED0087,LOC0015,WH-AP-015,B00873332,494,11-01-2029,75,06-08-2026 09:00
MED0066,LOC0015,WH-AP-015,B00663486,131,18-09-2026,100,06-08-2026 09:00
MED0010,LOC0015,WH-AP-015,B00103587,516,06-01-2028,100,06-08-2026 09:00
MED0013,LOC0015,WH-AP-015,B00133627,351,10-02-2028,30,06-08-2026 09:00
MED0033,LOC0015,WH-AP-015,B00333748,716,11-04-2028,30,06-08-2026 09:00
MED0030,LOC0015,WH-AP-015,B00303890,728,23-05-2028,100,06-08-2026 09:00
MED0059,LOC0015,WH-AP-015,B00593954,639,07-10-2028,30,06-08-2026 09:00
MED0107,LOC0015,WH-AP-015,B01074074,665,05-05-2027,30,06-08-2026 09:00
MED0106,LOC0015,WH-AP-015,B01064155,330,22-12-2028,100,06-08-2026 09:00
MED0060,LOC0015,WH-AP-015,B00604263,584,31-10-2028,100,06-08-2026 09:00
MED0007,LOC0015,WH-AP-015,B00074323,432,22-04-2028,100,06-08-2026 09:00
MED0049,LOC0016,WH-AP-016,B00490199,574,10-04-2028,30,06-08-2026 09:00
MED0019,LOC0016,WH-AP-016,B00190263,48,05-12-2027,50,06-08-2026 09:00
MED0007,LOC0016,WH-AP-016,B00070335,55,02-06-2026,50,06-08-2026 09:00
MED0086,LOC0016,WH-AP-016,B00860492,453,13-08-2028,100,06-08-2026 09:00
MED0008,LOC0016,WH-AP-016,B00080534,559,24-05-2027,50,06-08-2026 09:00
MED0026,LOC0016,WH-AP-016,B00260675,699,18-08-2026,50,06-08-2026 09:00
MED0035,LOC0016,WH-AP-016,B00350726,438,01-08-2027,20,06-08-2026 09:00
MED0097,LOC0016,WH-AP-016,B00970829,261,08-04-2026,30,06-08-2026 09:00
MED0101,LOC0016,WH-AP-016,B01010990,330,04-01-2029,20,06-08-2026 09:00
MED0021,LOC0016,WH-AP-016,B00211080,308,12-06-2028,100,06-08-2026 09:00
MED0037,LOC0016,WH-AP-016,B00371133,4898,17-06-2027,50,06-08-2026 09:00
MED0088,LOC0016,WH-AP-016,B00881278,4069,13-05-2028,100,06-08-2026 09:00
MED0033,LOC0016,WH-AP-016,B00331352,2906,13-09-2028,75,06-08-2026 09:00
MED0113,LOC0016,WH-AP-016,B01131477,223,29-07-2028,50,06-08-2026 09:00
MED0110,LOC0016,WH-AP-016,B01101524,770,13-11-2026,75,06-08-2026 09:00
MED0089,LOC0016,WH-AP-016,B00891641,657,01-08-2028,50,06-08-2026 09:00
MED0038,LOC0016,WH-AP-016,B00381759,328,28-02-2027,20,06-08-2026 09:00
MED0027,LOC0016,WH-AP-016,B00271857,289,26-03-2026,50,06-08-2026 09:00
MED0070,LOC0016,WH-AP-016,B00701993,456,03-09-2027,100,06-08-2026 09:00
MED0005,LOC0016,WH-AP-016,B00052078,84,24-04-2027,30,06-08-2026 09:00
MED0046,LOC0016,WH-AP-016,B00462190,0,18-09-2026,100,06-08-2026 09:00
MED0058,LOC0016,WH-AP-016,B00582278,434,02-06-2027,30,06-08-2026 09:00
MED0014,LOC0016,WH-AP-016,B00142313,73,10-04-2027,75,06-08-2026 09:00
MED0079,LOC0016,WH-AP-016,B00792432,38,10-08-2026,75,06-08-2026 09:00
MED0087,LOC0016,WH-AP-016,B00872562,588,26-07-2027,50,06-08-2026 09:00
MED0072,LOC0016,WH-AP-016,B00722659,414,21-11-2026,75,06-08-2026 09:00
MED0069,LOC0017,WH-AP-017,B00690192,649,19-09-2026,100,06-08-2026 09:00
MED0001,LOC0017,WH-AP-017,B00010228,11,25-05-2028,50,06-08-2026 09:00
MED0083,LOC0017,WH-AP-017,B00830378,0,12-12-2027,20,06-08-2026 09:00
MED0093,LOC0017,WH-AP-017,B00930454,312,02-12-2028,100,06-08-2026 09:00
MED0080,LOC0017,WH-AP-017,B00800530,661,29-03-2027,30,06-08-2026 09:00
MED0009,LOC0017,WH-AP-017,B00090695,258,08-05-2027,30,06-08-2026 09:00
MED0097,LOC0017,WH-AP-017,B00970769,769,19-05-2028,100,06-08-2026 09:00
MED0096,LOC0017,WH-AP-017,B00960835,4751,13-08-2026,100,06-08-2026 09:00
MED0075,LOC0017,WH-AP-017,B00750993,338,21-09-2028,100,06-08-2026 09:00
MED0006,LOC0017,WH-AP-017,B00061050,4537,19-08-2026,30,06-08-2026 09:00
MED0090,LOC0017,WH-AP-017,B00901184,631,14-10-2028,75,06-08-2026 09:00
MED0010,LOC0017,WH-AP-017,B00101231,373,16-01-2028,30,06-08-2026 09:00
MED0046,LOC0017,WH-AP-017,B00461365,226,21-08-2028,20,06-08-2026 09:00
MED0065,LOC0017,WH-AP-017,B00651471,137,09-10-2027,50,06-08-2026 09:00
MED0014,LOC0017,WH-AP-017,B00141523,793,21-05-2028,75,06-08-2026 09:00
MED0038,LOC0017,WH-AP-017,B00381678,83,27-03-2027,30,06-08-2026 09:00
MED0088,LOC0017,WH-AP-017,B00881712,641,11-08-2026,30,06-08-2026 09:00
MED0039,LOC0017,WH-AP-017,B00391885,595,30-12-2028,100,06-08-2026 09:00
MED0078,LOC0017,WH-AP-017,B00781970,564,09-05-2028,30,06-08-2026 09:00
MED0012,LOC0017,WH-AP-017,B00122047,228,29-06-2028,30,06-08-2026 09:00
MED0037,LOC0017,WH-AP-017,B00372174,522,30-08-2026,30,06-08-2026 09:00
MED0057,LOC0017,WH-AP-017,B00572275,628,18-12-2028,20,06-08-2026 09:00
MED0049,LOC0017,WH-AP-017,B00492394,183,05-06-2028,30,06-08-2026 09:00
MED0051,LOC0017,WH-AP-017,B00512438,495,15-12-2026,30,06-08-2026 09:00
MED0085,LOC0017,WH-AP-017,B00852595,270,17-12-2026,75,06-08-2026 09:00
MED0004,LOC0017,WH-AP-017,B00042615,369,12-02-2028,30,06-08-2026 09:00
MED0061,LOC0017,WH-AP-017,B00612791,331,09-09-2026,20,06-08-2026 09:00
MED0021,LOC0017,WH-AP-017,B00212832,269,09-06-2028,50,06-08-2026 09:00
MED0114,LOC0017,WH-AP-017,B01142976,374,22-01-2027,75,06-08-2026 09:00
MED0029,LOC0017,WH-AP-017,B00293054,228,31-10-2027,50,06-08-2026 09:00
MED0018,LOC0017,WH-AP-017,B00183166,618,01-07-2026,75,06-08-2026 09:00
MED0091,LOC0017,WH-AP-017,B00913229,526,08-06-2027,30,06-08-2026 09:00
MED0021,LOC0018,WH-AP-018,B00210186,184,24-12-2027,30,06-08-2026 09:00
MED0047,LOC0018,WH-AP-018,B00470220,736,21-08-2027,100,06-08-2026 09:00
MED0078,LOC0018,WH-AP-018,B00780338,482,27-04-2027,30,06-08-2026 09:00
MED0092,LOC0018,WH-AP-018,B00920489,596,09-05-2027,75,06-08-2026 09:00
MED0105,LOC0018,WH-AP-018,B01050586,741,11-02-2028,100,06-08-2026 09:00
MED0016,LOC0018,WH-AP-018,B00160612,3549,23-02-2027,100,06-08-2026 09:00
MED0085,LOC0018,WH-AP-018,B00850787,516,06-04-2027,30,06-08-2026 09:00
MED0030,LOC0018,WH-AP-018,B00300878,629,14-01-2029,20,06-08-2026 09:00
MED0054,LOC0018,WH-AP-018,B00540987,95,17-03-2027,100,06-08-2026 09:00
MED0104,LOC0018,WH-AP-018,B01041076,793,19-01-2028,100,06-08-2026 09:00
MED0043,LOC0018,WH-AP-018,B00431139,44,17-01-2028,75,06-08-2026 09:00
MED0093,LOC0018,WH-AP-018,B00931299,390,02-12-2028,75,06-08-2026 09:00
MED0015,LOC0018,WH-AP-018,B00151339,2548,27-12-2028,100,06-08-2026 09:00
MED0062,LOC0018,WH-AP-018,B00621410,556,16-05-2027,20,06-08-2026 09:00
MED0087,LOC0018,WH-AP-018,B00871593,120,23-11-2027,20,06-08-2026 09:00
MED0101,LOC0018,WH-AP-018,B01011629,323,21-02-2027,30,06-08-2026 09:00
MED0099,LOC0018,WH-AP-018,B00991764,259,05-05-2028,75,06-08-2026 09:00
MED0027,LOC0018,WH-AP-018,B00271836,282,15-12-2027,100,06-08-2026 09:00
MED0076,LOC0018,WH-AP-018,B00761981,570,18-11-2027,75,06-08-2026 09:00
MED0114,LOC0018,WH-AP-018,B01142060,314,04-01-2029,100,06-08-2026 09:00
MED0083,LOC0018,WH-AP-018,B00832167,675,21-08-2026,30,06-08-2026 09:00
MED0053,LOC0018,WH-AP-018,B00532280,4082,16-10-2027,30,06-08-2026 09:00
MED0003,LOC0018,WH-AP-018,B00032391,723,31-08-2026,100,06-08-2026 09:00
MED0032,LOC0018,WH-AP-018,B00322465,148,10-07-2028,20,06-08-2026 09:00
MED0006,LOC0018,WH-AP-018,B00062514,2908,19-07-2028,20,06-08-2026 09:00
MED0017,LOC0018,WH-AP-018,B00172646,410,20-04-2028,75,06-08-2026 09:00
MED0074,LOC0018,WH-AP-018,B00742791,0,02-05-2027,100,06-08-2026 09:00
MED0096,LOC0018,WH-AP-018,B00962846,206,17-04-2028,75,06-08-2026 09:00
MED0095,LOC0018,WH-AP-018,B00952999,0,15-04-2028,30,06-08-2026 09:00
MED0018,LOC0018,WH-AP-018,B00183093,690,05-06-2026,30,06-08-2026 09:00
MED0081,LOC0018,WH-AP-018,B00813161,88,10-01-2029,20,06-08-2026 09:00
MED0066,LOC0018,WH-AP-018,B00663211,415,17-04-2028,50,06-08-2026 09:00
MED0090,LOC0018,WH-AP-018,B00903384,562,29-05-2028,20,06-08-2026 09:00
MED0088,LOC0018,WH-AP-018,B00883468,283,22-05-2027,50,06-08-2026 09:00
MED0019,LOC0018,WH-AP-018,B00193523,267,05-04-2028,75,06-08-2026 09:00
MED0008,LOC0018,WH-AP-018,B00083675,3205,03-03-2027,100,06-08-2026 09:00
MED0113,LOC0019,WH-AP-019,B01130137,182,01-11-2027,20,06-08-2026 09:00
MED0069,LOC0019,WH-AP-019,B00690273,764,17-05-2027,100,06-08-2026 09:00
MED0105,LOC0019,WH-AP-019,B01050339,247,03-06-2027,30,06-08-2026 09:00
MED0102,LOC0019,WH-AP-019,B01020423,633,09-01-2029,30,06-08-2026 09:00
MED0074,LOC0019,WH-AP-019,B00740588,692,22-03-2028,20,06-08-2026 09:00
MED0033,LOC0019,WH-AP-019,B00330657,554,11-03-2028,20,06-08-2026 09:00
MED0089,LOC0019,WH-AP-019,B00890733,588,20-03-2028,100,06-08-2026 09:00
MED0057,LOC0019,WH-AP-019,B00570816,227,15-03-2027,100,06-08-2026 09:00
MED0049,LOC0019,WH-AP-019,B00490974,489,07-12-2026,100,06-08-2026 09:00
MED0073,LOC0019,WH-AP-019,B00731025,702,15-02-2028,50,06-08-2026 09:00
MED0062,LOC0019,WH-AP-019,B00621136,705,14-02-2026,100,06-08-2026 09:00
MED0099,LOC0019,WH-AP-019,B00991233,333,27-07-2027,75,06-08-2026 09:00
MED0032,LOC0019,WH-AP-019,B00321353,275,23-07-2028,100,06-08-2026 09:00
MED0097,LOC0019,WH-AP-019,B00971457,434,21-10-2028,50,06-08-2026 09:00
MED0044,LOC0019,WH-AP-019,B00441526,286,11-06-2028,50,06-08-2026 09:00
MED0059,LOC0019,WH-AP-019,B00591681,102,03-07-2027,100,06-08-2026 09:00
MED0088,LOC0019,WH-AP-019,B00881729,200,23-09-2026,75,06-08-2026 09:00
MED0103,LOC0019,WH-AP-019,B01031890,180,21-03-2027,75,06-08-2026 09:00
MED0076,LOC0019,WH-AP-019,B00761942,323,07-09-2027,100,06-08-2026 09:00
MED0004,LOC0019,WH-AP-019,B00042030,48,11-10-2028,100,06-08-2026 09:00
MED0104,LOC0019,WH-AP-019,B01042122,260,09-08-2028,20,06-08-2026 09:00
MED0015,LOC0019,WH-AP-019,B00152281,266,30-05-2028,75,06-08-2026 09:00
MED0034,LOC0019,WH-AP-019,B00342396,421,01-10-2026,50,06-08-2026 09:00
MED0009,LOC0019,WH-AP-019,B00092432,589,08-05-2028,100,06-08-2026 09:00
MED0106,LOC0019,WH-AP-019,B01062567,689,05-01-2029,50,06-08-2026 09:00
MED0082,LOC0019,WH-AP-019,B00822631,293,01-04-2027,20,06-08-2026 09:00
MED0029,LOC0019,WH-AP-019,B00292720,627,16-01-2027,50,06-08-2026 09:00
MED0087,LOC0019,WH-AP-019,B00872844,321,29-08-2027,30,06-08-2026 09:00
MED0030,LOC0019,WH-AP-019,B00302956,277,11-01-2029,100,06-08-2026 09:00
MED0041,LOC0019,WH-AP-019,B00413012,461,11-05-2027,100,06-08-2026 09:00
MED0053,LOC0019,WH-AP-019,B00533199,677,04-12-2028,30,06-08-2026 09:00
MED0046,LOC0019,WH-AP-019,B00463270,406,11-08-2026,20,06-08-2026 09:00
MED0067,LOC0019,WH-AP-019,B00673320,0,23-04-2028,100,06-08-2026 09:00
MED0114,LOC0019,WH-AP-019,B01143459,159,05-10-2026,20,06-08-2026 09:00
MED0002,LOC0019,WH-AP-019,B00023526,755,06-08-2028,50,06-08-2026 09:00
MED0092,LOC0019,WH-AP-019,B00923655,174,17-02-2026,30,06-08-2026 09:00
MED0111,LOC0019,WH-AP-019,B01113744,478,10-05-2028,50,06-08-2026 09:00
MED0037,LOC0019,WH-AP-019,B00373886,714,01-07-2028,100,06-08-2026 09:00
MED0012,LOC0019,WH-AP-019,B00123977,651,23-01-2028,75,06-08-2026 09:00
MED0052,LOC0019,WH-AP-019,B00524021,355,24-06-2027,100,06-08-2026 09:00
MED0100,LOC0019,WH-AP-019,B01004111,422,10-09-2027,75,06-08-2026 09:00
MED0067,LOC0020,WH-A-001,B00670192,255,27-11-2028,100,06-08-2026 09:00
MED0105,LOC0020,WH-A-001,B01050290,225,10-01-2028,75,06-08-2026 09:00
MED0098,LOC0020,WH-A-001,B00980344,627,05-10-2028,30,06-08-2026 09:00
MED0109,LOC0020,WH-A-001,B01090434,544,31-12-2027,50,06-08-2026 09:00
MED0018,LOC0020,WH-A-001,B00180589,296,05-09-2026,20,06-08-2026 09:00
MED0045,LOC0020,WH-A-001,B00450612,637,28-09-2027,75,06-08-2026 09:00
MED0037,LOC0020,WH-A-001,B00370723,0,13-05-2027,30,06-08-2026 09:00
MED0061,LOC0020,WH-A-001,B00610839,732,12-11-2026,50,06-08-2026 09:00
MED0069,LOC0020,WH-A-001,B00690949,505,08-01-2028,20,06-08-2026 09:00
MED0002,LOC0020,WH-A-001,B00021052,474,06-12-2026,75,06-08-2026 09:00
MED0089,LOC0020,WH-A-001,B00891160,149,25-09-2026,20,06-08-2026 09:00
MED0063,LOC0020,WH-A-001,B00631258,185,18-07-2027,20,06-08-2026 09:00
MED0097,LOC0020,WH-A-001,B00971366,4927,01-01-2029,20,06-08-2026 09:00
MED0062,LOC0020,WH-A-001,B00621422,34,25-11-2028,30,06-08-2026 09:00
MED0039,LOC0020,WH-A-001,B00391549,213,01-10-2028,100,06-08-2026 09:00
MED0113,LOC0020,WH-A-001,B01131676,745,18-03-2026,50,06-08-2026 09:00
MED0056,LOC0020,WH-A-001,B00561716,653,08-11-2027,20,06-08-2026 09:00
MED0038,LOC0020,WH-A-001,B00381811,241,02-10-2027,30,06-08-2026 09:00
MED0077,LOC0020,WH-A-001,B00771941,598,26-09-2026,30,06-08-2026 09:00
MED0030,LOC0020,WH-A-001,B00302098,595,04-03-2028,20,06-08-2026 09:00
MED0001,LOC0020,WH-A-001,B00012173,789,17-08-2026,100,06-08-2026 09:00
MED0071,LOC0020,WH-A-001,B00712290,346,20-12-2028,20,06-08-2026 09:00
MED0048,LOC0020,WH-A-001,B00482378,0,22-10-2028,20,06-08-2026 09:00
MED0025,LOC0020,WH-A-001,B00252492,2953,28-05-2028,20,06-08-2026 09:00
MED0053,LOC0020,WH-A-001,B00532598,449,25-11-2026,50,06-08-2026 09:00
MED0046,LOC0021,WH-A-002,B00460122,419,25-02-2027,100,06-08-2026 09:00
MED0093,LOC0021,WH-A-002,B00930232,44,16-03-2027,100,06-08-2026 09:00
MED0018,LOC0021,WH-A-002,B00180383,497,06-12-2026,20,06-08-2026 09:00
MED0033,LOC0021,WH-A-002,B00330442,538,30-06-2028,75,06-08-2026 09:00
MED0006,LOC0021,WH-A-002,B00060536,620,17-11-2026,20,06-08-2026 09:00
MED0063,LOC0021,WH-A-002,B00630617,81,19-08-2028,75,06-08-2026 09:00
MED0091,LOC0021,WH-A-002,B00910717,425,29-10-2028,50,06-08-2026 09:00
MED0057,LOC0021,WH-A-002,B00570819,41,11-09-2027,100,06-08-2026 09:00
MED0072,LOC0021,WH-A-002,B00720978,99,21-08-2026,30,06-08-2026 09:00
MED0038,LOC0021,WH-A-002,B00381090,538,09-06-2028,75,06-08-2026 09:00
MED0070,LOC0021,WH-A-002,B00701191,571,20-02-2027,30,06-08-2026 09:00
MED0090,LOC0021,WH-A-002,B00901223,469,15-01-2028,100,06-08-2026 09:00
MED0109,LOC0021,WH-A-002,B01091394,563,15-10-2027,30,06-08-2026 09:00
MED0025,LOC0021,WH-A-002,B00251450,614,30-10-2027,30,06-08-2026 09:00
MED0073,LOC0021,WH-A-002,B00731591,332,31-12-2027,100,06-08-2026 09:00
MED0024,LOC0021,WH-A-002,B00241679,331,02-06-2028,75,06-08-2026 09:00
MED0104,LOC0021,WH-A-002,B01041756,563,22-07-2027,30,06-08-2026 09:00
MED0045,LOC0021,WH-A-002,B00451846,406,28-07-2026,75,06-08-2026 09:00
MED0042,LOC0021,WH-A-002,B00421948,0,02-10-2026,100,06-08-2026 09:00
MED0094,LOC0021,WH-A-002,B00942012,227,22-09-2027,20,06-08-2026 09:00
MED0060,LOC0021,WH-A-002,B00602129,523,11-06-2028,50,06-08-2026 09:00
MED0036,LOC0021,WH-A-002,B00362243,0,25-03-2027,20,06-08-2026 09:00
MED0077,LOC0021,WH-A-002,B00772321,255,07-09-2027,50,06-08-2026 09:00
MED0071,LOC0021,WH-A-002,B00712451,222,13-11-2028,100,06-08-2026 09:00
MED0021,LOC0021,WH-A-002,B00212586,706,09-02-2027,75,06-08-2026 09:00
MED0009,LOC0021,WH-A-002,B00092620,0,29-11-2027,50,06-08-2026 09:00
MED0068,LOC0021,WH-A-002,B00682763,342,22-01-2028,20,06-08-2026 09:00
MED0020,LOC0021,WH-A-002,B00202811,232,12-07-2028,20,06-08-2026 09:00
MED0058,LOC0021,WH-A-002,B00582979,0,26-09-2027,75,06-08-2026 09:00
MED0105,LOC0021,WH-A-002,B01053016,514,09-04-2027,100,06-08-2026 09:00
MED0034,LOC0021,WH-A-002,B00343121,770,03-04-2028,75,06-08-2026 09:00
MED0098,LOC0021,WH-A-002,B00983220,403,28-08-2026,30,06-08-2026 09:00
MED0047,LOC0021,WH-A-002,B00473320,50,30-07-2027,75,06-08-2026 09:00
MED0059,LOC0021,WH-A-002,B00593427,792,23-12-2028,75,06-08-2026 09:00
MED0001,LOC0021,WH-A-002,B00013535,499,11-06-2028,75,06-08-2026 09:00
MED0065,LOC0021,WH-A-002,B00653619,753,10-07-2027,100,06-08-2026 09:00
MED0049,LOC0021,WH-A-002,B00493721,331,15-06-2028,50,06-08-2026 09:00
MED0099,LOC0021,WH-A-002,B00993851,433,18-05-2027,20,06-08-2026 09:00
MED0003,LOC0021,WH-A-002,B00033954,24,26-04-2027,50,06-08-2026 09:00
MED0082,LOC0021,WH-A-002,B00824015,452,29-01-2028,100,06-08-2026 09:00
MED0031,LOC0021,WH-A-002,B00314120,382,18-11-2028,30,06-08-2026 09:00
MED0096,LOC0021,WH-A-002,B00964246,248,04-04-2027,20,06-08-2026 09:00
MED0089,LOC0021,WH-A-002,B00894312,113,29-02-2028,20,06-08-2026 09:00
MED0069,LOC0021,WH-A-002,B00694476,550,16-05-2028,50,06-08-2026 09:00
MED0050,LOC0021,WH-A-002,B00504598,637,28-03-2027,50,06-08-2026 09:00
MED0101,LOC0021,WH-A-002,B01014631,679,23-07-2027,20,06-08-2026 09:00
MED0088,LOC0021,WH-A-002,B00884769,713,28-12-2026,20,06-08-2026 09:00
MED0064,LOC0021,WH-A-002,B00644856,4704,09-09-2028,20,06-08-2026 09:00
MED0087,LOC0021,WH-A-002,B00874959,0,29-08-2028,20,06-08-2026 09:00
MED0049,LOC0022,WH-A-003,B00490127,349,06-09-2028,50,06-08-2026 09:00
MED0066,LOC0022,WH-A-003,B00660290,533,23-07-2028,20,06-08-2026 09:00
MED0091,LOC0022,WH-A-003,B00910387,586,19-09-2027,30,06-08-2026 09:00
MED0013,LOC0022,WH-A-003,B00130484,134,25-03-2027,50,06-08-2026 09:00
MED0041,LOC0022,WH-A-003,B00410598,207,16-09-2027,100,06-08-2026 09:00
MED0063,LOC0022,WH-A-003,B00630628,440,31-12-2028,100,06-08-2026 09:00
MED0077,LOC0022,WH-A-003,B00770725,325,10-09-2026,100,06-08-2026 09:00
MED0069,LOC0022,WH-A-003,B00690850,149,26-12-2028,30,06-08-2026 09:00
MED0012,LOC0022,WH-A-003,B00120945,310,17-08-2028,75,06-08-2026 09:00
MED0024,LOC0022,WH-A-003,B00241088,109,08-08-2026,30,06-08-2026 09:00
MED0026,LOC0022,WH-A-003,B00261139,580,06-07-2028,100,06-08-2026 09:00
MED0065,LOC0022,WH-A-003,B00651271,367,25-09-2026,30,06-08-2026 09:00
MED0059,LOC0022,WH-A-003,B00591357,619,30-08-2028,30,06-08-2026 09:00
MED0072,LOC0022,WH-A-003,B00721434,503,20-04-2027,30,06-08-2026 09:00
MED0092,LOC0022,WH-A-003,B00921544,0,19-11-2026,30,06-08-2026 09:00
MED0003,LOC0022,WH-A-003,B00031636,687,18-12-2028,75,06-08-2026 09:00
MED0006,LOC0022,WH-A-003,B00061798,449,19-03-2028,20,06-08-2026 09:00
MED0032,LOC0022,WH-A-003,B00321815,252,06-01-2029,50,06-08-2026 09:00
MED0068,LOC0022,WH-A-003,B00681988,389,12-12-2027,100,06-08-2026 09:00
MED0040,LOC0022,WH-A-003,B00402014,537,25-10-2028,100,06-08-2026 09:00
MED0043,LOC0022,WH-A-003,B00432141,3871,17-12-2026,100,06-08-2026 09:00
MED0109,LOC0022,WH-A-003,B01092276,752,28-04-2026,100,06-08-2026 09:00
MED0051,LOC0022,WH-A-003,B00512346,450,11-09-2027,20,06-08-2026 09:00
MED0021,LOC0022,WH-A-003,B00212498,301,29-12-2026,75,06-08-2026 09:00
MED0099,LOC0022,WH-A-003,B00992521,474,09-02-2028,100,06-08-2026 09:00
MED0045,LOC0022,WH-A-003,B00452679,4397,16-10-2028,100,06-08-2026 09:00
MED0088,LOC0022,WH-A-003,B00882768,331,06-05-2027,30,06-08-2026 09:00
MED0046,LOC0022,WH-A-003,B00462842,206,04-02-2027,100,06-08-2026 09:00
MED0087,LOC0022,WH-A-003,B00872925,728,08-11-2028,50,06-08-2026 09:00
MED0081,LOC0022,WH-A-003,B00813077,3840,30-01-2027,20,06-08-2026 09:00
MED0039,LOC0022,WH-A-003,B00393158,523,16-04-2027,75,06-08-2026 09:00
MED0031,LOC0022,WH-A-003,B00313282,786,13-10-2027,100,06-08-2026 09:00
MED0103,LOC0022,WH-A-003,B01033316,148,02-11-2028,30,06-08-2026 09:00
MED0036,LOC0022,WH-A-003,B00363446,747,03-02-2028,75,06-08-2026 09:00
MED0008,LOC0022,WH-A-003,B00083589,2538,07-11-2026,30,06-08-2026 09:00
MED0033,LOC0022,WH-A-003,B00333679,0,28-03-2028,50,06-08-2026 09:00
MED0050,LOC0022,WH-A-003,B00503794,505,28-06-2028,20,06-08-2026 09:00
MED0004,LOC0022,WH-A-003,B00043810,452,14-09-2026,75,06-08-2026 09:00
MED0101,LOC0022,WH-A-003,B01013936,284,27-05-2028,30,06-08-2026 09:00
MED0024,LOC0023,WH-A-004,B00240121,767,10-12-2026,30,06-08-2026 09:00
MED0019,LOC0023,WH-A-004,B00190264,388,19-12-2028,50,06-08-2026 09:00
MED0008,LOC0023,WH-A-004,B00080345,3928,20-09-2026,100,06-08-2026 09:00
MED0084,LOC0023,WH-A-004,B00840488,537,06-06-2027,50,06-08-2026 09:00
MED0045,LOC0023,WH-A-004,B00450521,4988,28-04-2028,20,06-08-2026 09:00
MED0005,LOC0023,WH-A-004,B00050646,619,27-10-2028,75,06-08-2026 09:00
MED0113,LOC0023,WH-A-004,B01130789,324,14-06-2028,75,06-08-2026 09:00
MED0109,LOC0023,WH-A-004,B01090890,629,19-04-2028,50,06-08-2026 09:00
MED0086,LOC0023,WH-A-004,B00860947,184,30-06-2027,75,06-08-2026 09:00
MED0074,LOC0023,WH-A-004,B00741025,0,26-02-2026,30,06-08-2026 09:00
MED0078,LOC0023,WH-A-004,B00781154,424,11-10-2027,30,06-08-2026 09:00
MED0039,LOC0023,WH-A-004,B00391298,217,15-06-2026,100,06-08-2026 09:00
MED0043,LOC0023,WH-A-004,B00431380,69,05-04-2028,50,06-08-2026 09:00
MED0012,LOC0023,WH-A-004,B00121460,116,19-10-2027,50,06-08-2026 09:00
MED0007,LOC0023,WH-A-004,B00071552,29,21-05-2027,100,06-08-2026 09:00
MED0014,LOC0023,WH-A-004,B00141692,490,10-12-2026,50,06-08-2026 09:00
MED0054,LOC0023,WH-A-004,B00541752,642,06-05-2028,30,06-08-2026 09:00
MED0023,LOC0023,WH-A-004,B00231876,423,31-12-2026,75,06-08-2026 09:00
MED0021,LOC0023,WH-A-004,B00211912,694,05-05-2028,50,06-08-2026 09:00
MED0087,LOC0023,WH-A-004,B00872018,339,01-11-2027,30,06-08-2026 09:00
MED0037,LOC0023,WH-A-004,B00372190,31,23-11-2027,30,06-08-2026 09:00
MED0079,LOC0023,WH-A-004,B00792286,584,14-05-2027,100,06-08-2026 09:00
MED0085,LOC0023,WH-A-004,B00852314,769,22-09-2027,20,06-08-2026 09:00
MED0089,LOC0023,WH-A-004,B00892467,508,19-11-2027,50,06-08-2026 09:00
MED0090,LOC0023,WH-A-004,B00902514,309,22-11-2027,50,06-08-2026 09:00
MED0077,LOC0023,WH-A-004,B00772674,454,12-03-2028,30,06-08-2026 09:00
MED0105,LOC0023,WH-A-004,B01052749,495,23-04-2028,30,06-08-2026 09:00
MED0072,LOC0023,WH-A-004,B00722896,100,15-04-2028,50,06-08-2026 09:00
MED0027,LOC0024,WH-A-005,B00270124,279,24-08-2026,75,06-08-2026 09:00
MED0093,LOC0024,WH-A-005,B00930279,573,03-06-2027,20,06-08-2026 09:00
MED0005,LOC0024,WH-A-005,B00050346,277,21-09-2026,50,06-08-2026 09:00
MED0059,LOC0024,WH-A-005,B00590479,72,16-10-2027,100,06-08-2026 09:00
MED0050,LOC0024,WH-A-005,B00500516,0,14-02-2026,75,06-08-2026 09:00
MED0092,LOC0024,WH-A-005,B00920686,88,06-05-2027,20,06-08-2026 09:00
MED0067,LOC0024,WH-A-005,B00670755,706,27-07-2028,100,06-08-2026 09:00
MED0015,LOC0024,WH-A-005,B00150878,202,20-09-2028,50,06-08-2026 09:00
MED0001,LOC0024,WH-A-005,B00010926,773,07-06-2028,20,06-08-2026 09:00
MED0040,LOC0024,WH-A-005,B00401049,715,13-02-2028,20,06-08-2026 09:00
MED0006,LOC0024,WH-A-005,B00061188,229,03-10-2026,75,06-08-2026 09:00
MED0088,LOC0024,WH-A-005,B00881252,401,15-09-2028,50,06-08-2026 09:00
MED0077,LOC0024,WH-A-005,B00771354,30,14-08-2026,50,06-08-2026 09:00
MED0012,LOC0024,WH-A-005,B00121487,174,26-10-2027,75,06-08-2026 09:00
MED0043,LOC0024,WH-A-005,B00431523,2421,04-11-2028,100,06-08-2026 09:00
MED0060,LOC0024,WH-A-005,B00601669,72,02-05-2028,50,06-08-2026 09:00
MED0104,LOC0024,WH-A-005,B01041730,244,18-05-2028,75,06-08-2026 09:00
MED0014,LOC0024,WH-A-005,B00141885,348,14-10-2028,75,06-08-2026 09:00
MED0108,LOC0024,WH-A-005,B01081979,445,20-10-2027,75,06-08-2026 09:00
MED0085,LOC0024,WH-A-005,B00852083,685,05-10-2026,30,06-08-2026 09:00
MED0105,LOC0024,WH-A-005,B01052122,4441,25-05-2028,75,06-08-2026 09:00
MED0003,LOC0024,WH-A-005,B00032297,415,13-08-2026,75,06-08-2026 09:00
MED0074,LOC0024,WH-A-005,B00742394,388,25-08-2028,100,06-08-2026 09:00
MED0094,LOC0024,WH-A-005,B00942491,2569,16-12-2028,20,06-08-2026 09:00
MED0082,LOC0024,WH-A-005,B00822547,676,10-09-2026,20,06-08-2026 09:00
MED0114,LOC0024,WH-A-005,B01142650,457,01-10-2028,75,06-08-2026 09:00
MED0042,LOC0024,WH-A-005,B00422754,695,23-01-2028,50,06-08-2026 09:00
MED0026,LOC0024,WH-A-005,B00262826,626,22-12-2027,20,06-08-2026 09:00
MED0025,LOC0024,WH-A-005,B00252981,4248,04-11-2026,50,06-08-2026 09:00
MED0037,LOC0024,WH-A-005,B00373065,3155,02-07-2027,50,06-08-2026 09:00
MED0036,LOC0024,WH-A-005,B00363158,325,24-12-2027,100,06-08-2026 09:00
MED0069,LOC0024,WH-A-005,B00693234,678,26-03-2027,75,06-08-2026 09:00
MED0041,LOC0024,WH-A-005,B00413346,368,10-04-2027,100,06-08-2026 09:00
MED0018,LOC0025,WH-A-006,B00180144,748,31-03-2028,100,06-08-2026 09:00
MED0002,LOC0025,WH-A-006,B00020282,590,12-12-2026,75,06-08-2026 09:00
MED0010,LOC0025,WH-A-006,B00100320,115,11-10-2028,75,06-08-2026 09:00
MED0083,LOC0025,WH-A-006,B00830445,539,11-12-2028,30,06-08-2026 09:00
MED0003,LOC0025,WH-A-006,B00030541,535,02-02-2027,75,06-08-2026 09:00
MED0019,LOC0025,WH-A-006,B00190697,679,22-01-2027,75,06-08-2026 09:00
MED0093,LOC0025,WH-A-006,B00930778,319,21-10-2027,100,06-08-2026 09:00
MED0063,LOC0025,WH-A-006,B00630852,524,13-06-2028,20,06-08-2026 09:00
MED0085,LOC0025,WH-A-006,B00850998,301,10-12-2026,75,06-08-2026 09:00
MED0056,LOC0025,WH-A-006,B00561017,744,28-07-2027,100,06-08-2026 09:00
MED0114,LOC0025,WH-A-006,B01141189,586,25-08-2026,75,06-08-2026 09:00
MED0011,LOC0025,WH-A-006,B00111245,84,11-08-2026,20,06-08-2026 09:00
MED0104,LOC0025,WH-A-006,B01041311,3150,25-07-2027,50,06-08-2026 09:00
MED0111,LOC0025,WH-A-006,B01111467,605,08-09-2028,20,06-08-2026 09:00
MED0054,LOC0025,WH-A-006,B00541572,267,03-07-2027,50,06-08-2026 09:00
MED0059,LOC0025,WH-A-006,B00591628,33,29-01-2027,30,06-08-2026 09:00
MED0090,LOC0025,WH-A-006,B00901762,157,13-12-2028,100,06-08-2026 09:00
MED0078,LOC0025,WH-A-006,B00781836,450,24-04-2027,75,06-08-2026 09:00
MED0055,LOC0025,WH-A-006,B00551924,353,23-08-2026,100,06-08-2026 09:00
MED0080,LOC0025,WH-A-006,B00802078,408,05-03-2028,20,06-08-2026 09:00
MED0024,LOC0025,WH-A-006,B00242128,722,30-07-2027,30,06-08-2026 09:00
MED0099,LOC0025,WH-A-006,B00992258,12,06-02-2028,100,06-08-2026 09:00
MED0066,LOC0025,WH-A-006,B00662378,699,11-02-2027,50,06-08-2026 09:00
MED0096,LOC0025,WH-A-006,B00962444,442,01-09-2028,50,06-08-2026 09:00
MED0071,LOC0025,WH-A-006,B00712560,100,24-06-2028,50,06-08-2026 09:00
MED0058,LOC0025,WH-A-006,B00582685,767,22-09-2028,75,06-08-2026 09:00
MED0050,LOC0025,WH-A-006,B00502750,693,07-05-2027,30,06-08-2026 09:00
MED0046,LOC0025,WH-A-006,B00462811,0,19-07-2026,100,06-08-2026 09:00
MED0029,LOC0025,WH-A-006,B00292938,2425,29-10-2027,75,06-08-2026 09:00
MED0094,LOC0025,WH-A-006,B00943017,34,13-07-2026,50,06-08-2026 09:00
MED0091,LOC0025,WH-A-006,B00913125,222,18-08-2028,100,06-08-2026 09:00
MED0097,LOC0025,WH-A-006,B00973292,4476,18-09-2026,20,06-08-2026 09:00
MED0001,LOC0025,WH-A-006,B00013333,189,16-10-2028,100,06-08-2026 09:00
MED0038,LOC0026,WH-A-007,B00380142,2298,22-09-2026,50,06-08-2026 09:00
MED0060,LOC0026,WH-A-007,B00600291,0,02-09-2028,75,06-08-2026 09:00
MED0085,LOC0026,WH-A-007,B00850399,680,08-04-2027,20,06-08-2026 09:00
MED0010,LOC0026,WH-A-007,B00100471,588,02-04-2026,50,06-08-2026 09:00
MED0082,LOC0026,WH-A-007,B00820518,745,16-01-2029,75,06-08-2026 09:00
MED0059,LOC0026,WH-A-007,B00590671,393,10-01-2029,100,06-08-2026 09:00
MED0036,LOC0026,WH-A-007,B00360761,367,10-09-2027,20,06-08-2026 09:00
MED0099,LOC0026,WH-A-007,B00990853,662,10-09-2026,20,06-08-2026 09:00
MED0055,LOC0026,WH-A-007,B00550935,778,28-08-2028,20,06-08-2026 09:00
MED0089,LOC0026,WH-A-007,B00891099,393,06-09-2027,30,06-08-2026 09:00
MED0086,LOC0026,WH-A-007,B00861120,645,16-03-2028,75,06-08-2026 09:00
MED0107,LOC0026,WH-A-007,B01071285,143,30-07-2026,75,06-08-2026 09:00
MED0103,LOC0026,WH-A-007,B01031349,64,23-08-2028,30,06-08-2026 09:00
MED0042,LOC0026,WH-A-007,B00421414,460,20-11-2026,75,06-08-2026 09:00
MED0033,LOC0026,WH-A-007,B00331561,0,17-12-2026,50,06-08-2026 09:00
MED0021,LOC0026,WH-A-007,B00211696,669,16-02-2028,20,06-08-2026 09:00
MED0111,LOC0026,WH-A-007,B01111714,593,16-01-2027,100,06-08-2026 09:00
MED0108,LOC0026,WH-A-007,B01081815,19,29-07-2028,30,06-08-2026 09:00
MED0008,LOC0026,WH-A-007,B00081916,133,25-02-2026,30,06-08-2026 09:00
MED0049,LOC0026,WH-A-007,B00492085,99,27-04-2027,50,06-08-2026 09:00
MED0050,LOC0026,WH-A-007,B00502188,108,14-09-2026,20,06-08-2026 09:00
MED0043,LOC0026,WH-A-007,B00432296,2830,28-11-2028,30,06-08-2026 09:00
MED0096,LOC0026,WH-A-007,B00962351,700,24-03-2027,75,06-08-2026 09:00
MED0034,LOC0026,WH-A-007,B00342425,607,07-01-2027,30,06-08-2026 09:00
MED0091,LOC0026,WH-A-007,B00912580,425,17-11-2027,50,06-08-2026 09:00
MED0023,LOC0026,WH-A-007,B00232690,595,11-07-2026,30,06-08-2026 09:00
MED0057,LOC0026,WH-A-007,B00572720,161,03-04-2026,100,06-08-2026 09:00
MED0009,LOC0026,WH-A-007,B00092893,0,27-10-2028,20,06-08-2026 09:00
MED0063,LOC0026,WH-A-007,B00632970,426,03-01-2029,100,06-08-2026 09:00
MED0026,LOC0026,WH-A-007,B00263062,655,08-02-2028,30,06-08-2026 09:00
MED0079,LOC0026,WH-A-007,B00793133,625,06-07-2028,30,06-08-2026 09:00
MED0051,LOC0026,WH-A-007,B00513248,90,13-01-2029,75,06-08-2026 09:00
MED0105,LOC0026,WH-A-007,B01053377,571,04-03-2027,50,06-08-2026 09:00
MED0104,LOC0026,WH-A-007,B01043438,779,06-04-2028,20,06-08-2026 09:00
MED0014,LOC0026,WH-A-007,B00143534,675,28-12-2026,75,06-08-2026 09:00
MED0019,LOC0026,WH-A-007,B00193673,701,03-03-2028,20,06-08-2026 09:00
MED0070,LOC0026,WH-A-007,B00703746,44,30-08-2026,30,06-08-2026 09:00
MED0056,LOC0026,WH-A-007,B00563868,342,19-12-2028,30,06-08-2026 09:00
MED0028,LOC0026,WH-A-007,B00283930,2214,03-05-2027,20,06-08-2026 09:00
MED0080,LOC0026,WH-A-007,B00804066,118,22-08-2026,20,06-08-2026 09:00
MED0088,LOC0026,WH-A-007,B00884151,429,27-09-2028,100,06-08-2026 09:00
MED0100,LOC0027,WH-A-008,B01000147,175,17-06-2027,75,06-08-2026 09:00
MED0015,LOC0027,WH-A-008,B00150283,653,27-04-2027,100,06-08-2026 09:00
MED0042,LOC0027,WH-A-008,B00420372,88,21-04-2028,100,06-08-2026 09:00
MED0030,LOC0027,WH-A-008,B00300464,473,20-11-2028,30,06-08-2026 09:00
MED0013,LOC0027,WH-A-008,B00130529,444,01-07-2028,30,06-08-2026 09:00
MED0031,LOC0027,WH-A-008,B00310670,427,15-12-2026,100,06-08-2026 09:00
MED0095,LOC0027,WH-A-008,B00950799,0,08-03-2028,100,06-08-2026 09:00
MED0053,LOC0027,WH-A-008,B00530811,246,24-09-2026,20,06-08-2026 09:00
MED0026,LOC0027,WH-A-008,B00260992,135,06-07-2027,75,06-08-2026 09:00
MED0049,LOC0027,WH-A-008,B00491068,0,18-04-2027,20,06-08-2026 09:00
MED0029,LOC0027,WH-A-008,B00291127,24,21-02-2028,100,06-08-2026 09:00
MED0010,LOC0027,WH-A-008,B00101291,379,24-10-2028,75,06-08-2026 09:00
MED0061,LOC0027,WH-A-008,B00611352,72,11-10-2028,20,06-08-2026 09:00
MED0075,LOC0027,WH-A-008,B00751499,0,07-08-2027,100,06-08-2026 09:00
MED0063,LOC0027,WH-A-008,B00631589,212,25-01-2027,100,06-08-2026 09:00
MED0007,LOC0027,WH-A-008,B00071656,56,24-09-2028,50,06-08-2026 09:00
MED0056,LOC0027,WH-A-008,B00561756,3497,15-12-2026,20,06-08-2026 09:00
MED0019,LOC0027,WH-A-008,B00191836,572,31-05-2028,50,06-08-2026 09:00
MED0028,LOC0027,WH-A-008,B00281971,244,29-08-2028,30,06-08-2026 09:00
MED0079,LOC0027,WH-A-008,B00792038,719,05-12-2028,100,06-08-2026 09:00
MED0059,LOC0027,WH-A-008,B00592145,273,11-01-2028,50,06-08-2026 09:00
MED0023,LOC0027,WH-A-008,B00232277,3414,31-03-2028,20,06-08-2026 09:00
MED0050,LOC0027,WH-A-008,B00502347,544,02-05-2028,20,06-08-2026 09:00
MED0048,LOC0027,WH-A-008,B00482434,689,10-01-2027,75,06-08-2026 09:00
MED0018,LOC0027,WH-A-008,B00182519,3600,26-08-2027,75,06-08-2026 09:00
MED0094,LOC0027,WH-A-008,B00942629,114,26-03-2028,20,06-08-2026 09:00
MED0025,LOC0027,WH-A-008,B00252797,642,21-04-2026,30,06-08-2026 09:00
MED0081,LOC0027,WH-A-008,B00812892,485,01-02-2028,100,06-08-2026 09:00
MED0046,LOC0027,WH-A-008,B00462976,64,07-06-2026,20,06-08-2026 09:00
MED0035,LOC0027,WH-A-008,B00353051,351,17-01-2029,50,06-08-2026 09:00
MED0106,LOC0027,WH-A-008,B01063166,713,18-05-2028,75,06-08-2026 09:00
MED0043,LOC0027,WH-A-008,B00433231,135,13-09-2027,75,06-08-2026 09:00
MED0017,LOC0027,WH-A-008,B00173316,380,31-12-2028,50,06-08-2026 09:00
MED0005,LOC0027,WH-A-008,B00053430,466,29-07-2028,30,06-08-2026 09:00
MED0073,LOC0027,WH-A-008,B00733595,179,13-10-2028,100,06-08-2026 09:00
MED0008,LOC0027,WH-A-008,B00083683,119,16-05-2026,30,06-08-2026 09:00
MED0036,LOC0027,WH-A-008,B00363714,378,01-06-2028,30,06-08-2026 09:00
MED0090,LOC0027,WH-A-008,B00903830,151,09-05-2028,50,06-08-2026 09:00
MED0113,LOC0027,WH-A-008,B01133928,25,29-03-2028,100,06-08-2026 09:00
MED0041,LOC0028,WH-A-009,B00410160,57,08-11-2027,100,06-08-2026 09:00
MED0020,LOC0028,WH-A-009,B00200211,437,20-11-2027,30,06-08-2026 09:00
MED0001,LOC0028,WH-A-009,B00010321,315,31-05-2028,50,06-08-2026 09:00
MED0095,LOC0028,WH-A-009,B00950466,454,03-01-2028,30,06-08-2026 09:00
MED0070,LOC0028,WH-A-009,B00700563,745,12-01-2028,50,06-08-2026 09:00
MED0065,LOC0028,WH-A-009,B00650648,612,20-08-2026,30,06-08-2026 09:00
MED0043,LOC0028,WH-A-009,B00430785,537,10-01-2027,75,06-08-2026 09:00
MED0083,LOC0028,WH-A-009,B00830863,3677,10-08-2027,75,06-08-2026 09:00
MED0091,LOC0028,WH-A-009,B00910935,727,24-03-2027,30,06-08-2026 09:00
MED0038,LOC0028,WH-A-009,B00381048,296,17-12-2026,30,06-08-2026 09:00
MED0061,LOC0028,WH-A-009,B00611113,572,21-06-2027,100,06-08-2026 09:00
MED0105,LOC0028,WH-A-009,B01051270,307,16-08-2028,20,06-08-2026 09:00
MED0097,LOC0028,WH-A-009,B00971398,294,21-03-2028,20,06-08-2026 09:00
MED0074,LOC0028,WH-A-009,B00741418,0,22-03-2028,30,06-08-2026 09:00
MED0086,LOC0028,WH-A-009,B00861543,595,24-01-2028,100,06-08-2026 09:00
MED0019,LOC0028,WH-A-009,B00191683,122,23-11-2028,75,06-08-2026 09:00
MED0073,LOC0028,WH-A-009,B00731750,166,02-04-2027,20,06-08-2026 09:00
MED0094,LOC0028,WH-A-009,B00941844,138,28-12-2026,75,06-08-2026 09:00
MED0057,LOC0028,WH-A-009,B00571977,364,23-05-2026,50,06-08-2026 09:00
MED0044,LOC0028,WH-A-009,B00442022,784,26-12-2028,20,06-08-2026 09:00
MED0089,LOC0028,WH-A-009,B00892197,556,23-09-2027,100,06-08-2026 09:00
MED0015,LOC0028,WH-A-009,B00152278,714,10-02-2027,50,06-08-2026 09:00
MED0062,LOC0028,WH-A-009,B00622346,147,26-03-2026,100,06-08-2026 09:00
MED0006,LOC0028,WH-A-009,B00062423,421,19-04-2027,50,06-08-2026 09:00
MED0018,LOC0028,WH-A-009,B00182588,226,29-05-2028,30,06-08-2026 09:00
MED0087,LOC0028,WH-A-009,B00872624,729,17-12-2028,100,06-08-2026 09:00
MED0071,LOC0028,WH-A-009,B00712712,78,15-08-2026,75,06-08-2026 09:00
MED0093,LOC0028,WH-A-009,B00932886,707,30-01-2028,75,06-08-2026 09:00
MED0040,LOC0028,WH-A-009,B00402913,350,11-09-2027,100,06-08-2026 09:00
MED0004,LOC0028,WH-A-009,B00043049,710,21-08-2026,20,06-08-2026 09:00
MED0052,LOC0028,WH-A-009,B00523124,80,24-12-2028,30,06-08-2026 09:00
MED0080,LOC0028,WH-A-009,B00803215,0,19-01-2028,20,06-08-2026 09:00
MED0029,LOC0028,WH-A-009,B00293370,4702,03-01-2027,30,06-08-2026 09:00
MED0058,LOC0028,WH-A-009,B00583411,44,18-09-2026,20,06-08-2026 09:00
MED0046,LOC0028,WH-A-009,B00463533,616,27-05-2027,20,06-08-2026 09:00
MED0012,LOC0028,WH-A-009,B00123645,0,23-09-2026,50,06-08-2026 09:00
MED0042,LOC0028,WH-A-009,B00423788,164,11-01-2029,100,06-08-2026 09:00
MED0008,LOC0028,WH-A-009,B00083811,69,13-09-2026,30,06-08-2026 09:00
MED0025,LOC0028,WH-A-009,B00253978,196,28-04-2027,100,06-08-2026 09:00
MED0075,LOC0028,WH-A-009,B00754070,101,03-04-2028,20,06-08-2026 09:00
MED0068,LOC0028,WH-A-009,B00684133,189,21-02-2027,50,06-08-2026 09:00
MED0082,LOC0028,WH-A-009,B00824262,434,25-06-2027,50,06-08-2026 09:00
MED0036,LOC0028,WH-A-009,B00364376,321,14-08-2026,20,06-08-2026 09:00
MED0026,LOC0028,WH-A-009,B00264415,369,27-05-2028,30,06-08-2026 09:00
MED0003,LOC0028,WH-A-009,B00034586,118,14-02-2028,20,06-08-2026 09:00
MED0011,LOC0028,WH-A-009,B00114647,454,26-12-2027,50,06-08-2026 09:00
MED0081,LOC0028,WH-A-009,B00814796,71,05-03-2028,75,06-08-2026 09:00
MED0079,LOC0028,WH-A-009,B00794860,690,19-02-2027,50,06-08-2026 09:00
MED0066,LOC0028,WH-A-009,B00664960,692,16-08-2026,75,06-08-2026 09:00
MED0051,LOC0028,WH-A-009,B00515018,104,25-04-2027,75,06-08-2026 09:00
MED0076,LOC0028,WH-A-009,B00765125,346,22-12-2027,50,06-08-2026 09:00
MED0032,LOC0028,WH-A-009,B00325284,742,26-12-2028,30,06-08-2026 09:00
MED0021,LOC0028,WH-A-009,B00215370,659,03-11-2027,100,06-08-2026 09:00
MED0039,LOC0028,WH-A-009,B00395468,496,03-04-2027,100,06-08-2026 09:00
MED0016,LOC0029,WH-B-001,B00160153,502,12-05-2028,50,06-08-2026 09:00
MED0033,LOC0029,WH-B-001,B00330225,782,17-04-2026,100,06-08-2026 09:00
MED0063,LOC0029,WH-B-001,B00630314,385,10-12-2026,75,06-08-2026 09:00
MED0064,LOC0029,WH-B-001,B00640431,798,27-10-2028,30,06-08-2026 09:00
MED0030,LOC0029,WH-B-001,B00300524,319,17-03-2028,75,06-08-2026 09:00
MED0081,LOC0029,WH-B-001,B00810683,675,09-05-2028,100,06-08-2026 09:00
MED0018,LOC0029,WH-B-001,B00180743,160,09-12-2027,75,06-08-2026 09:00
MED0004,LOC0029,WH-B-001,B00040846,386,31-10-2027,75,06-08-2026 09:00
MED0013,LOC0029,WH-B-001,B00130954,4418,04-05-2026,50,06-08-2026 09:00
MED0095,LOC0029,WH-B-001,B00951058,0,19-10-2027,100,06-08-2026 09:00
MED0007,LOC0029,WH-B-001,B00071194,365,31-12-2026,20,06-08-2026 09:00
MED0009,LOC0029,WH-B-001,B00091298,663,29-01-2027,30,06-08-2026 09:00
MED0111,LOC0029,WH-B-001,B01111378,117,24-11-2026,20,06-08-2026 09:00
MED0087,LOC0029,WH-B-001,B00871482,0,10-01-2028,50,06-08-2026 09:00
MED0107,LOC0029,WH-B-001,B01071585,273,07-04-2026,100,06-08-2026 09:00
MED0023,LOC0029,WH-B-001,B00231683,386,30-09-2027,20,06-08-2026 09:00
MED0049,LOC0029,WH-B-001,B00491753,102,02-06-2027,20,06-08-2026 09:00
MED0078,LOC0029,WH-B-001,B00781888,783,23-04-2027,75,06-08-2026 09:00
MED0101,LOC0029,WH-B-001,B01011919,446,15-08-2028,50,06-08-2026 09:00
MED0042,LOC0029,WH-B-001,B00422061,271,12-03-2026,100,06-08-2026 09:00
MED0020,LOC0029,WH-B-001,B00202122,94,18-06-2028,30,06-08-2026 09:00
MED0039,LOC0029,WH-B-001,B00392270,68,30-04-2028,100,06-08-2026 09:00
MED0080,LOC0029,WH-B-001,B00802374,78,09-09-2027,75,06-08-2026 09:00
MED0092,LOC0029,WH-B-001,B00922461,552,02-01-2028,50,06-08-2026 09:00
MED0106,LOC0029,WH-B-001,B01062533,464,17-05-2028,50,06-08-2026 09:00
MED0010,LOC0029,WH-B-001,B00102673,528,16-06-2028,20,06-08-2026 09:00
MED0085,LOC0029,WH-B-001,B00852791,760,05-08-2027,30,06-08-2026 09:00
MED0067,LOC0029,WH-B-001,B00672890,787,05-06-2028,100,06-08-2026 09:00
MED0102,LOC0029,WH-B-001,B01022929,373,08-07-2027,20,06-08-2026 09:00
MED0060,LOC0029,WH-B-001,B00603091,420,08-01-2027,50,06-08-2026 09:00
MED0026,LOC0029,WH-B-001,B00263130,273,26-08-2028,30,06-08-2026 09:00
MED0088,LOC0030,WH-B-002,B00880124,741,03-07-2027,20,06-08-2026 09:00
MED0077,LOC0030,WH-B-002,B00770277,123,20-06-2028,100,06-08-2026 09:00
MED0031,LOC0030,WH-B-002,B00310350,92,09-03-2027,50,06-08-2026 09:00
MED0052,LOC0030,WH-B-002,B00520440,754,09-12-2028,50,06-08-2026 09:00
MED0112,LOC0030,WH-B-002,B01120566,109,12-08-2027,75,06-08-2026 09:00
MED0015,LOC0030,WH-B-002,B00150657,603,10-09-2026,75,06-08-2026 09:00
MED0020,LOC0030,WH-B-002,B00200745,433,14-07-2027,20,06-08-2026 09:00
MED0025,LOC0030,WH-B-002,B00250812,732,15-09-2027,30,06-08-2026 09:00
MED0004,LOC0030,WH-B-002,B00040998,0,29-12-2026,100,06-08-2026 09:00
MED0032,LOC0030,WH-B-002,B00321056,393,21-10-2028,30,06-08-2026 09:00
MED0103,LOC0030,WH-B-002,B01031111,242,06-12-2027,20,06-08-2026 09:00
MED0040,LOC0030,WH-B-002,B00401240,261,17-12-2028,75,06-08-2026 09:00
MED0060,LOC0030,WH-B-002,B00601350,164,11-08-2028,50,06-08-2026 09:00
MED0063,LOC0030,WH-B-002,B00631472,280,10-01-2029,75,06-08-2026 09:00
MED0072,LOC0030,WH-B-002,B00721530,340,14-02-2027,75,06-08-2026 09:00
MED0056,LOC0030,WH-B-002,B00561680,360,19-11-2028,50,06-08-2026 09:00
MED0055,LOC0030,WH-B-002,B00551792,28,21-08-2028,50,06-08-2026 09:00
MED0083,LOC0030,WH-B-002,B00831835,656,01-09-2026,30,06-08-2026 09:00
MED0005,LOC0030,WH-B-002,B00051976,84,22-08-2026,50,06-08-2026 09:00
MED0026,LOC0030,WH-B-002,B00262067,702,27-09-2027,30,06-08-2026 09:00
MED0021,LOC0030,WH-B-002,B00212185,136,07-10-2028,75,06-08-2026 09:00
MED0035,LOC0030,WH-B-002,B00352233,203,30-08-2026,50,06-08-2026 09:00
MED0018,LOC0030,WH-B-002,B00182381,584,27-11-2026,75,06-08-2026 09:00
MED0106,LOC0030,WH-B-002,B01062443,91,26-05-2027,100,06-08-2026 09:00
MED0034,LOC0030,WH-B-002,B00342543,0,10-07-2028,30,06-08-2026 09:00
MED0036,LOC0030,WH-B-002,B00362625,3507,06-06-2028,30,06-08-2026 09:00
MED0085,LOC0030,WH-B-002,B00852796,445,11-02-2028,20,06-08-2026 09:00
MED0071,LOC0030,WH-B-002,B00712844,4922,12-01-2029,75,06-08-2026 09:00
MED0023,LOC0030,WH-B-002,B00232936,391,30-09-2026,50,06-08-2026 09:00
MED0097,LOC0030,WH-B-002,B00973063,289,16-05-2027,100,06-08-2026 09:00
MED0006,LOC0030,WH-B-002,B00063140,149,30-05-2026,30,06-08-2026 09:00
MED0101,LOC0030,WH-B-002,B01013292,254,04-10-2028,100,06-08-2026 09:00
MED0003,LOC0030,WH-B-002,B00033398,3920,27-08-2026,75,06-08-2026 09:00
MED0008,LOC0030,WH-B-002,B00083486,730,11-01-2028,75,06-08-2026 09:00
MED0011,LOC0030,WH-B-002,B00113540,4281,28-08-2026,50,06-08-2026 09:00
MED0041,LOC0030,WH-B-002,B00413615,620,08-07-2028,75,06-08-2026 09:00
MED0078,LOC0030,WH-B-002,B00783795,634,13-12-2027,20,06-08-2026 09:00
MED0039,LOC0030,WH-B-002,B00393843,4291,21-06-2026,50,06-08-2026 09:00
MED0009,LOC0030,WH-B-002,B00093921,347,19-03-2027,30,06-08-2026 09:00
MED0053,LOC0030,WH-B-002,B00534050,443,14-08-2026,50,06-08-2026 09:00
MED0047,LOC0030,WH-B-002,B00474156,511,18-08-2027,20,06-08-2026 09:00
MED0037,LOC0031,WH-B-003,B00370133,4,10-06-2028,100,06-08-2026 09:00
MED0113,LOC0031,WH-B-003,B01130222,252,27-09-2028,75,06-08-2026 09:00
MED0034,LOC0031,WH-B-003,B00340325,0,30-09-2028,50,06-08-2026 09:00
MED0079,LOC0031,WH-B-003,B00790413,108,10-04-2027,75,06-08-2026 09:00
MED0107,LOC0031,WH-B-003,B01070590,724,11-02-2028,20,06-08-2026 09:00
MED0098,LOC0031,WH-B-003,B00980693,5,18-12-2026,50,06-08-2026 09:00
MED0112,LOC0031,WH-B-003,B01120782,332,24-11-2028,100,06-08-2026 09:00
MED0067,LOC0031,WH-B-003,B00670851,49,20-08-2027,30,06-08-2026 09:00
MED0041,LOC0031,WH-B-003,B00410921,560,29-11-2027,20,06-08-2026 09:00
MED0056,LOC0031,WH-B-003,B00561021,245,17-12-2027,75,06-08-2026 09:00
MED0022,LOC0031,WH-B-003,B00221146,166,21-12-2027,20,06-08-2026 09:00
MED0106,LOC0031,WH-B-003,B01061249,4010,26-11-2028,30,06-08-2026 09:00
MED0095,LOC0031,WH-B-003,B00951375,4725,30-08-2026,100,06-08-2026 09:00
MED0063,LOC0031,WH-B-003,B00631486,397,02-06-2028,30,06-08-2026 09:00
MED0109,LOC0031,WH-B-003,B01091533,3730,24-07-2028,75,06-08-2026 09:00
MED0020,LOC0031,WH-B-003,B00201669,95,10-05-2026,75,06-08-2026 09:00
MED0072,LOC0031,WH-B-003,B00721777,730,25-03-2028,30,06-08-2026 09:00
MED0085,LOC0031,WH-B-003,B00851848,3917,07-03-2028,100,06-08-2026 09:00
MED0082,LOC0031,WH-B-003,B00821976,700,16-07-2027,30,06-08-2026 09:00
MED0057,LOC0031,WH-B-003,B00572075,48,20-12-2026,75,06-08-2026 09:00
MED0007,LOC0031,WH-B-003,B00072182,422,18-09-2026,20,06-08-2026 09:00
MED0025,LOC0031,WH-B-003,B00252212,599,08-09-2026,50,06-08-2026 09:00
MED0099,LOC0031,WH-B-003,B00992360,473,09-05-2027,20,06-08-2026 09:00
MED0094,LOC0031,WH-B-003,B00942468,4885,27-06-2028,20,06-08-2026 09:00
MED0030,LOC0031,WH-B-003,B00302537,271,14-05-2027,75,06-08-2026 09:00
MED0024,LOC0031,WH-B-003,B00242623,4474,23-09-2028,30,06-08-2026 09:00
MED0005,LOC0031,WH-B-003,B00052731,5,17-11-2026,75,06-08-2026 09:00
MED0061,LOC0031,WH-B-003,B00612887,414,05-12-2028,75,06-08-2026 09:00
MED0108,LOC0031,WH-B-003,B01082998,631,23-09-2028,75,06-08-2026 09:00
MED0021,LOC0031,WH-B-003,B00213034,89,07-08-2026,75,06-08-2026 09:00
MED0060,LOC0031,WH-B-003,B00603136,712,01-12-2026,20,06-08-2026 09:00
MED0105,LOC0031,WH-B-003,B01053278,665,06-08-2028,75,06-08-2026 09:00
MED0015,LOC0031,WH-B-003,B00153312,3898,03-09-2026,30,06-08-2026 09:00
MED0064,LOC0031,WH-B-003,B00643472,156,02-02-2028,20,06-08-2026 09:00
MED0006,LOC0031,WH-B-003,B00063535,0,10-07-2027,75,06-08-2026 09:00
MED0102,LOC0031,WH-B-003,B01023623,401,07-08-2026,50,06-08-2026 09:00
MED0046,LOC0031,WH-B-003,B00463780,507,06-07-2028,75,06-08-2026 09:00
MED0100,LOC0031,WH-B-003,B01003885,0,12-04-2028,50,06-08-2026 09:00
MED0101,LOC0031,WH-B-003,B01013977,499,05-01-2027,100,06-08-2026 09:00
MED0059,LOC0031,WH-B-003,B00594092,323,05-08-2027,20,06-08-2026 09:00
MED0081,LOC0031,WH-B-003,B00814154,119,26-08-2028,75,06-08-2026 09:00
MED0096,LOC0031,WH-B-003,B00964234,21,16-11-2028,75,06-08-2026 09:00
MED0019,LOC0031,WH-B-003,B00194397,237,27-06-2028,75,06-08-2026 09:00
MED0016,LOC0031,WH-B-003,B00164447,732,18-03-2027,50,06-08-2026 09:00
MED0045,LOC0031,WH-B-003,B00454570,689,07-11-2027,75,06-08-2026 09:00
MED0012,LOC0031,WH-B-003,B00124695,289,31-01-2027,30,06-08-2026 09:00
MED0027,LOC0031,WH-B-003,B00274722,2817,21-03-2028,75,06-08-2026 09:00
MED0114,LOC0031,WH-B-003,B01144881,505,06-06-2027,75,06-08-2026 09:00
MED0089,LOC0031,WH-B-003,B00894996,367,04-11-2027,20,06-08-2026 09:00
MED0104,LOC0031,WH-B-003,B01045053,515,20-07-2026,30,06-08-2026 09:00
MED0035,LOC0031,WH-B-003,B00355172,2928,21-08-2026,75,06-08-2026 09:00
MED0110,LOC0031,WH-B-003,B01105281,363,31-12-2028,50,06-08-2026 09:00
MED0020,LOC0032,WH-B-004,B00200131,485,04-04-2028,30,06-08-2026 09:00
MED0110,LOC0032,WH-B-004,B01100290,732,08-11-2027,20,06-08-2026 09:00
MED0089,LOC0032,WH-B-004,B00890339,771,18-01-2029,30,06-08-2026 09:00
MED0066,LOC0032,WH-B-004,B00660476,423,16-02-2028,30,06-08-2026 09:00
MED0078,LOC0032,WH-B-004,B00780576,453,07-08-2026,50,06-08-2026 09:00
MED0086,LOC0032,WH-B-004,B00860631,3289,02-01-2029,20,06-08-2026 09:00
MED0014,LOC0032,WH-B-004,B00140729,2151,21-08-2028,75,06-08-2026 09:00
MED0091,LOC0032,WH-B-004,B00910894,0,03-11-2028,100,06-08-2026 09:00
MED0007,LOC0032,WH-B-004,B00070999,429,01-10-2028,100,06-08-2026 09:00
MED0057,LOC0032,WH-B-004,B00571011,738,22-10-2027,100,06-08-2026 09:00
MED0103,LOC0032,WH-B-004,B01031161,625,21-10-2028,50,06-08-2026 09:00
MED0059,LOC0032,WH-B-004,B00591293,557,29-07-2028,75,06-08-2026 09:00
MED0097,LOC0032,WH-B-004,B00971335,800,06-01-2029,75,06-08-2026 09:00
MED0015,LOC0032,WH-B-004,B00151426,4201,15-11-2028,50,06-08-2026 09:00
MED0108,LOC0032,WH-B-004,B01081580,290,10-04-2028,100,06-08-2026 09:00
MED0079,LOC0032,WH-B-004,B00791613,775,27-11-2026,50,06-08-2026 09:00
MED0099,LOC0032,WH-B-004,B00991764,247,11-09-2027,100,06-08-2026 09:00
MED0100,LOC0032,WH-B-004,B01001890,2245,27-07-2027,100,06-08-2026 09:00
MED0072,LOC0032,WH-B-004,B00721967,48,11-03-2027,100,06-08-2026 09:00
MED0006,LOC0032,WH-B-004,B00062084,5,03-07-2027,50,06-08-2026 09:00
MED0065,LOC0032,WH-B-004,B00652139,642,05-07-2028,100,06-08-2026 09:00
MED0102,LOC0032,WH-B-004,B01022283,682,05-11-2028,50,06-08-2026 09:00
MED0022,LOC0032,WH-B-004,B00222351,532,19-02-2027,30,06-08-2026 09:00
MED0081,LOC0032,WH-B-004,B00812428,797,12-02-2027,100,06-08-2026 09:00
MED0016,LOC0032,WH-B-004,B00162526,83,03-09-2026,75,06-08-2026 09:00
MED0027,LOC0032,WH-B-004,B00272661,79,25-04-2028,75,06-08-2026 09:00
MED0047,LOC0032,WH-B-004,B00472784,797,01-08-2027,100,06-08-2026 09:00
MED0021,LOC0032,WH-B-004,B00212863,450,19-03-2028,75,06-08-2026 09:00
MED0038,LOC0032,WH-B-004,B00382926,130,15-02-2028,30,06-08-2026 09:00
MED0105,LOC0032,WH-B-004,B01053070,120,13-02-2028,100,06-08-2026 09:00
MED0094,LOC0032,WH-B-004,B00943187,572,05-03-2027,20,06-08-2026 09:00
MED0064,LOC0032,WH-B-004,B00643276,3513,15-12-2026,75,06-08-2026 09:00
MED0013,LOC0032,WH-B-004,B00133347,3248,10-09-2027,30,06-08-2026 09:00
MED0114,LOC0032,WH-B-004,B01143485,0,26-09-2026,75,06-08-2026 09:00
MED0088,LOC0032,WH-B-004,B00883537,0,21-08-2027,75,06-08-2026 09:00
MED0043,LOC0032,WH-B-004,B00433654,500,18-03-2026,30,06-08-2026 09:00
MED0018,LOC0032,WH-B-004,B00183782,427,17-09-2027,20,06-08-2026 09:00
MED0090,LOC0032,WH-B-004,B00903887,800,10-11-2028,75,06-08-2026 09:00
MED0026,LOC0032,WH-B-004,B00263967,516,22-12-2028,30,06-08-2026 09:00
MED0085,LOC0032,WH-B-004,B00854095,745,04-08-2028,75,06-08-2026 09:00
MED0054,LOC0032,WH-B-004,B00544179,238,17-10-2027,100,06-08-2026 09:00
MED0001,LOC0032,WH-B-004,B00014221,453,26-08-2028,20,06-08-2026 09:00
MED0091,LOC0033,WH-B-005,B00910115,621,29-06-2028,20,06-08-2026 09:00
MED0004,LOC0033,WH-B-005,B00040263,23,07-05-2027,75,06-08-2026 09:00
MED0074,LOC0033,WH-B-005,B00740324,324,05-02-2027,20,06-08-2026 09:00
MED0081,LOC0033,WH-B-005,B00810421,292,23-08-2026,20,06-08-2026 09:00
MED0102,LOC0033,WH-B-005,B01020588,417,03-01-2027,30,06-08-2026 09:00
MED0099,LOC0033,WH-B-005,B00990622,730,31-08-2026,50,06-08-2026 09:00
MED0114,LOC0033,WH-B-005,B01140716,331,07-03-2027,50,06-08-2026 09:00
MED0040,LOC0033,WH-B-005,B00400875,611,22-03-2028,30,06-08-2026 09:00
MED0072,LOC0033,WH-B-005,B00720969,117,25-09-2027,100,06-08-2026 09:00
MED0083,LOC0033,WH-B-005,B00831039,495,24-02-2026,100,06-08-2026 09:00
MED0016,LOC0033,WH-B-005,B00161181,600,14-07-2027,20,06-08-2026 09:00
MED0105,LOC0033,WH-B-005,B01051274,416,16-08-2028,30,06-08-2026 09:00
MED0106,LOC0033,WH-B-005,B01061341,145,25-04-2027,30,06-08-2026 09:00
MED0011,LOC0033,WH-B-005,B00111469,568,05-11-2026,100,06-08-2026 09:00
MED0025,LOC0033,WH-B-005,B00251544,171,04-04-2026,100,06-08-2026 09:00
MED0080,LOC0033,WH-B-005,B00801690,696,29-10-2027,100,06-08-2026 09:00
MED0070,LOC0033,WH-B-005,B00701778,522,18-04-2027,30,06-08-2026 09:00
MED0112,LOC0033,WH-B-005,B01121827,2367,09-03-2027,100,06-08-2026 09:00
MED0007,LOC0033,WH-B-005,B00071950,442,03-04-2028,100,06-08-2026 09:00
MED0073,LOC0033,WH-B-005,B00732041,770,10-08-2027,50,06-08-2026 09:00
MED0067,LOC0033,WH-B-005,B00672112,470,06-10-2027,50,06-08-2026 09:00
MED0100,LOC0033,WH-B-005,B01002211,2,08-11-2026,30,06-08-2026 09:00
MED0061,LOC0033,WH-B-005,B00612360,713,23-12-2028,30,06-08-2026 09:00
MED0065,LOC0033,WH-B-005,B00652413,4658,08-05-2028,100,06-08-2026 09:00
MED0003,LOC0033,WH-B-005,B00032586,361,24-11-2027,75,06-08-2026 09:00
MED0104,LOC0033,WH-B-005,B01042625,786,12-11-2026,50,06-08-2026 09:00
MED0085,LOC0033,WH-B-005,B00852712,197,18-06-2027,75,06-08-2026 09:00
MED0069,LOC0033,WH-B-005,B00692888,726,04-02-2027,50,06-08-2026 09:00
MED0024,LOC0033,WH-B-005,B00242956,226,23-03-2028,50,06-08-2026 09:00
MED0090,LOC0033,WH-B-005,B00903010,720,06-06-2027,20,06-08-2026 09:00
MED0036,LOC0033,WH-B-005,B00363182,653,15-08-2027,30,06-08-2026 09:00
MED0027,LOC0033,WH-B-005,B00273282,565,29-11-2028,100,06-08-2026 09:00
MED0032,LOC0033,WH-B-005,B00323318,66,06-12-2028,100,06-08-2026 09:00
MED0075,LOC0033,WH-B-005,B00753445,583,22-04-2028,30,06-08-2026 09:00
MED0057,LOC0033,WH-B-005,B00573596,23,13-10-2028,30,06-08-2026 09:00
MED0079,LOC0034,WH-B-006,B00790176,348,11-10-2027,20,06-08-2026 09:00
MED0033,LOC0034,WH-B-006,B00330222,794,27-01-2028,30,06-08-2026 09:00
MED0088,LOC0034,WH-B-006,B00880358,87,08-12-2026,75,06-08-2026 09:00
MED0072,LOC0034,WH-B-006,B00720417,710,15-08-2026,50,06-08-2026 09:00
MED0059,LOC0034,WH-B-006,B00590518,0,20-01-2028,75,06-08-2026 09:00
MED0001,LOC0034,WH-B-006,B00010658,572,30-09-2026,20,06-08-2026 09:00
MED0055,LOC0034,WH-B-006,B00550794,3683,09-07-2028,75,06-08-2026 09:00
MED0083,LOC0034,WH-B-006,B00830889,0,16-01-2028,100,06-08-2026 09:00
MED0087,LOC0034,WH-B-006,B00870913,4666,13-01-2029,100,06-08-2026 09:00
MED0084,LOC0034,WH-B-006,B00841011,601,17-02-2027,75,06-08-2026 09:00
MED0007,LOC0034,WH-B-006,B00071183,607,21-05-2027,100,06-08-2026 09:00
MED0042,LOC0034,WH-B-006,B00421289,262,10-03-2028,30,06-08-2026 09:00
MED0056,LOC0034,WH-B-006,B00561326,140,04-01-2027,75,06-08-2026 09:00
MED0053,LOC0034,WH-B-006,B00531455,525,15-12-2028,50,06-08-2026 09:00
MED0036,LOC0034,WH-B-006,B00361570,554,03-04-2027,50,06-08-2026 09:00
MED0016,LOC0034,WH-B-006,B00161676,298,12-11-2026,50,06-08-2026 09:00
MED0112,LOC0034,WH-B-006,B01121781,148,08-09-2026,100,06-08-2026 09:00
MED0067,LOC0034,WH-B-006,B00671835,200,20-08-2028,20,06-08-2026 09:00
MED0060,LOC0034,WH-B-006,B00601969,683,12-10-2028,20,06-08-2026 09:00
MED0064,LOC0034,WH-B-006,B00642088,592,13-10-2027,100,06-08-2026 09:00
MED0047,LOC0034,WH-B-006,B00472115,166,02-10-2026,50,06-08-2026 09:00
MED0097,LOC0034,WH-B-006,B00972239,3,13-10-2028,75,06-08-2026 09:00
MED0006,LOC0034,WH-B-006,B00062352,244,29-12-2028,75,06-08-2026 09:00
MED0029,LOC0034,WH-B-006,B00292456,188,10-11-2026,75,06-08-2026 09:00
MED0104,LOC0034,WH-B-006,B01042547,2122,29-03-2027,20,06-08-2026 09:00
MED0100,LOC0034,WH-B-006,B01002615,599,07-11-2027,75,06-08-2026 09:00
MED0054,LOC0034,WH-B-006,B00542732,290,30-07-2027,20,06-08-2026 09:00
MED0069,LOC0034,WH-B-006,B00692832,251,26-11-2026,50,06-08-2026 09:00
MED0058,LOC0034,WH-B-006,B00582958,21,24-03-2027,50,06-08-2026 09:00
MED0041,LOC0034,WH-B-006,B00413057,215,07-07-2027,20,06-08-2026 09:00
MED0109,LOC0034,WH-B-006,B01093165,539,03-08-2028,50,06-08-2026 09:00
MED0051,LOC0034,WH-B-006,B00513278,2535,19-05-2027,20,06-08-2026 09:00
MED0025,LOC0034,WH-B-006,B00253341,325,16-08-2028,75,06-08-2026 09:00
MED0043,LOC0034,WH-B-006,B00433447,601,05-05-2028,20,06-08-2026 09:00
MED0011,LOC0034,WH-B-006,B00113526,54,17-08-2027,30,06-08-2026 09:00
MED0074,LOC0034,WH-B-006,B00743670,500,26-01-2027,100,06-08-2026 09:00
MED0004,LOC0034,WH-B-006,B00043775,4083,25-08-2028,100,06-08-2026 09:00
MED0091,LOC0034,WH-B-006,B00913857,475,02-11-2028,50,06-08-2026 09:00
MED0108,LOC0034,WH-B-006,B01083944,732,03-03-2028,100,06-08-2026 09:00
MED0010,LOC0034,WH-B-006,B00104038,597,04-06-2027,100,06-08-2026 09:00
MED0032,LOC0034,WH-B-006,B00324164,240,13-09-2027,30,06-08-2026 09:00
MED0026,LOC0034,WH-B-006,B00264227,383,29-01-2027,75,06-08-2026 09:00
MED0022,LOC0034,WH-B-006,B00224315,531,23-06-2028,20,06-08-2026 09:00
MED0081,LOC0034,WH-B-006,B00814465,344,25-02-2028,75,06-08-2026 09:00
MED0040,LOC0034,WH-B-006,B00404513,509,30-11-2027,75,06-08-2026 09:00
MED0009,LOC0034,WH-B-006,B00094620,271,06-11-2027,30,06-08-2026 09:00
MED0013,LOC0034,WH-B-006,B00134745,525,23-01-2027,50,06-08-2026 09:00
MED0078,LOC0034,WH-B-006,B00784835,2292,16-05-2028,30,06-08-2026 09:00
MED0062,LOC0034,WH-B-006,B00624997,337,06-12-2028,50,06-08-2026 09:00
MED0102,LOC0034,WH-B-006,B01025079,618,13-12-2028,50,06-08-2026 09:00
MED0093,LOC0034,WH-B-006,B00935161,0,24-10-2027,50,06-08-2026 09:00
MED0038,LOC0034,WH-B-006,B00385293,775,01-03-2028,75,06-08-2026 09:00
MED0052,LOC0034,WH-B-006,B00525339,152,25-06-2027,100,06-08-2026 09:00
MED0085,LOC0034,WH-B-006,B00855469,528,22-05-2028,30,06-08-2026 09:00
MED0096,LOC0034,WH-B-006,B00965564,87,15-05-2027,75,06-08-2026 09:00
MED0111,LOC0034,WH-B-006,B01115657,460,04-12-2026,75,06-08-2026 09:00
MED0098,LOC0034,WH-B-006,B00985711,131,28-11-2028,30,06-08-2026 09:00
MED0017,LOC0034,WH-B-006,B00175864,363,07-01-2028,75,06-08-2026 09:00
MED0099,LOC0034,WH-B-006,B00995985,707,03-10-2027,75,06-08-2026 09:00
MED0073,LOC0035,WH-B-007,B00730114,2427,04-05-2027,50,06-08-2026 09:00
MED0101,LOC0035,WH-B-007,B01010246,191,04-12-2027,100,06-08-2026 09:00
MED0005,LOC0035,WH-B-007,B00050317,675,12-02-2028,30,06-08-2026 09:00
MED0018,LOC0035,WH-B-007,B00180460,175,29-12-2027,50,06-08-2026 09:00
MED0020,LOC0035,WH-B-007,B00200518,132,07-03-2028,30,06-08-2026 09:00
MED0043,LOC0035,WH-B-007,B00430649,211,20-08-2026,75,06-08-2026 09:00
MED0114,LOC0035,WH-B-007,B01140783,680,14-07-2028,75,06-08-2026 09:00
MED0081,LOC0035,WH-B-007,B00810845,514,16-02-2028,50,06-08-2026 09:00
MED0103,LOC0035,WH-B-007,B01030961,0,11-08-2026,30,06-08-2026 09:00
MED0078,LOC0035,WH-B-007,B00781072,538,08-06-2028,100,06-08-2026 09:00
MED0105,LOC0035,WH-B-007,B01051192,40,25-08-2027,75,06-08-2026 09:00
MED0074,LOC0035,WH-B-007,B00741288,728,09-12-2027,75,06-08-2026 09:00
MED0051,LOC0035,WH-B-007,B00511365,183,23-11-2028,30,06-08-2026 09:00
MED0049,LOC0035,WH-B-007,B00491422,674,08-06-2028,75,06-08-2026 09:00
MED0027,LOC0035,WH-B-007,B00271545,44,14-04-2027,75,06-08-2026 09:00
MED0102,LOC0035,WH-B-007,B01021637,68,12-11-2028,100,06-08-2026 09:00
MED0009,LOC0035,WH-B-007,B00091719,780,16-11-2027,75,06-08-2026 09:00
MED0069,LOC0035,WH-B-007,B00691831,798,08-02-2028,20,06-08-2026 09:00
MED0050,LOC0035,WH-B-007,B00501991,45,17-01-2027,50,06-08-2026 09:00
MED0025,LOC0035,WH-B-007,B00252060,763,22-05-2027,75,06-08-2026 09:00
MED0061,LOC0035,WH-B-007,B00612127,0,04-10-2026,20,06-08-2026 09:00
MED0014,LOC0035,WH-B-007,B00142220,475,12-01-2027,50,06-08-2026 09:00
MED0109,LOC0035,WH-B-007,B01092370,730,27-03-2027,100,06-08-2026 09:00
MED0108,LOC0035,WH-B-007,B01082422,174,17-07-2028,50,06-08-2026 09:00
MED0058,LOC0035,WH-B-007,B00582519,547,25-04-2027,30,06-08-2026 09:00
MED0082,LOC0035,WH-B-007,B00822637,157,05-05-2027,20,06-08-2026 09:00
MED0087,LOC0036,WH-B-008,B00870153,16,18-11-2026,30,06-08-2026 09:00
MED0069,LOC0036,WH-B-008,B00690295,64,10-02-2027,30,06-08-2026 09:00
MED0028,LOC0036,WH-B-008,B00280351,45,22-02-2027,30,06-08-2026 09:00
MED0057,LOC0036,WH-B-008,B00570460,194,11-05-2028,50,06-08-2026 09:00
MED0090,LOC0036,WH-B-008,B00900532,2875,27-08-2026,75,06-08-2026 09:00
MED0007,LOC0036,WH-B-008,B00070668,323,12-06-2026,20,06-08-2026 09:00
MED0108,LOC0036,WH-B-008,B01080715,3140,16-11-2027,30,06-08-2026 09:00
MED0082,LOC0036,WH-B-008,B00820873,420,09-07-2028,20,06-08-2026 09:00
MED0104,LOC0036,WH-B-008,B01040986,582,09-02-2027,20,06-08-2026 09:00
MED0067,LOC0036,WH-B-008,B00671098,713,01-01-2029,50,06-08-2026 09:00
MED0083,LOC0036,WH-B-008,B00831150,650,08-10-2028,30,06-08-2026 09:00
MED0085,LOC0036,WH-B-008,B00851267,2072,25-06-2028,75,06-08-2026 09:00
MED0092,LOC0036,WH-B-008,B00921311,759,27-06-2028,75,06-08-2026 09:00
MED0103,LOC0036,WH-B-008,B01031449,0,11-03-2027,30,06-08-2026 09:00
MED0014,LOC0036,WH-B-008,B00141517,775,24-01-2027,30,06-08-2026 09:00
MED0050,LOC0036,WH-B-008,B00501636,303,23-11-2027,30,06-08-2026 09:00
MED0089,LOC0036,WH-B-008,B00891752,742,01-02-2028,20,06-08-2026 09:00
MED0040,LOC0036,WH-B-008,B00401876,659,14-12-2026,30,06-08-2026 09:00
MED0111,LOC0036,WH-B-008,B01111952,295,26-06-2027,75,06-08-2026 09:00
MED0109,LOC0036,WH-B-008,B01092095,552,04-10-2026,50,06-08-2026 09:00
MED0077,LOC0036,WH-B-008,B00772158,712,18-07-2028,30,06-08-2026 09:00
MED0001,LOC0036,WH-B-008,B00012272,452,09-01-2027,100,06-08-2026 09:00
MED0095,LOC0036,WH-B-008,B00952336,53,28-03-2027,20,06-08-2026 09:00
MED0049,LOC0036,WH-B-008,B00492440,4427,01-06-2027,30,06-08-2026 09:00
MED0026,LOC0036,WH-B-008,B00262535,4969,21-04-2027,100,06-08-2026 09:00
MED0032,LOC0036,WH-B-008,B00322683,620,23-08-2027,30,06-08-2026 09:00
MED0048,LOC0036,WH-B-008,B00482771,206,12-01-2029,75,06-08-2026 09:00
MED0047,LOC0037,WH-B-009,B00470127,620,11-10-2027,50,06-08-2026 09:00
MED0051,LOC0037,WH-B-009,B00510257,194,30-03-2026,75,06-08-2026 09:00
MED0049,LOC0037,WH-B-009,B00490357,425,03-12-2028,75,06-08-2026 09:00
MED0022,LOC0037,WH-B-009,B00220462,656,15-01-2027,75,06-08-2026 09:00
MED0061,LOC0037,WH-B-009,B00610530,127,05-06-2028,20,06-08-2026 09:00
MED0057,LOC0037,WH-B-009,B00570654,261,12-12-2028,30,06-08-2026 09:00
MED0055,LOC0037,WH-B-009,B00550717,650,17-10-2028,100,06-08-2026 09:00
MED0065,LOC0037,WH-B-009,B00650814,753,07-03-2028,75,06-08-2026 09:00
MED0079,LOC0037,WH-B-009,B00790992,692,16-02-2026,50,06-08-2026 09:00
MED0095,LOC0037,WH-B-009,B00951042,466,03-04-2027,30,06-08-2026 09:00
MED0056,LOC0037,WH-B-009,B00561124,678,16-11-2026,30,06-08-2026 09:00
MED0098,LOC0037,WH-B-009,B00981220,393,26-06-2028,20,06-08-2026 09:00
MED0020,LOC0037,WH-B-009,B00201342,433,15-01-2028,100,06-08-2026 09:00
MED0062,LOC0037,WH-B-009,B00621485,545,30-11-2027,50,06-08-2026 09:00
MED0003,LOC0037,WH-B-009,B00031521,770,18-11-2028,50,06-08-2026 09:00
MED0103,LOC0037,WH-B-009,B01031644,795,30-03-2027,20,06-08-2026 09:00
MED0112,LOC0037,WH-B-009,B01121731,407,10-11-2026,30,06-08-2026 09:00
MED0108,LOC0037,WH-B-009,B01081863,0,20-09-2026,75,06-08-2026 09:00
MED0011,LOC0037,WH-B-009,B00111932,295,27-04-2027,100,06-08-2026 09:00
MED0039,LOC0037,WH-B-009,B00392074,137,09-05-2027,50,06-08-2026 09:00
MED0077,LOC0037,WH-B-009,B00772133,217,03-01-2027,20,06-08-2026 09:00
MED0069,LOC0037,WH-B-009,B00692223,418,04-08-2028,30,06-08-2026 09:00
MED0102,LOC0037,WH-B-009,B01022318,2351,14-08-2027,30,06-08-2026 09:00
MED0071,LOC0037,WH-B-009,B00712496,0,14-03-2028,50,06-08-2026 09:00
MED0023,LOC0037,WH-B-009,B00232595,0,11-11-2026,20,06-08-2026 09:00
MED0033,LOC0037,WH-B-009,B00332610,42,09-09-2026,100,06-08-2026 09:00
MED0099,LOC0037,WH-B-009,B00992770,779,15-03-2028,75,06-08-2026 09:00
MED0060,LOC0037,WH-B-009,B00602850,344,21-10-2027,50,06-08-2026 09:00
MED0040,LOC0037,WH-B-009,B00402917,681,21-07-2028,30,06-08-2026 09:00
MED0059,LOC0037,WH-B-009,B00593061,102,08-02-2026,50,06-08-2026 09:00
MED0004,LOC0038,WH-B-010,B00040194,356,05-03-2028,100,06-08-2026 09:00
MED0078,LOC0038,WH-B-010,B00780228,300,02-11-2028,20,06-08-2026 09:00
MED0016,LOC0038,WH-B-010,B00160373,733,14-03-2027,100,06-08-2026 09:00
MED0068,LOC0038,WH-B-010,B00680431,689,25-02-2028,20,06-08-2026 09:00
MED0036,LOC0038,WH-B-010,B00360541,493,08-07-2027,75,06-08-2026 09:00
MED0090,LOC0038,WH-B-010,B00900665,675,20-02-2027,30,06-08-2026 09:00
MED0097,LOC0038,WH-B-010,B00970745,334,27-12-2028,20,06-08-2026 09:00
MED0105,LOC0038,WH-B-010,B01050825,681,20-09-2028,30,06-08-2026 09:00
MED0032,LOC0038,WH-B-010,B00320998,648,04-02-2027,30,06-08-2026 09:00
MED0048,LOC0038,WH-B-010,B00481018,589,11-07-2028,50,06-08-2026 09:00
MED0058,LOC0038,WH-B-010,B00581158,734,15-11-2028,50,06-08-2026 09:00
MED0080,LOC0038,WH-B-010,B00801243,447,20-06-2027,100,06-08-2026 09:00
MED0088,LOC0038,WH-B-010,B00881385,114,23-09-2026,20,06-08-2026 09:00
MED0085,LOC0038,WH-B-010,B00851450,118,14-03-2027,30,06-08-2026 09:00
MED0061,LOC0038,WH-B-010,B00611578,1,30-06-2028,75,06-08-2026 09:00
MED0066,LOC0038,WH-B-010,B00661696,433,12-11-2027,30,06-08-2026 09:00
MED0053,LOC0038,WH-B-010,B00531760,616,21-02-2027,30,06-08-2026 09:00
MED0101,LOC0038,WH-B-010,B01011838,471,03-09-2027,20,06-08-2026 09:00
MED0025,LOC0038,WH-B-010,B00251995,150,02-04-2027,75,06-08-2026 09:00
MED0001,LOC0038,WH-B-010,B00012025,316,09-10-2028,20,06-08-2026 09:00
MED0082,LOC0038,WH-B-010,B00822137,723,11-08-2028,50,06-08-2026 09:00
MED0042,LOC0038,WH-B-010,B00422252,385,27-09-2026,75,06-08-2026 09:00
MED0003,LOC0038,WH-B-010,B00032399,215,22-06-2027,30,06-08-2026 09:00
MED0094,LOC0038,WH-B-010,B00942460,794,17-03-2028,20,06-08-2026 09:00
MED0047,LOC0038,WH-B-010,B00472512,675,16-04-2027,50,06-08-2026 09:00
MED0006,LOC0038,WH-B-010,B00062660,432,26-10-2027,100,06-08-2026 09:00
MED0093,LOC0038,WH-B-010,B00932734,4976,17-10-2028,75,06-08-2026 09:00
MED0087,LOC0038,WH-B-010,B00872884,134,22-01-2029,100,06-08-2026 09:00
MED0057,LOC0038,WH-B-010,B00572930,726,04-09-2028,20,06-08-2026 09:00
MED0030,LOC0038,WH-B-010,B00303036,4850,01-04-2027,100,06-08-2026 09:00
MED0113,LOC0038,WH-B-010,B01133156,200,13-11-2026,30,06-08-2026 09:00
MED0063,LOC0038,WH-B-010,B00633296,2604,15-01-2028,100,06-08-2026 09:00
MED0052,LOC0038,WH-B-010,B00523332,98,03-03-2028,30,06-08-2026 09:00
MED0016,LOC0039,WH-B-011,B00160125,668,15-11-2026,75,06-08-2026 09:00
MED0066,LOC0039,WH-B-011,B00660238,4003,08-04-2028,20,06-08-2026 09:00
MED0084,LOC0039,WH-B-011,B00840322,586,14-10-2028,20,06-08-2026 09:00
MED0044,LOC0039,WH-B-011,B00440465,495,23-10-2028,100,06-08-2026 09:00
MED0076,LOC0039,WH-B-011,B00760578,101,03-11-2028,50,06-08-2026 09:00
MED0056,LOC0039,WH-B-011,B00560678,717,16-03-2026,30,06-08-2026 09:00
MED0020,LOC0039,WH-B-011,B00200793,531,08-05-2028,100,06-08-2026 09:00
MED0081,LOC0039,WH-B-011,B00810833,212,04-03-2027,20,06-08-2026 09:00
MED0093,LOC0039,WH-B-011,B00930925,5,21-09-2027,100,06-08-2026 09:00
MED0052,LOC0039,WH-B-011,B00521081,2844,01-02-2027,20,06-08-2026 09:00
MED0032,LOC0039,WH-B-011,B00321174,35,14-08-2026,50,06-08-2026 09:00
MED0005,LOC0039,WH-B-011,B00051210,557,07-09-2028,50,06-08-2026 09:00
MED0114,LOC0039,WH-B-011,B01141394,531,31-08-2027,30,06-08-2026 09:00
MED0031,LOC0039,WH-B-011,B00311476,590,20-09-2027,100,06-08-2026 09:00
MED0051,LOC0039,WH-B-011,B00511594,522,13-02-2027,50,06-08-2026 09:00
MED0063,LOC0039,WH-B-011,B00631637,192,30-09-2026,20,06-08-2026 09:00
MED0039,LOC0039,WH-B-011,B00391726,221,15-08-2027,30,06-08-2026 09:00
MED0089,LOC0039,WH-B-011,B00891893,563,29-11-2027,100,06-08-2026 09:00
MED0077,LOC0039,WH-B-011,B00771964,85,26-09-2028,30,06-08-2026 09:00
MED0023,LOC0039,WH-B-011,B00232091,72,06-08-2027,30,06-08-2026 09:00
MED0112,LOC0039,WH-B-011,B01122187,577,10-04-2028,30,06-08-2026 09:00
MED0049,LOC0039,WH-B-011,B00492265,157,18-01-2029,30,06-08-2026 09:00
MED0097,LOC0039,WH-B-011,B00972344,0,22-01-2027,75,06-08-2026 09:00
MED0086,LOC0039,WH-B-011,B00862452,700,10-01-2027,20,06-08-2026 09:00
MED0085,LOC0039,WH-B-011,B00852538,341,02-04-2027,20,06-08-2026 09:00
MED0012,LOC0039,WH-B-011,B00122658,0,19-06-2027,50,06-08-2026 09:00
MED0060,LOC0039,WH-B-011,B00602749,126,18-11-2028,20,06-08-2026 09:00
MED0094,LOC0039,WH-B-011,B00942899,501,29-08-2026,100,06-08-2026 09:00
MED0071,LOC0040,WH-B-012,B00710139,438,08-11-2028,50,06-08-2026 09:00
MED0035,LOC0040,WH-B-012,B00350250,89,25-12-2027,50,06-08-2026 09:00
MED0078,LOC0040,WH-B-012,B00780331,78,07-02-2027,20,06-08-2026 09:00
MED0013,LOC0040,WH-B-012,B00130473,0,24-05-2028,100,06-08-2026 09:00
MED0007,LOC0040,WH-B-012,B00070527,434,21-11-2028,20,06-08-2026 09:00
MED0022,LOC0040,WH-B-012,B00220699,701,02-05-2028,75,06-08-2026 09:00
MED0041,LOC0040,WH-B-012,B00410710,631,06-12-2028,20,06-08-2026 09:00
MED0097,LOC0040,WH-B-012,B00970894,767,29-11-2028,75,06-08-2026 09:00
MED0050,LOC0040,WH-B-012,B00500996,43,25-04-2027,100,06-08-2026 09:00
MED0024,LOC0040,WH-B-012,B00241027,179,29-09-2026,100,06-08-2026 09:00
MED0045,LOC0040,WH-B-012,B00451131,52,27-11-2027,100,06-08-2026 09:00
MED0095,LOC0040,WH-B-012,B00951279,346,17-07-2027,50,06-08-2026 09:00
MED0087,LOC0040,WH-B-012,B00871310,494,10-06-2027,20,06-08-2026 09:00
MED0101,LOC0040,WH-B-012,B01011475,312,23-08-2028,100,06-08-2026 09:00
MED0069,LOC0040,WH-B-012,B00691555,632,01-01-2027,20,06-08-2026 09:00
MED0114,LOC0040,WH-B-012,B01141610,336,21-02-2027,20,06-08-2026 09:00
MED0077,LOC0040,WH-B-012,B00771722,190,13-11-2026,50,06-08-2026 09:00
MED0052,LOC0040,WH-B-012,B00521862,86,10-04-2027,75,06-08-2026 09:00
MED0062,LOC0040,WH-B-012,B00621942,7,06-09-2028,20,06-08-2026 09:00
MED0076,LOC0040,WH-B-012,B00762033,383,16-01-2028,30,06-08-2026 09:00
MED0017,LOC0040,WH-B-012,B00172166,111,06-09-2028,100,06-08-2026 09:00
MED0034,LOC0040,WH-B-012,B00342224,3777,16-06-2026,30,06-08-2026 09:00
MED0002,LOC0040,WH-B-012,B00022352,136,04-12-2028,30,06-08-2026 09:00
MED0088,LOC0040,WH-B-012,B00882444,203,15-09-2028,20,06-08-2026 09:00
MED0066,LOC0040,WH-B-012,B00662526,563,02-10-2028,20,06-08-2026 09:00
MED0020,LOC0040,WH-B-012,B00202659,799,31-03-2028,50,06-08-2026 09:00
MED0085,LOC0040,WH-B-012,B00852729,2441,13-03-2027,30,06-08-2026 09:00
MED0094,LOC0040,WH-B-012,B00942896,785,27-12-2026,50,06-08-2026 09:00
MED0019,LOC0040,WH-B-012,B00192971,611,22-01-2028,50,06-08-2026 09:00
MED0049,LOC0040,WH-B-012,B00493089,84,15-07-2027,50,06-08-2026 09:00
MED0073,LOC0040,WH-B-012,B00733124,191,28-12-2028,30,06-08-2026 09:00
MED0113,LOC0040,WH-B-012,B01133235,253,17-01-2028,50,06-08-2026 09:00
MED0110,LOC0040,WH-B-012,B01103388,105,01-04-2028,75,06-08-2026 09:00
MED0048,LOC0040,WH-B-012,B00483439,605,05-04-2027,30,06-08-2026 09:00
MED0032,LOC0040,WH-B-012,B00323528,2157,19-05-2027,20,06-08-2026 09:00
MED0112,LOC0040,WH-B-012,B01123658,0,26-12-2026,75,06-08-2026 09:00
MED0054,LOC0040,WH-B-012,B00543738,716,28-06-2027,75,06-08-2026 09:00
MED0059,LOC0040,WH-B-012,B00593816,62,24-08-2028,50,06-08-2026 09:00
MED0105,LOC0040,WH-B-012,B01053963,3489,29-10-2027,50,06-08-2026 09:00
MED0057,LOC0040,WH-B-012,B00574016,48,04-11-2026,30,06-08-2026 09:00
MED0046,LOC0040,WH-B-012,B00464122,483,17-07-2028,50,06-08-2026 09:00
MED0060,LOC0040,WH-B-012,B00604224,503,11-09-2027,75,06-08-2026 09:00
MED0065,LOC0040,WH-B-012,B00654352,699,17-03-2027,20,06-08-2026 09:00
MED0095,LOC0041,WH-B-013,B00950112,536,02-04-2028,20,06-08-2026 09:00
MED0104,LOC0041,WH-B-013,B01040215,713,27-08-2027,30,06-08-2026 09:00
MED0047,LOC0041,WH-B-013,B00470373,4841,16-12-2027,100,06-08-2026 09:00
MED0096,LOC0041,WH-B-013,B00960475,76,11-12-2028,100,06-08-2026 09:00
MED0100,LOC0041,WH-B-013,B01000536,399,09-08-2027,75,06-08-2026 09:00
MED0076,LOC0041,WH-B-013,B00760699,0,02-07-2028,30,06-08-2026 09:00
MED0068,LOC0041,WH-B-013,B00680777,525,28-10-2028,20,06-08-2026 09:00
MED0078,LOC0041,WH-B-013,B00780880,225,05-08-2027,50,06-08-2026 09:00
MED0048,LOC0041,WH-B-013,B00480915,46,29-08-2027,20,06-08-2026 09:00
MED0031,LOC0041,WH-B-013,B00311016,284,07-08-2027,30,06-08-2026 09:00
MED0084,LOC0041,WH-B-013,B00841193,215,05-11-2026,30,06-08-2026 09:00
MED0036,LOC0041,WH-B-013,B00361280,377,26-10-2028,50,06-08-2026 09:00
MED0027,LOC0041,WH-B-013,B00271351,418,01-09-2027,50,06-08-2026 09:00
MED0075,LOC0041,WH-B-013,B00751445,10,16-06-2027,20,06-08-2026 09:00
MED0050,LOC0041,WH-B-013,B00501584,16,08-01-2029,30,06-08-2026 09:00
MED0012,LOC0041,WH-B-013,B00121642,704,03-09-2028,20,06-08-2026 09:00
MED0014,LOC0041,WH-B-013,B00141736,452,06-08-2027,100,06-08-2026 09:00
MED0017,LOC0041,WH-B-013,B00171839,770,03-02-2028,100,06-08-2026 09:00
MED0081,LOC0041,WH-B-013,B00811968,490,18-08-2026,75,06-08-2026 09:00
MED0107,LOC0041,WH-B-013,B01072033,180,20-03-2028,30,06-08-2026 09:00
MED0016,LOC0041,WH-B-013,B00162160,0,04-05-2027,50,06-08-2026 09:00
MED0006,LOC0041,WH-B-013,B00062268,146,22-08-2026,100,06-08-2026 09:00
MED0109,LOC0041,WH-B-013,B01092311,4157,24-09-2026,75,06-08-2026 09:00
MED0113,LOC0041,WH-B-013,B01132492,3572,02-08-2026,100,06-08-2026 09:00
MED0025,LOC0041,WH-B-013,B00252586,2342,07-08-2028,20,06-08-2026 09:00
MED0090,LOC0041,WH-B-013,B00902679,9,20-02-2027,20,06-08-2026 09:00
MED0058,LOC0041,WH-B-013,B00582782,87,09-03-2028,50,06-08-2026 09:00
MED0013,LOC0041,WH-B-013,B00132841,314,11-04-2027,75,06-08-2026 09:00
MED0010,LOC0041,WH-B-013,B00102912,273,10-03-2027,20,06-08-2026 09:00
MED0070,LOC0041,WH-B-013,B00703063,3215,02-10-2026,20,06-08-2026 09:00
MED0080,LOC0041,WH-B-013,B00803164,0,24-06-2027,30,06-08-2026 09:00
MED0044,LOC0041,WH-B-013,B00443259,671,04-10-2028,75,06-08-2026 09:00
MED0039,LOC0041,WH-B-013,B00393355,112,19-08-2027,20,06-08-2026 09:00
MED0061,LOC0041,WH-B-013,B00613415,121,29-01-2027,20,06-08-2026 09:00
MED0026,LOC0041,WH-B-013,B00263533,438,10-07-2028,100,06-08-2026 09:00
MED0069,LOC0041,WH-B-013,B00693646,683,04-08-2028,75,06-08-2026 09:00
MED0020,LOC0041,WH-B-013,B00203757,277,11-09-2028,50,06-08-2026 09:00
MED0093,LOC0041,WH-B-013,B00933810,728,19-01-2029,50,06-08-2026 09:00
MED0097,LOC0041,WH-B-013,B00973967,150,08-12-2027,30,06-08-2026 09:00
MED0089,LOC0041,WH-B-013,B00894045,115,17-11-2028,75,06-08-2026 09:00
MED0054,LOC0041,WH-B-013,B00544155,2522,03-12-2027,30,06-08-2026 09:00
MED0071,LOC0041,WH-B-013,B00714287,492,01-01-2028,50,06-08-2026 09:00
MED0033,LOC0041,WH-B-013,B00334363,4678,01-12-2027,50,06-08-2026 09:00
MED0045,LOC0041,WH-B-013,B00454439,546,06-05-2028,100,06-08-2026 09:00
MED0112,LOC0041,WH-B-013,B01124598,4928,17-06-2028,75,06-08-2026 09:00
MED0088,LOC0041,WH-B-013,B00884612,240,31-05-2027,30,06-08-2026 09:00
MED0094,LOC0041,WH-B-013,B00944754,136,04-01-2027,50,06-08-2026 09:00
MED0056,LOC0041,WH-B-013,B00564868,797,01-09-2027,50,06-08-2026 09:00
MED0107,LOC0042,WH-B-014,B01070129,12,04-01-2028,20,06-08-2026 09:00
MED0110,LOC0042,WH-B-014,B01100248,143,19-10-2028,30,06-08-2026 09:00
MED0071,LOC0042,WH-B-014,B00710398,345,25-08-2028,75,06-08-2026 09:00
MED0054,LOC0042,WH-B-014,B00540414,159,17-09-2026,20,06-08-2026 09:00
MED0032,LOC0042,WH-B-014,B00320564,515,14-12-2027,100,06-08-2026 09:00
MED0027,LOC0042,WH-B-014,B00270649,264,31-03-2028,75,06-08-2026 09:00
MED0106,LOC0042,WH-B-014,B01060776,160,06-02-2027,30,06-08-2026 09:00
MED0029,LOC0042,WH-B-014,B00290889,128,19-12-2027,75,06-08-2026 09:00
MED0008,LOC0042,WH-B-014,B00080987,188,29-05-2028,20,06-08-2026 09:00
MED0096,LOC0042,WH-B-014,B00961092,479,02-09-2028,20,06-08-2026 09:00
MED0018,LOC0042,WH-B-014,B00181192,168,30-08-2026,75,06-08-2026 09:00
MED0016,LOC0042,WH-B-014,B00161287,111,30-08-2026,75,06-08-2026 09:00
MED0090,LOC0042,WH-B-014,B00901323,0,11-05-2028,50,06-08-2026 09:00
MED0091,LOC0042,WH-B-014,B00911434,11,16-09-2027,20,06-08-2026 09:00
MED0019,LOC0042,WH-B-014,B00191582,33,30-01-2027,100,06-08-2026 09:00
MED0049,LOC0042,WH-B-014,B00491615,0,13-03-2028,100,06-08-2026 09:00
MED0094,LOC0042,WH-B-014,B00941746,316,06-05-2026,20,06-08-2026 09:00
MED0004,LOC0042,WH-B-014,B00041855,322,16-11-2028,75,06-08-2026 09:00
MED0102,LOC0042,WH-B-014,B01021974,99,02-12-2028,30,06-08-2026 09:00
MED0055,LOC0042,WH-B-014,B00552058,793,27-06-2028,20,06-08-2026 09:00
MED0048,LOC0042,WH-B-014,B00482197,38,08-04-2027,75,06-08-2026 09:00
MED0007,LOC0042,WH-B-014,B00072239,4563,21-09-2026,75,06-08-2026 09:00
MED0105,LOC0042,WH-B-014,B01052330,669,21-09-2026,30,06-08-2026 09:00
MED0014,LOC0042,WH-B-014,B00142453,746,22-04-2028,100,06-08-2026 09:00
MED0085,LOC0042,WH-B-014,B00852565,347,03-08-2028,75,06-08-2026 09:00
MED0075,LOC0042,WH-B-014,B00752636,792,06-07-2027,20,06-08-2026 09:00
MED0010,LOC0042,WH-B-014,B00102722,156,27-03-2028,100,06-08-2026 09:00
MED0062,LOC0042,WH-B-014,B00622821,316,12-01-2029,20,06-08-2026 09:00
MED0077,LOC0042,WH-B-014,B00772930,3284,02-09-2027,75,06-08-2026 09:00
MED0021,LOC0042,WH-B-014,B00213032,372,15-01-2027,20,06-08-2026 09:00
MED0097,LOC0042,WH-B-014,B00973166,484,24-12-2028,75,06-08-2026 09:00
MED0100,LOC0042,WH-B-014,B01003246,582,11-11-2027,30,06-08-2026 09:00
MED0047,LOC0042,WH-B-014,B00473366,634,16-03-2027,75,06-08-2026 09:00
MED0083,LOC0042,WH-B-014,B00833420,639,21-11-2027,50,06-08-2026 09:00
MED0065,LOC0043,WH-C-001,B00650150,481,20-08-2026,20,06-08-2026 09:00
MED0058,LOC0043,WH-C-001,B00580217,0,28-11-2027,100,06-08-2026 09:00
MED0034,LOC0043,WH-C-001,B00340312,484,08-06-2027,50,06-08-2026 09:00
MED0088,LOC0043,WH-C-001,B00880418,650,29-03-2027,75,06-08-2026 09:00
MED0006,LOC0043,WH-C-001,B00060563,305,09-02-2028,50,06-08-2026 09:00
MED0080,LOC0043,WH-C-001,B00800621,265,29-12-2026,100,06-08-2026 09:00
MED0083,LOC0043,WH-C-001,B00830754,771,26-05-2027,75,06-08-2026 09:00
MED0008,LOC0043,WH-C-001,B00080899,548,17-04-2027,75,06-08-2026 09:00
MED0095,LOC0043,WH-C-001,B00950981,709,14-11-2026,75,06-08-2026 09:00
MED0102,LOC0043,WH-C-001,B01021028,740,27-07-2028,100,06-08-2026 09:00
MED0032,LOC0043,WH-C-001,B00321150,751,27-11-2028,50,06-08-2026 09:00
MED0090,LOC0043,WH-C-001,B00901250,469,29-03-2028,20,06-08-2026 09:00
MED0072,LOC0043,WH-C-001,B00721310,690,20-04-2028,20,06-08-2026 09:00
MED0002,LOC0043,WH-C-001,B00021484,128,19-08-2028,75,06-08-2026 09:00
MED0020,LOC0043,WH-C-001,B00201563,0,15-05-2027,20,06-08-2026 09:00
MED0014,LOC0043,WH-C-001,B00141636,615,26-10-2027,100,06-08-2026 09:00
MED0038,LOC0043,WH-C-001,B00381756,590,18-11-2027,30,06-08-2026 09:00
MED0049,LOC0043,WH-C-001,B00491899,314,11-03-2027,20,06-08-2026 09:00
MED0021,LOC0043,WH-C-001,B00211955,466,30-10-2027,75,06-08-2026 09:00
MED0073,LOC0043,WH-C-001,B00732068,783,03-05-2027,100,06-08-2026 09:00
MED0052,LOC0043,WH-C-001,B00522165,566,12-05-2028,75,06-08-2026 09:00
MED0010,LOC0043,WH-C-001,B00102291,675,25-01-2028,75,06-08-2026 09:00
MED0029,LOC0043,WH-C-001,B00292321,101,18-02-2027,50,06-08-2026 09:00
MED0050,LOC0043,WH-C-001,B00502489,421,23-09-2026,20,06-08-2026 09:00
MED0060,LOC0043,WH-C-001,B00602595,3819,07-12-2026,100,06-08-2026 09:00
MED0086,LOC0043,WH-C-001,B00862680,216,12-02-2028,50,06-08-2026 09:00
MED0012,LOC0043,WH-C-001,B00122769,3923,29-10-2027,75,06-08-2026 09:00
MED0045,LOC0043,WH-C-001,B00452860,660,01-12-2028,75,06-08-2026 09:00
MED0103,LOC0043,WH-C-001,B01032944,800,21-08-2027,20,06-08-2026 09:00
MED0089,LOC0043,WH-C-001,B00893063,424,08-11-2026,50,06-08-2026 09:00
MED0108,LOC0043,WH-C-001,B01083176,0,22-11-2027,20,06-08-2026 09:00
MED0069,LOC0043,WH-C-001,B00693240,174,18-01-2028,100,06-08-2026 09:00
MED0085,LOC0043,WH-C-001,B00853316,197,11-12-2027,100,06-08-2026 09:00
MED0099,LOC0043,WH-C-001,B00993432,651,18-11-2028,100,06-08-2026 09:00
MED0011,LOC0043,WH-C-001,B00113522,529,28-06-2027,75,06-08-2026 09:00
MED0024,LOC0043,WH-C-001,B00243690,646,10-12-2027,30,06-08-2026 09:00
MED0081,LOC0043,WH-C-001,B00813721,162,31-05-2027,50,06-08-2026 09:00
MED0051,LOC0043,WH-C-001,B00513829,0,07-03-2026,20,06-08-2026 09:00
MED0056,LOC0043,WH-C-001,B00563983,556,23-01-2027,20,06-08-2026 09:00
MED0026,LOC0043,WH-C-001,B00264091,0,11-02-2028,75,06-08-2026 09:00
MED0094,LOC0043,WH-C-001,B00944134,668,04-09-2027,50,06-08-2026 09:00
MED0043,LOC0043,WH-C-001,B00434258,743,16-01-2029,100,06-08-2026 09:00
MED0009,LOC0043,WH-C-001,B00094390,281,16-08-2026,50,06-08-2026 09:00
MED0041,LOC0043,WH-C-001,B00414468,593,25-02-2027,20,06-08-2026 09:00
MED0044,LOC0043,WH-C-001,B00444521,2580,07-05-2027,100,06-08-2026 09:00
MED0063,LOC0043,WH-C-001,B00634660,370,04-06-2027,20,06-08-2026 09:00
MED0028,LOC0043,WH-C-001,B00284790,22,16-03-2028,20,06-08-2026 09:00
MED0061,LOC0043,WH-C-001,B00614891,429,21-09-2027,20,06-08-2026 09:00
MED0015,LOC0043,WH-C-001,B00154994,184,05-05-2027,75,06-08-2026 09:00
MED0036,LOC0043,WH-C-001,B00365054,32,28-08-2026,100,06-08-2026 09:00
MED0059,LOC0043,WH-C-001,B00595176,614,15-04-2027,75,06-08-2026 09:00
MED0016,LOC0044,WH-C-002,B00160172,4406,02-06-2027,75,06-08-2026 09:00
MED0025,LOC0044,WH-C-002,B00250250,433,09-08-2027,75,06-08-2026 09:00
MED0078,LOC0044,WH-C-002,B00780355,3568,06-06-2028,100,06-08-2026 09:00
MED0004,LOC0044,WH-C-002,B00040475,65,08-12-2026,50,06-08-2026 09:00
MED0069,LOC0044,WH-C-002,B00690577,300,25-08-2028,50,06-08-2026 09:00
MED0003,LOC0044,WH-C-002,B00030664,117,30-09-2027,50,06-08-2026 09:00
MED0067,LOC0044,WH-C-002,B00670757,74,19-11-2027,30,06-08-2026 09:00
MED0066,LOC0044,WH-C-002,B00660811,125,10-02-2026,30,06-08-2026 09:00
MED0098,LOC0044,WH-C-002,B00980981,581,30-06-2027,50,06-08-2026 09:00
MED0020,LOC0044,WH-C-002,B00201023,616,14-06-2027,20,06-08-2026 09:00
MED0028,LOC0044,WH-C-002,B00281119,622,21-09-2028,100,06-08-2026 09:00
MED0047,LOC0044,WH-C-002,B00471250,431,23-01-2028,100,06-08-2026 09:00
MED0015,LOC0044,WH-C-002,B00151315,50,28-03-2028,50,06-08-2026 09:00
MED0104,LOC0044,WH-C-002,B01041451,127,11-07-2028,50,06-08-2026 09:00
MED0111,LOC0044,WH-C-002,B01111592,590,01-08-2026,100,06-08-2026 09:00
MED0042,LOC0044,WH-C-002,B00421614,472,21-12-2027,100,06-08-2026 09:00
MED0018,LOC0044,WH-C-002,B00181718,40,20-11-2026,100,06-08-2026 09:00
MED0029,LOC0044,WH-C-002,B00291850,3700,12-08-2027,75,06-08-2026 09:00
MED0011,LOC0044,WH-C-002,B00111988,569,23-03-2028,50,06-08-2026 09:00
MED0094,LOC0044,WH-C-002,B00942092,713,23-03-2028,20,06-08-2026 09:00
MED0089,LOC0044,WH-C-002,B00892116,632,21-08-2026,20,06-08-2026 09:00
MED0017,LOC0044,WH-C-002,B00172265,3322,14-11-2028,20,06-08-2026 09:00
MED0035,LOC0044,WH-C-002,B00352378,195,16-11-2027,30,06-08-2026 09:00
MED0036,LOC0044,WH-C-002,B00362415,53,15-01-2029,20,06-08-2026 09:00
MED0062,LOC0044,WH-C-002,B00622552,0,01-08-2027,20,06-08-2026 09:00
MED0026,LOC0044,WH-C-002,B00262627,388,27-04-2027,100,06-08-2026 09:00
MED0012,LOC0044,WH-C-002,B00122784,129,04-04-2027,100,06-08-2026 09:00
MED0045,LOC0044,WH-C-002,B00452840,684,09-09-2026,75,06-08-2026 09:00
MED0071,LOC0044,WH-C-002,B00712971,501,29-09-2027,100,06-08-2026 09:00
MED0084,LOC0044,WH-C-002,B00843081,3213,31-10-2027,30,06-08-2026 09:00
MED0038,LOC0044,WH-C-002,B00383119,752,15-10-2028,30,06-08-2026 09:00
MED0060,LOC0044,WH-C-002,B00603237,61,20-09-2028,20,06-08-2026 09:00
MED0064,LOC0044,WH-C-002,B00643336,192,18-10-2027,75,06-08-2026 09:00
MED0056,LOC0044,WH-C-002,B00563449,526,21-12-2028,100,06-08-2026 09:00
MED0107,LOC0044,WH-C-002,B01073538,516,15-08-2026,75,06-08-2026 09:00
MED0052,LOC0044,WH-C-002,B00523635,463,12-04-2028,50,06-08-2026 09:00
MED0113,LOC0044,WH-C-002,B01133749,284,06-10-2028,75,06-08-2026 09:00
MED0033,LOC0044,WH-C-002,B00333824,150,21-02-2027,100,06-08-2026 09:00
MED0023,LOC0044,WH-C-002,B00233913,0,04-08-2027,30,06-08-2026 09:00
MED0095,LOC0044,WH-C-002,B00954080,463,05-03-2027,75,06-08-2026 09:00
MED0091,LOC0044,WH-C-002,B00914165,217,01-04-2028,20,06-08-2026 09:00
MED0043,LOC0045,WH-C-003,B00430171,4061,02-08-2028,20,06-08-2026 09:00
MED0007,LOC0045,WH-C-003,B00070297,704,22-09-2027,50,06-08-2026 09:00
MED0057,LOC0045,WH-C-003,B00570311,340,29-03-2027,20,06-08-2026 09:00
MED0035,LOC0045,WH-C-003,B00350419,21,01-08-2027,75,06-08-2026 09:00
MED0048,LOC0045,WH-C-003,B00480584,9,03-03-2028,30,06-08-2026 09:00
MED0013,LOC0045,WH-C-003,B00130612,253,20-12-2026,20,06-08-2026 09:00
MED0113,LOC0045,WH-C-003,B01130774,297,24-04-2028,100,06-08-2026 09:00
MED0084,LOC0045,WH-C-003,B00840852,793,26-08-2026,30,06-08-2026 09:00
MED0049,LOC0045,WH-C-003,B00490994,359,25-07-2027,75,06-08-2026 09:00
MED0094,LOC0045,WH-C-003,B00941048,469,07-05-2026,75,06-08-2026 09:00
MED0055,LOC0045,WH-C-003,B00551171,793,06-07-2028,50,06-08-2026 09:00
MED0025,LOC0045,WH-C-003,B00251228,531,25-11-2026,20,06-08-2026 09:00
MED0038,LOC0045,WH-C-003,B00381373,675,04-11-2027,75,06-08-2026 09:00
MED0103,LOC0045,WH-C-003,B01031456,758,19-01-2028,20,06-08-2026 09:00
MED0052,LOC0045,WH-C-003,B00521591,198,25-11-2027,30,06-08-2026 09:00
MED0023,LOC0045,WH-C-003,B00231677,641,07-02-2028,20,06-08-2026 09:00
MED0077,LOC0045,WH-C-003,B00771760,695,09-10-2027,30,06-08-2026 09:00
MED0036,LOC0045,WH-C-003,B00361884,282,16-12-2026,100,06-08-2026 09:00
MED0068,LOC0045,WH-C-003,B00681968,627,26-09-2026,100,06-08-2026 09:00
MED0078,LOC0045,WH-C-003,B00782073,355,12-11-2026,100,06-08-2026 09:00
MED0064,LOC0045,WH-C-003,B00642189,153,27-08-2027,30,06-08-2026 09:00
MED0067,LOC0045,WH-C-003,B00672247,310,09-01-2027,100,06-08-2026 09:00
MED0056,LOC0045,WH-C-003,B00562325,222,03-07-2028,20,06-08-2026 09:00
MED0014,LOC0045,WH-C-003,B00142410,5,10-09-2028,20,06-08-2026 09:00
MED0088,LOC0045,WH-C-003,B00882574,358,16-01-2029,20,06-08-2026 09:00
MED0108,LOC0045,WH-C-003,B01082635,88,30-03-2027,100,06-08-2026 09:00
MED0083,LOC0045,WH-C-003,B00832770,82,06-12-2026,75,06-08-2026 09:00
MED0032,LOC0045,WH-C-003,B00322861,694,10-01-2028,50,06-08-2026 09:00
MED0015,LOC0045,WH-C-003,B00152982,309,30-04-2027,20,06-08-2026 09:00
MED0029,LOC0045,WH-C-003,B00293097,330,26-03-2027,75,06-08-2026 09:00
MED0086,LOC0045,WH-C-003,B00863149,426,08-09-2027,30,06-08-2026 09:00
MED0089,LOC0045,WH-C-003,B00893258,643,10-05-2027,20,06-08-2026 09:00
MED0005,LOC0045,WH-C-003,B00053374,4156,20-09-2027,75,06-08-2026 09:00
MED0074,LOC0045,WH-C-003,B00743469,437,29-12-2027,50,06-08-2026 09:00
MED0111,LOC0045,WH-C-003,B01113521,27,09-01-2028,20,06-08-2026 09:00
MED0031,LOC0045,WH-C-003,B00313675,309,20-06-2028,30,06-08-2026 09:00
MED0009,LOC0045,WH-C-003,B00093716,4225,31-08-2027,50,06-08-2026 09:00
MED0069,LOC0045,WH-C-003,B00693868,4744,26-03-2026,75,06-08-2026 09:00
MED0109,LOC0045,WH-C-003,B01093923,3106,30-08-2028,20,06-08-2026 09:00
MED0097,LOC0045,WH-C-003,B00974052,297,11-10-2028,50,06-08-2026 09:00
MED0085,LOC0045,WH-C-003,B00854116,4394,30-11-2028,20,06-08-2026 09:00
MED0100,LOC0045,WH-C-003,B01004227,575,25-03-2028,30,06-08-2026 09:00
MED0051,LOC0045,WH-C-003,B00514390,655,08-09-2027,30,06-08-2026 09:00
MED0072,LOC0045,WH-C-003,B00724498,6,03-08-2028,50,06-08-2026 09:00
MED0076,LOC0045,WH-C-003,B00764576,2000,07-03-2027,30,06-08-2026 09:00
MED0081,LOC0045,WH-C-003,B00814666,106,04-04-2028,20,06-08-2026 09:00
MED0080,LOC0045,WH-C-003,B00804771,0,01-09-2026,75,06-08-2026 09:00
MED0105,LOC0045,WH-C-003,B01054897,559,23-07-2028,30,06-08-2026 09:00
MED0027,LOC0045,WH-C-003,B00274991,631,16-08-2026,75,06-08-2026 09:00
MED0022,LOC0045,WH-C-003,B00225075,762,27-04-2027,20,06-08-2026 09:00
MED0066,LOC0045,WH-C-003,B00665122,491,17-09-2028,100,06-08-2026 09:00
MED0099,LOC0045,WH-C-003,B00995299,683,04-12-2027,100,06-08-2026 09:00
MED0041,LOC0045,WH-C-003,B00415368,435,25-08-2026,20,06-08-2026 09:00
MED0019,LOC0045,WH-C-003,B00195492,11,08-12-2026,20,06-08-2026 09:00
MED0046,LOC0045,WH-C-003,B00465568,363,26-02-2028,100,06-08-2026 09:00
MED0039,LOC0045,WH-C-003,B00395674,0,30-03-2028,50,06-08-2026 09:00
MED0061,LOC0045,WH-C-003,B00615718,723,12-04-2028,30,06-08-2026 09:00
MED0084,LOC0046,WH-C-004,B00840139,69,26-06-2026,100,06-08-2026 09:00
MED0020,LOC0046,WH-C-004,B00200251,511,05-03-2028,20,06-08-2026 09:00
MED0046,LOC0046,WH-C-004,B00460332,750,19-02-2027,30,06-08-2026 09:00
MED0114,LOC0046,WH-C-004,B01140488,430,06-01-2027,75,06-08-2026 09:00
MED0093,LOC0046,WH-C-004,B00930587,2298,22-11-2027,50,06-08-2026 09:00
MED0073,LOC0046,WH-C-004,B00730658,328,04-09-2026,20,06-08-2026 09:00
MED0044,LOC0046,WH-C-004,B00440742,587,23-05-2027,30,06-08-2026 09:00
MED0059,LOC0046,WH-C-004,B00590830,292,02-12-2028,75,06-08-2026 09:00
MED0092,LOC0046,WH-C-004,B00920990,196,08-08-2026,75,06-08-2026 09:00
MED0101,LOC0046,WH-C-004,B01011062,143,07-11-2027,20,06-08-2026 09:00
MED0018,LOC0046,WH-C-004,B00181192,73,02-10-2028,100,06-08-2026 09:00
MED0036,LOC0046,WH-C-004,B00361274,212,03-03-2028,100,06-08-2026 09:00
MED0105,LOC0046,WH-C-004,B01051366,572,11-01-2027,50,06-08-2026 09:00
MED0098,LOC0046,WH-C-004,B00981476,72,14-03-2027,75,06-08-2026 09:00
MED0085,LOC0046,WH-C-004,B00851579,4042,11-07-2028,50,06-08-2026 09:00
MED0039,LOC0046,WH-C-004,B00391642,0,27-08-2027,50,06-08-2026 09:00
MED0051,LOC0046,WH-C-004,B00511746,69,14-04-2027,75,06-08-2026 09:00
MED0009,LOC0046,WH-C-004,B00091874,247,21-07-2028,20,06-08-2026 09:00
MED0083,LOC0046,WH-C-004,B00831984,58,25-02-2027,50,06-08-2026 09:00
MED0062,LOC0046,WH-C-004,B00622053,269,07-12-2026,75,06-08-2026 09:00
MED0049,LOC0046,WH-C-004,B00492127,342,03-01-2027,75,06-08-2026 09:00
MED0061,LOC0046,WH-C-004,B00612294,751,18-12-2028,30,06-08-2026 09:00
MED0078,LOC0046,WH-C-004,B00782388,74,03-06-2028,20,06-08-2026 09:00
MED0100,LOC0046,WH-C-004,B01002488,72,08-07-2028,20,06-08-2026 09:00
MED0024,LOC0046,WH-C-004,B00242515,490,08-08-2027,20,06-08-2026 09:00
MED0074,LOC0046,WH-C-004,B00742654,0,30-08-2028,20,06-08-2026 09:00
MED0065,LOC0046,WH-C-004,B00652712,800,25-06-2027,75,06-08-2026 09:00
MED0091,LOC0046,WH-C-004,B00912878,0,23-05-2027,20,06-08-2026 09:00
MED0068,LOC0046,WH-C-004,B00682980,698,22-11-2026,100,06-08-2026 09:00
MED0034,LOC0046,WH-C-004,B00343026,0,16-10-2028,75,06-08-2026 09:00
MED0017,LOC0046,WH-C-004,B00173125,562,04-09-2026,75,06-08-2026 09:00
MED0042,LOC0046,WH-C-004,B00423265,376,21-10-2027,100,06-08-2026 09:00
MED0076,LOC0046,WH-C-004,B00763362,94,24-06-2027,20,06-08-2026 09:00
MED0075,LOC0046,WH-C-004,B00753417,15,17-07-2027,100,06-08-2026 09:00
MED0045,LOC0046,WH-C-004,B00453515,0,20-08-2027,20,06-08-2026 09:00
MED0081,LOC0046,WH-C-004,B00813626,670,30-08-2027,50,06-08-2026 09:00
MED0062,LOC0047,WH-C-005,B00620159,34,28-06-2028,20,06-08-2026 09:00
MED0085,LOC0047,WH-C-005,B00850288,86,30-09-2026,50,06-08-2026 09:00
MED0016,LOC0047,WH-C-005,B00160338,391,19-12-2026,75,06-08-2026 09:00
MED0113,LOC0047,WH-C-005,B01130494,675,27-12-2026,30,06-08-2026 09:00
MED0010,LOC0047,WH-C-005,B00100587,0,30-11-2026,50,06-08-2026 09:00
MED0110,LOC0047,WH-C-005,B01100637,268,01-07-2028,50,06-08-2026 09:00
MED0033,LOC0047,WH-C-005,B00330717,636,15-01-2028,20,06-08-2026 09:00
MED0070,LOC0047,WH-C-005,B00700878,738,25-08-2027,20,06-08-2026 09:00
MED0027,LOC0047,WH-C-005,B00270943,736,18-04-2028,75,06-08-2026 09:00
MED0064,LOC0047,WH-C-005,B00641026,478,05-07-2027,30,06-08-2026 09:00
MED0091,LOC0047,WH-C-005,B00911141,698,30-01-2027,20,06-08-2026 09:00
MED0095,LOC0047,WH-C-005,B00951245,584,26-07-2028,100,06-08-2026 09:00
MED0046,LOC0047,WH-C-005,B00461387,256,02-01-2029,50,06-08-2026 09:00
MED0029,LOC0047,WH-C-005,B00291432,4328,01-08-2027,20,06-08-2026 09:00
MED0057,LOC0047,WH-C-005,B00571555,450,27-07-2026,75,06-08-2026 09:00
MED0092,LOC0047,WH-C-005,B00921684,569,02-01-2027,75,06-08-2026 09:00
MED0039,LOC0047,WH-C-005,B00391766,624,08-01-2027,20,06-08-2026 09:00
MED0047,LOC0047,WH-C-005,B00471826,282,24-03-2028,30,06-08-2026 09:00
MED0071,LOC0047,WH-C-005,B00711916,150,05-09-2028,30,06-08-2026 09:00
MED0038,LOC0047,WH-C-005,B00382066,2157,05-04-2028,30,06-08-2026 09:00
MED0084,LOC0047,WH-C-005,B00842143,566,05-01-2027,100,06-08-2026 09:00
MED0032,LOC0047,WH-C-005,B00322279,0,31-10-2027,50,06-08-2026 09:00
MED0068,LOC0047,WH-C-005,B00682366,358,08-09-2026,20,06-08-2026 09:00
MED0035,LOC0047,WH-C-005,B00352457,242,10-06-2028,20,06-08-2026 09:00
MED0041,LOC0047,WH-C-005,B00412513,3746,30-03-2027,75,06-08-2026 09:00
MED0107,LOC0047,WH-C-005,B01072693,368,26-12-2027,50,06-08-2026 09:00
MED0065,LOC0047,WH-C-005,B00652757,301,17-04-2027,50,06-08-2026 09:00
MED0014,LOC0047,WH-C-005,B00142823,153,30-11-2026,20,06-08-2026 09:00
MED0007,LOC0047,WH-C-005,B00072975,320,11-01-2029,100,06-08-2026 09:00
MED0045,LOC0047,WH-C-005,B00453014,220,22-06-2028,100,06-08-2026 09:00
MED0053,LOC0047,WH-C-005,B00533138,664,11-08-2026,30,06-08-2026 09:00
MED0080,LOC0047,WH-C-005,B00803263,588,24-11-2028,100,06-08-2026 09:00
MED0063,LOC0047,WH-C-005,B00633370,540,17-07-2028,100,06-08-2026 09:00
MED0036,LOC0047,WH-C-005,B00363447,324,15-06-2028,100,06-08-2026 09:00
MED0011,LOC0047,WH-C-005,B00113568,786,28-06-2027,30,06-08-2026 09:00
MED0106,LOC0047,WH-C-005,B01063662,118,02-02-2028,50,06-08-2026 09:00
MED0018,LOC0047,WH-C-005,B00183793,4295,09-11-2027,50,06-08-2026 09:00
MED0067,LOC0047,WH-C-005,B00673882,459,27-06-2027,75,06-08-2026 09:00
MED0030,LOC0047,WH-C-005,B00303996,250,26-12-2027,30,06-08-2026 09:00
MED0040,LOC0047,WH-C-005,B00404053,620,24-08-2027,100,06-08-2026 09:00
MED0096,LOC0047,WH-C-005,B00964183,3673,04-04-2027,50,06-08-2026 09:00
MED0079,LOC0047,WH-C-005,B00794268,791,07-05-2027,75,06-08-2026 09:00
MED0112,LOC0047,WH-C-005,B01124370,428,24-05-2028,20,06-08-2026 09:00
MED0048,LOC0047,WH-C-005,B00484498,2139,28-11-2026,20,06-08-2026 09:00
MED0019,LOC0047,WH-C-005,B00194559,135,29-04-2028,30,06-08-2026 09:00
MED0005,LOC0047,WH-C-005,B00054647,411,09-07-2027,75,06-08-2026 09:00
MED0031,LOC0047,WH-C-005,B00314723,344,27-07-2028,20,06-08-2026 09:00
MED0100,LOC0047,WH-C-005,B01004890,3453,27-12-2027,20,06-08-2026 09:00
MED0059,LOC0047,WH-C-005,B00594999,446,06-03-2028,75,06-08-2026 09:00
MED0015,LOC0047,WH-C-005,B00155020,741,08-04-2028,30,06-08-2026 09:00
MED0001,LOC0048,WH-C-006,B00010136,752,21-11-2028,20,06-08-2026 09:00
MED0076,LOC0048,WH-C-006,B00760222,588,21-09-2027,75,06-08-2026 09:00
MED0113,LOC0048,WH-C-006,B01130366,121,16-03-2028,50,06-08-2026 09:00
MED0048,LOC0048,WH-C-006,B00480487,295,27-07-2027,30,06-08-2026 09:00
MED0087,LOC0048,WH-C-006,B00870536,682,10-02-2027,20,06-08-2026 09:00
MED0084,LOC0048,WH-C-006,B00840615,772,08-07-2028,100,06-08-2026 09:00
MED0059,LOC0048,WH-C-006,B00590757,199,30-07-2026,100,06-08-2026 09:00
MED0049,LOC0048,WH-C-006,B00490876,584,02-02-2028,30,06-08-2026 09:00
MED0042,LOC0048,WH-C-006,B00420925,302,06-11-2028,30,06-08-2026 09:00
MED0057,LOC0048,WH-C-006,B00571045,505,24-03-2027,75,06-08-2026 09:00
MED0023,LOC0048,WH-C-006,B00231119,80,19-06-2027,20,06-08-2026 09:00
MED0066,LOC0048,WH-C-006,B00661275,343,10-08-2028,50,06-08-2026 09:00
MED0093,LOC0048,WH-C-006,B00931365,322,13-12-2026,20,06-08-2026 09:00
MED0112,LOC0048,WH-C-006,B01121494,533,28-05-2028,20,06-08-2026 09:00
MED0036,LOC0048,WH-C-006,B00361585,642,01-07-2026,20,06-08-2026 09:00
MED0099,LOC0048,WH-C-006,B00991670,225,02-08-2027,75,06-08-2026 09:00
MED0013,LOC0048,WH-C-006,B00131726,191,20-08-2027,30,06-08-2026 09:00
MED0030,LOC0048,WH-C-006,B00301837,90,13-11-2028,30,06-08-2026 09:00
MED0039,LOC0048,WH-C-006,B00391932,502,05-06-2027,20,06-08-2026 09:00
MED0064,LOC0048,WH-C-006,B00642084,269,11-08-2028,20,06-08-2026 09:00
MED0044,LOC0048,WH-C-006,B00442148,495,07-05-2027,30,06-08-2026 09:00
MED0007,LOC0048,WH-C-006,B00072260,684,10-08-2028,30,06-08-2026 09:00
MED0073,LOC0048,WH-C-006,B00732324,492,16-06-2027,100,06-08-2026 09:00
MED0067,LOC0048,WH-C-006,B00672464,457,12-09-2028,50,06-08-2026 09:00
MED0068,LOC0048,WH-C-006,B00682599,326,25-10-2027,20,06-08-2026 09:00
MED0075,LOC0048,WH-C-006,B00752686,792,18-03-2028,75,06-08-2026 09:00
MED0103,LOC0048,WH-C-006,B01032737,29,06-04-2028,75,06-08-2026 09:00
MED0055,LOC0048,WH-C-006,B00552862,3323,25-09-2027,75,06-08-2026 09:00
MED0037,LOC0048,WH-C-006,B00372944,435,29-12-2026,75,06-08-2026 09:00
MED0106,LOC0048,WH-C-006,B01063049,347,20-12-2026,75,06-08-2026 09:00
MED0050,LOC0048,WH-C-006,B00503136,586,05-05-2028,75,06-08-2026 09:00
MED0041,LOC0048,WH-C-006,B00413287,628,16-03-2027,20,06-08-2026 09:00
MED0104,LOC0048,WH-C-006,B01043321,0,27-11-2027,100,06-08-2026 09:00
MED0019,LOC0048,WH-C-006,B00193493,785,07-01-2027,50,06-08-2026 09:00
MED0067,LOC0049,WH-C-007,B00670198,308,25-02-2026,20,06-08-2026 09:00
MED0027,LOC0049,WH-C-007,B00270258,0,14-01-2029,30,06-08-2026 09:00
MED0047,LOC0049,WH-C-007,B00470319,3105,21-01-2027,75,06-08-2026 09:00
MED0069,LOC0049,WH-C-007,B00690411,780,24-11-2026,100,06-08-2026 09:00
MED0026,LOC0049,WH-C-007,B00260560,155,13-09-2026,100,06-08-2026 09:00
MED0021,LOC0049,WH-C-007,B00210675,319,13-01-2028,30,06-08-2026 09:00
MED0108,LOC0049,WH-C-007,B01080793,469,01-08-2027,20,06-08-2026 09:00
MED0111,LOC0049,WH-C-007,B01110862,298,19-06-2027,100,06-08-2026 09:00
MED0051,LOC0049,WH-C-007,B00510974,291,03-05-2028,100,06-08-2026 09:00
MED0092,LOC0049,WH-C-007,B00921079,508,20-11-2027,30,06-08-2026 09:00
MED0030,LOC0049,WH-C-007,B00301139,591,15-12-2027,20,06-08-2026 09:00
MED0038,LOC0049,WH-C-007,B00381252,576,26-08-2026,75,06-08-2026 09:00
MED0109,LOC0049,WH-C-007,B01091336,85,17-08-2026,30,06-08-2026 09:00
MED0048,LOC0049,WH-C-007,B00481470,85,15-09-2026,75,06-08-2026 09:00
MED0043,LOC0049,WH-C-007,B00431573,580,03-01-2027,100,06-08-2026 09:00
MED0053,LOC0049,WH-C-007,B00531614,758,07-04-2027,50,06-08-2026 09:00
MED0028,LOC0049,WH-C-007,B00281744,613,09-11-2026,50,06-08-2026 09:00
MED0071,LOC0049,WH-C-007,B00711893,500,20-09-2027,30,06-08-2026 09:00
MED0094,LOC0049,WH-C-007,B00941920,725,25-05-2028,30,06-08-2026 09:00
MED0032,LOC0049,WH-C-007,B00322011,79,18-12-2028,20,06-08-2026 09:00
MED0002,LOC0049,WH-C-007,B00022124,124,26-01-2028,30,06-08-2026 09:00
MED0005,LOC0049,WH-C-007,B00052272,507,24-04-2028,20,06-08-2026 09:00
MED0003,LOC0049,WH-C-007,B00032347,560,13-11-2026,30,06-08-2026 09:00
MED0068,LOC0049,WH-C-007,B00682444,301,26-09-2028,20,06-08-2026 09:00
MED0014,LOC0049,WH-C-007,B00142528,380,22-04-2027,100,06-08-2026 09:00
MED0065,LOC0049,WH-C-007,B00652657,209,04-11-2028,50,06-08-2026 09:00
MED0106,LOC0049,WH-C-007,B01062727,483,08-10-2027,100,06-08-2026 09:00
MED0063,LOC0049,WH-C-007,B00632832,485,21-04-2026,30,06-08-2026 09:00
MED0061,LOC0050,WH-C-008,B00610135,574,09-09-2028,75,06-08-2026 09:00
MED0009,LOC0050,WH-C-008,B00090232,105,17-08-2027,20,06-08-2026 09:00
MED0001,LOC0050,WH-C-008,B00010392,129,27-06-2028,50,06-08-2026 09:00
MED0040,LOC0050,WH-C-008,B00400445,790,15-07-2028,75,06-08-2026 09:00
MED0090,LOC0050,WH-C-008,B00900539,484,06-11-2026,100,06-08-2026 09:00
MED0025,LOC0050,WH-C-008,B00250670,4518,17-08-2026,30,06-08-2026 09:00
MED0026,LOC0050,WH-C-008,B00260766,53,27-09-2026,20,06-08-2026 09:00
MED0089,LOC0050,WH-C-008,B00890825,334,21-12-2028,75,06-08-2026 09:00
MED0013,LOC0050,WH-C-008,B00130970,386,27-10-2028,30,06-08-2026 09:00
MED0069,LOC0050,WH-C-008,B00691087,534,23-01-2027,50,06-08-2026 09:00
MED0059,LOC0050,WH-C-008,B00591128,648,01-11-2028,30,06-08-2026 09:00
MED0043,LOC0050,WH-C-008,B00431297,501,18-07-2027,75,06-08-2026 09:00
MED0106,LOC0050,WH-C-008,B01061313,445,05-05-2027,20,06-08-2026 09:00
MED0008,LOC0050,WH-C-008,B00081464,789,18-11-2028,50,06-08-2026 09:00
MED0080,LOC0050,WH-C-008,B00801511,195,06-05-2027,30,06-08-2026 09:00
MED0060,LOC0050,WH-C-008,B00601649,538,26-06-2028,30,06-08-2026 09:00
MED0077,LOC0050,WH-C-008,B00771711,3510,01-04-2028,50,06-08-2026 09:00
MED0021,LOC0050,WH-C-008,B00211860,662,08-03-2028,100,06-08-2026 09:00
MED0113,LOC0050,WH-C-008,B01131917,721,05-08-2028,20,06-08-2026 09:00
MED0045,LOC0050,WH-C-008,B00452090,735,18-07-2028,100,06-08-2026 09:00
MED0082,LOC0050,WH-C-008,B00822179,484,28-08-2028,75,06-08-2026 09:00
MED0072,LOC0050,WH-C-008,B00722232,0,27-06-2026,20,06-08-2026 09:00
MED0029,LOC0050,WH-C-008,B00292317,2489,16-09-2026,30,06-08-2026 09:00
MED0095,LOC0050,WH-C-008,B00952493,4228,21-05-2027,50,06-08-2026 09:00
MED0081,LOC0050,WH-C-008,B00812531,340,24-09-2027,100,06-08-2026 09:00
MED0002,LOC0050,WH-C-008,B00022661,375,14-09-2028,100,06-08-2026 09:00
MED0109,LOC0050,WH-C-008,B01092774,685,19-08-2026,75,06-08-2026 09:00
MED0036,LOC0050,WH-C-008,B00362845,85,19-12-2026,30,06-08-2026 09:00
MED0037,LOC0050,WH-C-008,B00372910,517,15-08-2028,100,06-08-2026 09:00
MED0055,LOC0050,WH-C-008,B00553082,359,05-09-2026,50,06-08-2026 09:00
MED0075,LOC0050,WH-C-008,B00753121,474,04-10-2026,20,06-08-2026 09:00
MED0111,LOC0050,WH-C-008,B01113212,190,06-08-2028,30,06-08-2026 09:00
MED0048,LOC0050,WH-C-008,B00483320,222,18-02-2028,30,06-08-2026 09:00
MED0100,LOC0050,WH-C-008,B01003426,697,18-05-2027,30,06-08-2026 09:00
MED0007,LOC0051,WH-G-001,B00070136,275,25-09-2026,100,06-08-2026 09:00
MED0049,LOC0051,WH-G-001,B00490276,267,07-07-2026,50,06-08-2026 09:00
MED0091,LOC0051,WH-G-001,B00910382,478,20-11-2027,30,06-08-2026 09:00
MED0037,LOC0051,WH-G-001,B00370490,34,19-02-2027,75,06-08-2026 09:00
MED0023,LOC0051,WH-G-001,B00230552,8,04-03-2028,50,06-08-2026 09:00
MED0036,LOC0051,WH-G-001,B00360649,102,05-11-2027,50,06-08-2026 09:00
MED0018,LOC0051,WH-G-001,B00180788,190,27-01-2028,30,06-08-2026 09:00
MED0073,LOC0051,WH-G-001,B00730870,711,17-12-2027,75,06-08-2026 09:00
MED0041,LOC0051,WH-G-001,B00410996,382,12-03-2028,30,06-08-2026 09:00
MED0053,LOC0051,WH-G-001,B00531023,239,06-04-2028,75,06-08-2026 09:00
MED0029,LOC0051,WH-G-001,B00291185,275,19-12-2027,75,06-08-2026 09:00
MED0025,LOC0051,WH-G-001,B00251299,170,07-07-2028,20,06-08-2026 09:00
MED0035,LOC0051,WH-G-001,B00351394,581,17-03-2027,100,06-08-2026 09:00
MED0026,LOC0051,WH-G-001,B00261428,55,16-09-2027,50,06-08-2026 09:00
MED0110,LOC0051,WH-G-001,B01101528,169,08-09-2028,50,06-08-2026 09:00
MED0038,LOC0051,WH-G-001,B00381640,308,12-05-2027,30,06-08-2026 09:00
MED0034,LOC0051,WH-G-001,B00341781,741,05-10-2028,30,06-08-2026 09:00
MED0090,LOC0051,WH-G-001,B00901870,0,14-02-2027,50,06-08-2026 09:00
MED0057,LOC0051,WH-G-001,B00571995,715,01-03-2028,100,06-08-2026 09:00
MED0098,LOC0051,WH-G-001,B00982059,723,10-02-2027,75,06-08-2026 09:00
MED0012,LOC0051,WH-G-001,B00122146,136,04-10-2027,30,06-08-2026 09:00
MED0063,LOC0051,WH-G-001,B00632295,546,07-09-2026,75,06-08-2026 09:00
MED0046,LOC0051,WH-G-001,B00462340,0,05-05-2027,100,06-08-2026 09:00
MED0075,LOC0051,WH-G-001,B00752486,513,21-07-2028,50,06-08-2026 09:00
MED0047,LOC0051,WH-G-001,B00472534,661,29-03-2028,75,06-08-2026 09:00
MED0045,LOC0051,WH-G-001,B00452693,445,31-08-2026,20,06-08-2026 09:00
MED0083,LOC0051,WH-G-001,B00832771,291,25-09-2028,30,06-08-2026 09:00
MED0067,LOC0051,WH-G-001,B00672897,431,16-12-2027,20,06-08-2026 09:00
MED0058,LOC0051,WH-G-001,B00582997,476,24-10-2027,100,06-08-2026 09:00
MED0081,LOC0051,WH-G-001,B00813030,414,16-11-2026,20,06-08-2026 09:00
MED0022,LOC0051,WH-G-001,B00223111,4076,12-02-2028,50,06-08-2026 09:00
MED0005,LOC0051,WH-G-001,B00053216,686,01-01-2029,75,06-08-2026 09:00
MED0112,LOC0051,WH-G-001,B01123367,759,14-07-2028,50,06-08-2026 09:00
MED0050,LOC0051,WH-G-001,B00503456,484,04-05-2028,100,06-08-2026 09:00
MED0020,LOC0051,WH-G-001,B00203596,434,01-12-2027,20,06-08-2026 09:00
MED0069,LOC0051,WH-G-001,B00693685,345,28-10-2028,20,06-08-2026 09:00
MED0107,LOC0051,WH-G-001,B01073765,629,12-02-2028,50,06-08-2026 09:00
MED0027,LOC0051,WH-G-001,B00273868,40,07-09-2026,20,06-08-2026 09:00
MED0056,LOC0051,WH-G-001,B00563942,0,17-11-2027,50,06-08-2026 09:00
MED0089,LOC0051,WH-G-001,B00894079,303,28-11-2026,75,06-08-2026 09:00
MED0111,LOC0051,WH-G-001,B01114151,365,04-02-2028,50,06-08-2026 09:00
MED0077,LOC0051,WH-G-001,B00774214,610,22-09-2026,50,06-08-2026 09:00
MED0044,LOC0051,WH-G-001,B00444322,254,04-05-2028,100,06-08-2026 09:00
MED0065,LOC0051,WH-G-001,B00654454,648,12-08-2027,30,06-08-2026 09:00
MED0089,LOC0052,WH-G-002,B00890112,279,13-06-2026,30,06-08-2026 09:00
MED0080,LOC0052,WH-G-002,B00800291,281,09-07-2028,75,06-08-2026 09:00
MED0032,LOC0052,WH-G-002,B00320338,2920,14-05-2026,50,06-08-2026 09:00
MED0106,LOC0052,WH-G-002,B01060485,745,18-02-2028,20,06-08-2026 09:00
MED0107,LOC0052,WH-G-002,B01070581,336,05-03-2028,75,06-08-2026 09:00
MED0094,LOC0052,WH-G-002,B00940629,327,02-02-2028,20,06-08-2026 09:00
MED0111,LOC0052,WH-G-002,B01110731,510,18-10-2028,75,06-08-2026 09:00
MED0068,LOC0052,WH-G-002,B00680820,33,11-06-2028,75,06-08-2026 09:00
MED0073,LOC0052,WH-G-002,B00730977,353,23-09-2026,75,06-08-2026 09:00
MED0059,LOC0052,WH-G-002,B00591069,768,24-09-2028,50,06-08-2026 09:00
MED0006,LOC0052,WH-G-002,B00061182,598,30-10-2027,20,06-08-2026 09:00
MED0010,LOC0052,WH-G-002,B00101281,783,25-05-2026,75,06-08-2026 09:00
MED0042,LOC0052,WH-G-002,B00421358,384,18-03-2027,75,06-08-2026 09:00
MED0048,LOC0052,WH-G-002,B00481437,126,20-08-2026,100,06-08-2026 09:00
MED0005,LOC0052,WH-G-002,B00051561,182,28-12-2028,20,06-08-2026 09:00
MED0019,LOC0052,WH-G-002,B00191645,769,09-07-2028,100,06-08-2026 09:00
MED0078,LOC0052,WH-G-002,B00781797,645,02-10-2026,50,06-08-2026 09:00
MED0093,LOC0052,WH-G-002,B00931873,545,22-12-2027,50,06-08-2026 09:00
MED0082,LOC0052,WH-G-002,B00821961,460,04-05-2027,75,06-08-2026 09:00
MED0013,LOC0052,WH-G-002,B00132069,0,24-12-2028,50,06-08-2026 09:00
MED0049,LOC0052,WH-G-002,B00492163,100,02-09-2028,30,06-08-2026 09:00
MED0066,LOC0052,WH-G-002,B00662227,651,09-06-2026,75,06-08-2026 09:00
MED0011,LOC0052,WH-G-002,B00112362,82,22-11-2028,100,06-08-2026 09:00
MED0044,LOC0052,WH-G-002,B00442470,255,05-08-2028,20,06-08-2026 09:00
MED0096,LOC0052,WH-G-002,B00962593,23,20-01-2029,20,06-08-2026 09:00
MED0039,LOC0052,WH-G-002,B00392668,197,18-04-2027,75,06-08-2026 09:00
MED0055,LOC0052,WH-G-002,B00552735,245,02-11-2028,50,06-08-2026 09:00
MED0052,LOC0052,WH-G-002,B00522883,2265,03-06-2027,50,06-08-2026 09:00
MED0003,LOC0052,WH-G-002,B00032932,700,09-07-2027,75,06-08-2026 09:00
MED0024,LOC0052,WH-G-002,B00243030,113,09-10-2027,75,06-08-2026 09:00
MED0033,LOC0052,WH-G-002,B00333197,71,28-07-2026,30,06-08-2026 09:00
MED0092,LOC0052,WH-G-002,B00923263,481,15-01-2027,75,06-08-2026 09:00
MED0056,LOC0052,WH-G-002,B00563387,550,25-09-2026,50,06-08-2026 09:00
MED0015,LOC0052,WH-G-002,B00153417,449,16-11-2028,100,06-08-2026 09:00
MED0025,LOC0052,WH-G-002,B00253561,742,11-11-2027,50,06-08-2026 09:00
MED0074,LOC0052,WH-G-002,B00743623,450,11-03-2027,100,06-08-2026 09:00
MED0034,LOC0052,WH-G-002,B00343724,776,14-12-2028,30,06-08-2026 09:00
MED0114,LOC0052,WH-G-002,B01143871,672,10-07-2027,30,06-08-2026 09:00
MED0097,LOC0052,WH-G-002,B00973968,337,18-01-2027,30,06-08-2026 09:00
MED0070,LOC0052,WH-G-002,B00704098,775,02-09-2027,75,06-08-2026 09:00
MED0112,LOC0052,WH-G-002,B01124145,461,07-06-2028,75,06-08-2026 09:00
MED0007,LOC0052,WH-G-002,B00074246,0,09-09-2026,100,06-08-2026 09:00
MED0101,LOC0052,WH-G-002,B01014347,379,03-11-2028,20,06-08-2026 09:00
MED0061,LOC0052,WH-G-002,B00614470,162,12-09-2027,50,06-08-2026 09:00
MED0028,LOC0052,WH-G-002,B00284526,158,15-10-2028,75,06-08-2026 09:00
MED0090,LOC0052,WH-G-002,B00904613,393,25-06-2027,30,06-08-2026 09:00
MED0036,LOC0052,WH-G-002,B00364756,151,27-07-2027,30,06-08-2026 09:00
MED0085,LOC0052,WH-G-002,B00854831,529,29-07-2028,100,06-08-2026 09:00
MED0110,LOC0052,WH-G-002,B01104976,601,21-09-2027,50,06-08-2026 09:00
MED0065,LOC0052,WH-G-002,B00655071,496,24-04-2028,50,06-08-2026 09:00
MED0104,LOC0052,WH-G-002,B01045153,388,20-07-2026,30,06-08-2026 09:00
MED0077,LOC0052,WH-G-002,B00775225,229,19-07-2028,30,06-08-2026 09:00
MED0026,LOC0052,WH-G-002,B00265311,470,18-08-2028,30,06-08-2026 09:00
MED0105,LOC0052,WH-G-002,B01055414,759,14-09-2028,100,06-08-2026 09:00
MED0081,LOC0053,WH-G-003,B00810179,2341,14-02-2027,75,06-08-2026 09:00
MED0013,LOC0053,WH-G-003,B00130284,498,13-11-2026,100,06-08-2026 09:00
MED0043,LOC0053,WH-G-003,B00430392,114,31-01-2028,75,06-08-2026 09:00
MED0065,LOC0053,WH-G-003,B00650410,650,14-02-2028,30,06-08-2026 09:00
MED0009,LOC0053,WH-G-003,B00090532,615,11-08-2028,50,06-08-2026 09:00
MED0035,LOC0053,WH-G-003,B00350648,526,25-08-2028,50,06-08-2026 09:00
MED0071,LOC0053,WH-G-003,B00710781,254,28-09-2028,50,06-08-2026 09:00
MED0069,LOC0053,WH-G-003,B00690833,450,24-09-2026,100,06-08-2026 09:00
MED0095,LOC0053,WH-G-003,B00950970,0,08-04-2028,75,06-08-2026 09:00
MED0107,LOC0053,WH-G-003,B01071048,67,23-09-2028,75,06-08-2026 09:00
MED0011,LOC0053,WH-G-003,B00111178,453,07-10-2028,20,06-08-2026 09:00
MED0103,LOC0053,WH-G-003,B01031249,111,10-06-2027,30,06-08-2026 09:00
MED0008,LOC0053,WH-G-003,B00081397,784,17-02-2027,100,06-08-2026 09:00
MED0058,LOC0053,WH-G-003,B00581451,215,11-04-2027,50,06-08-2026 09:00
MED0073,LOC0053,WH-G-003,B00731588,405,14-04-2027,30,06-08-2026 09:00
MED0067,LOC0053,WH-G-003,B00671686,528,03-09-2028,30,06-08-2026 09:00
MED0032,LOC0053,WH-G-003,B00321770,275,31-07-2027,75,06-08-2026 09:00
MED0098,LOC0053,WH-G-003,B00981850,313,01-11-2027,50,06-08-2026 09:00
MED0033,LOC0053,WH-G-003,B00331910,576,05-01-2028,75,06-08-2026 09:00
MED0106,LOC0053,WH-G-003,B01062027,0,26-08-2028,75,06-08-2026 09:00
MED0024,LOC0053,WH-G-003,B00242136,19,30-05-2027,75,06-08-2026 09:00
MED0089,LOC0053,WH-G-003,B00892258,382,18-04-2026,50,06-08-2026 09:00
MED0084,LOC0053,WH-G-003,B00842389,756,12-06-2027,50,06-08-2026 09:00
MED0097,LOC0053,WH-G-003,B00972430,280,22-08-2026,100,06-08-2026 09:00
MED0030,LOC0053,WH-G-003,B00302594,738,21-12-2026,50,06-08-2026 09:00
MED0093,LOC0053,WH-G-003,B00932687,723,17-08-2027,75,06-08-2026 09:00
MED0059,LOC0053,WH-G-003,B00592745,103,28-08-2026,100,06-08-2026 09:00
MED0023,LOC0053,WH-G-003,B00232819,291,15-08-2026,100,06-08-2026 09:00
MED0006,LOC0053,WH-G-003,B00062929,750,08-04-2027,50,06-08-2026 09:00
MED0078,LOC0053,WH-G-003,B00783041,204,26-01-2028,100,06-08-2026 09:00
MED0109,LOC0053,WH-G-003,B01093177,781,27-05-2028,50,06-08-2026 09:00
MED0108,LOC0053,WH-G-003,B01083299,143,12-01-2027,50,06-08-2026 09:00
MED0036,LOC0053,WH-G-003,B00363337,369,03-02-2028,50,06-08-2026 09:00
MED0012,LOC0053,WH-G-003,B00123435,233,11-10-2027,30,06-08-2026 09:00
MED0025,LOC0053,WH-G-003,B00253525,765,27-03-2027,50,06-08-2026 09:00
MED0110,LOC0053,WH-G-003,B01103617,498,28-04-2028,75,06-08-2026 09:00
MED0017,LOC0053,WH-G-003,B00173774,579,06-12-2026,100,06-08-2026 09:00
MED0099,LOC0053,WH-G-003,B00993891,503,11-10-2027,50,06-08-2026 09:00
MED0039,LOC0053,WH-G-003,B00393924,578,11-09-2026,20,06-08-2026 09:00
MED0102,LOC0053,WH-G-003,B01024083,525,01-02-2027,100,06-08-2026 09:00
MED0027,LOC0053,WH-G-003,B00274197,195,28-12-2028,75,06-08-2026 09:00
MED0090,LOC0053,WH-G-003,B00904229,476,29-11-2028,75,06-08-2026 09:00
MED0091,LOC0053,WH-G-003,B00914377,4653,11-02-2028,50,06-08-2026 09:00
MED0062,LOC0053,WH-G-003,B00624489,411,10-11-2026,75,06-08-2026 09:00
MED0060,LOC0053,WH-G-003,B00604529,0,15-01-2028,75,06-08-2026 09:00
MED0113,LOC0053,WH-G-003,B01134678,598,04-10-2027,50,06-08-2026 09:00
MED0007,LOC0053,WH-G-003,B00074755,205,14-06-2028,75,06-08-2026 09:00
MED0041,LOC0053,WH-G-003,B00414833,791,26-08-2026,100,06-08-2026 09:00
MED0010,LOC0053,WH-G-003,B00104926,0,14-12-2026,20,06-08-2026 09:00
MED0026,LOC0053,WH-G-003,B00265039,70,22-09-2027,100,06-08-2026 09:00
MED0026,LOC0054,WH-G-004,B00260163,366,24-09-2027,75,06-08-2026 09:00
MED0039,LOC0054,WH-G-004,B00390271,92,07-11-2027,30,06-08-2026 09:00
MED0021,LOC0054,WH-G-004,B00210363,467,30-04-2026,50,06-08-2026 09:00
MED0055,LOC0054,WH-G-004,B00550418,102,17-09-2027,75,06-08-2026 09:00
MED0035,LOC0054,WH-G-004,B00350520,667,22-10-2028,75,06-08-2026 09:00
MED0030,LOC0054,WH-G-004,B00300692,16,12-08-2027,75,06-08-2026 09:00
MED0028,LOC0054,WH-G-004,B00280782,0,04-05-2027,50,06-08-2026 09:00
MED0099,LOC0054,WH-G-004,B00990814,2637,06-09-2026,20,06-08-2026 09:00
MED0046,LOC0054,WH-G-004,B00460947,214,10-09-2028,20,06-08-2026 09:00
MED0004,LOC0054,WH-G-004,B00041076,161,01-05-2027,50,06-08-2026 09:00
MED0018,LOC0054,WH-G-004,B00181130,684,24-02-2027,30,06-08-2026 09:00
MED0057,LOC0054,WH-G-004,B00571243,313,21-11-2027,20,06-08-2026 09:00
MED0016,LOC0054,WH-G-004,B00161314,26,28-02-2028,100,06-08-2026 09:00
MED0049,LOC0054,WH-G-004,B00491486,47,23-12-2028,30,06-08-2026 09:00
MED0105,LOC0054,WH-G-004,B01051521,102,09-06-2026,100,06-08-2026 09:00
MED0103,LOC0054,WH-G-004,B01031663,115,22-02-2028,75,06-08-2026 09:00
MED0096,LOC0054,WH-G-004,B00961749,617,04-11-2026,100,06-08-2026 09:00
MED0095,LOC0054,WH-G-004,B00951879,263,18-09-2026,75,06-08-2026 09:00
MED0027,LOC0054,WH-G-004,B00271973,684,07-03-2028,50,06-08-2026 09:00
MED0101,LOC0054,WH-G-004,B01012038,224,30-03-2027,100,06-08-2026 09:00
MED0007,LOC0054,WH-G-004,B00072123,734,25-07-2028,20,06-08-2026 09:00
MED0058,LOC0054,WH-G-004,B00582252,189,08-09-2027,30,06-08-2026 09:00
MED0107,LOC0054,WH-G-004,B01072326,532,04-08-2027,75,06-08-2026 09:00
MED0052,LOC0054,WH-G-004,B00522414,677,23-09-2026,50,06-08-2026 09:00
MED0114,LOC0054,WH-G-004,B01142528,202,18-11-2026,75,06-08-2026 09:00
MED0098,LOC0054,WH-G-004,B00982611,243,30-09-2027,20,06-08-2026 09:00
MED0097,LOC0054,WH-G-004,B00972761,352,17-06-2028,100,06-08-2026 09:00
MED0076,LOC0054,WH-G-004,B00762866,464,15-05-2028,75,06-08-2026 09:00
MED0102,LOC0054,WH-G-004,B01022953,671,15-10-2027,20,06-08-2026 09:00
MED0012,LOC0054,WH-G-004,B00123094,499,14-02-2028,30,06-08-2026 09:00
MED0023,LOC0054,WH-G-004,B00233118,350,31-07-2027,20,06-08-2026 09:00
MED0065,LOC0054,WH-G-004,B00653222,26,13-03-2027,50,06-08-2026 09:00
MED0075,LOC0054,WH-G-004,B00753347,113,21-09-2026,30,06-08-2026 09:00
MED0067,LOC0054,WH-G-004,B00673420,314,23-05-2028,30,06-08-2026 09:00
MED0086,LOC0054,WH-G-004,B00863538,523,30-09-2028,100,06-08-2026 09:00
MED0112,LOC0054,WH-G-004,B01123629,762,11-07-2028,20,06-08-2026 09:00
MED0089,LOC0054,WH-G-004,B00893756,537,22-03-2026,100,06-08-2026 09:00
MED0080,LOC0054,WH-G-004,B00803822,543,15-04-2027,100,06-08-2026 09:00
MED0082,LOC0055,WH-G-005,B00820141,492,25-12-2028,75,06-08-2026 09:00
MED0114,LOC0055,WH-G-005,B01140234,661,01-07-2028,75,06-08-2026 09:00
MED0110,LOC0055,WH-G-005,B01100327,72,13-08-2027,30,06-08-2026 09:00
MED0080,LOC0055,WH-G-005,B00800436,4399,08-04-2027,75,06-08-2026 09:00
MED0029,LOC0055,WH-G-005,B00290591,282,15-11-2026,75,06-08-2026 09:00
MED0108,LOC0055,WH-G-005,B01080686,536,16-09-2026,20,06-08-2026 09:00
MED0097,LOC0055,WH-G-005,B00970779,448,11-03-2027,75,06-08-2026 09:00
MED0092,LOC0055,WH-G-005,B00920853,72,15-12-2028,100,06-08-2026 09:00
MED0020,LOC0055,WH-G-005,B00200924,41,23-07-2027,50,06-08-2026 09:00
MED0070,LOC0055,WH-G-005,B00701072,172,12-10-2028,75,06-08-2026 09:00
MED0079,LOC0055,WH-G-005,B00791187,105,22-09-2026,50,06-08-2026 09:00
MED0055,LOC0055,WH-G-005,B00551273,247,14-09-2028,100,06-08-2026 09:00
MED0026,LOC0055,WH-G-005,B00261345,653,25-09-2026,75,06-08-2026 09:00
MED0036,LOC0055,WH-G-005,B00361495,655,07-01-2028,50,06-08-2026 09:00
MED0007,LOC0055,WH-G-005,B00071541,85,03-04-2026,50,06-08-2026 09:00
MED0052,LOC0055,WH-G-005,B00521623,605,03-08-2027,100,06-08-2026 09:00
MED0038,LOC0055,WH-G-005,B00381795,579,18-04-2028,75,06-08-2026 09:00
MED0050,LOC0055,WH-G-005,B00501892,0,29-09-2026,75,06-08-2026 09:00
MED0067,LOC0055,WH-G-005,B00671956,120,06-07-2027,20,06-08-2026 09:00
MED0054,LOC0055,WH-G-005,B00542015,618,12-12-2027,100,06-08-2026 09:00
MED0061,LOC0055,WH-G-005,B00612176,450,13-06-2028,50,06-08-2026 09:00
MED0060,LOC0055,WH-G-005,B00602295,643,20-01-2028,20,06-08-2026 09:00
MED0042,LOC0055,WH-G-005,B00422322,185,13-05-2026,20,06-08-2026 09:00
MED0018,LOC0055,WH-G-005,B00182455,29,21-07-2027,50,06-08-2026 09:00
MED0039,LOC0055,WH-G-005,B00392516,254,14-01-2029,50,06-08-2026 09:00
MED0001,LOC0055,WH-G-005,B00012636,650,17-04-2027,50,06-08-2026 09:00
MED0010,LOC0055,WH-G-005,B00102761,560,01-12-2028,100,06-08-2026 09:00
MED0033,LOC0055,WH-G-005,B00332852,176,03-02-2027,50,06-08-2026 09:00
MED0072,LOC0055,WH-G-005,B00722950,757,25-06-2027,50,06-08-2026 09:00
MED0040,LOC0055,WH-G-005,B00403050,4957,01-09-2026,50,06-08-2026 09:00
MED0027,LOC0055,WH-G-005,B00273143,190,30-05-2027,100,06-08-2026 09:00
MED0104,LOC0055,WH-G-005,B01043230,448,15-12-2028,75,06-08-2026 09:00
MED0077,LOC0055,WH-G-005,B00773374,114,17-09-2027,30,06-08-2026 09:00
MED0009,LOC0055,WH-G-005,B00093489,573,16-12-2027,100,06-08-2026 09:00
MED0008,LOC0055,WH-G-005,B00083561,92,13-09-2028,20,06-08-2026 09:00
MED0019,LOC0056,WH-G-006,B00190176,581,13-05-2027,100,06-08-2026 09:00
MED0092,LOC0056,WH-G-006,B00920243,589,05-12-2027,100,06-08-2026 09:00
MED0044,LOC0056,WH-G-006,B00440340,269,12-11-2027,50,06-08-2026 09:00
MED0069,LOC0056,WH-G-006,B00690451,78,21-03-2027,50,06-08-2026 09:00
MED0046,LOC0056,WH-G-006,B00460574,592,04-10-2026,30,06-08-2026 09:00
MED0051,LOC0056,WH-G-006,B00510639,107,14-07-2028,75,06-08-2026 09:00
MED0018,LOC0056,WH-G-006,B00180769,660,21-06-2027,50,06-08-2026 09:00
MED0050,LOC0056,WH-G-006,B00500873,54,26-01-2028,50,06-08-2026 09:00
MED0014,LOC0056,WH-G-006,B00140981,175,13-04-2026,100,06-08-2026 09:00
MED0095,LOC0056,WH-G-006,B00951018,488,04-04-2027,20,06-08-2026 09:00
MED0103,LOC0056,WH-G-006,B01031113,4944,20-07-2027,50,06-08-2026 09:00
MED0038,LOC0056,WH-G-006,B00381260,721,20-03-2027,100,06-08-2026 09:00
MED0079,LOC0056,WH-G-006,B00791348,317,24-09-2028,30,06-08-2026 09:00
MED0073,LOC0056,WH-G-006,B00731479,520,31-03-2027,50,06-08-2026 09:00
MED0011,LOC0056,WH-G-006,B00111555,6,28-12-2026,100,06-08-2026 09:00
MED0042,LOC0056,WH-G-006,B00421662,2290,29-04-2028,100,06-08-2026 09:00
MED0029,LOC0056,WH-G-006,B00291732,254,04-01-2029,30,06-08-2026 09:00
MED0057,LOC0056,WH-G-006,B00571825,0,19-11-2028,30,06-08-2026 09:00
MED0006,LOC0056,WH-G-006,B00061959,3652,05-10-2028,50,06-08-2026 09:00
MED0032,LOC0056,WH-G-006,B00322033,485,28-08-2026,75,06-08-2026 09:00
MED0071,LOC0056,WH-G-006,B00712173,181,20-07-2027,20,06-08-2026 09:00
MED0020,LOC0056,WH-G-006,B00202292,411,29-10-2027,20,06-08-2026 09:00
MED0086,LOC0056,WH-G-006,B00862312,769,23-08-2026,20,06-08-2026 09:00
MED0036,LOC0056,WH-G-006,B00362422,4281,30-08-2026,100,06-08-2026 09:00
MED0004,LOC0056,WH-G-006,B00042510,0,16-11-2026,30,06-08-2026 09:00
MED0064,LOC0056,WH-G-006,B00642682,28,07-06-2028,50,06-08-2026 09:00
MED0098,LOC0056,WH-G-006,B00982773,176,31-07-2028,50,06-08-2026 09:00
MED0088,LOC0056,WH-G-006,B00882829,353,19-09-2026,30,06-08-2026 09:00
MED0105,LOC0056,WH-G-006,B01052932,181,27-10-2028,100,06-08-2026 09:00
MED0087,LOC0056,WH-G-006,B00873078,455,27-07-2026,100,06-08-2026 09:00
MED0097,LOC0056,WH-G-006,B00973154,319,22-02-2027,20,06-08-2026 09:00
MED0083,LOC0056,WH-G-006,B00833234,171,27-03-2028,30,06-08-2026 09:00
MED0028,LOC0056,WH-G-006,B00283394,627,12-02-2028,100,06-08-2026 09:00
MED0114,LOC0056,WH-G-006,B01143480,458,18-09-2028,100,06-08-2026 09:00
MED0002,LOC0056,WH-G-006,B00023572,374,28-09-2026,20,06-08-2026 09:00
MED0104,LOC0056,WH-G-006,B01043694,42,09-03-2028,30,06-08-2026 09:00
MED0113,LOC0056,WH-G-006,B01133751,4129,17-09-2026,100,06-08-2026 09:00
MED0003,LOC0056,WH-G-006,B00033879,719,12-12-2027,100,06-08-2026 09:00
MED0062,LOC0056,WH-G-006,B00623947,138,25-05-2027,30,06-08-2026 09:00
MED0084,LOC0056,WH-G-006,B00844072,386,08-08-2026,75,06-08-2026 09:00
MED0054,LOC0056,WH-G-006,B00544173,495,13-09-2027,20,06-08-2026 09:00
MED0099,LOC0057,WH-G-007,B00990158,655,20-12-2026,75,06-08-2026 09:00
MED0088,LOC0057,WH-G-007,B00880240,119,08-11-2026,30,06-08-2026 09:00
MED0090,LOC0057,WH-G-007,B00900361,399,19-11-2027,50,06-08-2026 09:00
MED0008,LOC0057,WH-G-007,B00080443,613,18-09-2028,20,06-08-2026 09:00
MED0068,LOC0057,WH-G-007,B00680549,727,06-08-2028,75,06-08-2026 09:00
MED0107,LOC0057,WH-G-007,B01070662,669,10-08-2027,30,06-08-2026 09:00
MED0006,LOC0057,WH-G-007,B00060772,423,17-05-2027,20,06-08-2026 09:00
MED0025,LOC0057,WH-G-007,B00250899,641,16-12-2026,50,06-08-2026 09:00
MED0012,LOC0057,WH-G-007,B00120924,4824,17-08-2028,75,06-08-2026 09:00
MED0040,LOC0057,WH-G-007,B00401051,500,10-09-2026,20,06-08-2026 09:00
MED0076,LOC0057,WH-G-007,B00761198,262,05-11-2028,30,06-08-2026 09:00
MED0096,LOC0057,WH-G-007,B00961243,293,09-06-2028,75,06-08-2026 09:00
MED0074,LOC0057,WH-G-007,B00741321,404,29-05-2027,20,06-08-2026 09:00
MED0070,LOC0057,WH-G-007,B00701470,205,09-08-2026,100,06-08-2026 09:00
MED0023,LOC0057,WH-G-007,B00231533,2936,28-04-2026,75,06-08-2026 09:00
MED0083,LOC0057,WH-G-007,B00831657,69,26-07-2028,20,06-08-2026 09:00
MED0041,LOC0057,WH-G-007,B00411794,452,16-12-2026,75,06-08-2026 09:00
MED0095,LOC0057,WH-G-007,B00951850,193,15-11-2028,100,06-08-2026 09:00
MED0007,LOC0057,WH-G-007,B00071932,156,18-07-2027,20,06-08-2026 09:00
MED0069,LOC0057,WH-G-007,B00692029,659,31-08-2026,50,06-08-2026 09:00
MED0004,LOC0057,WH-G-007,B00042152,230,22-05-2027,50,06-08-2026 09:00
MED0103,LOC0057,WH-G-007,B01032287,0,13-07-2027,75,06-08-2026 09:00
MED0039,LOC0057,WH-G-007,B00392317,164,27-08-2026,100,06-08-2026 09:00
MED0050,LOC0057,WH-G-007,B00502489,419,21-11-2026,20,06-08-2026 09:00
MED0109,LOC0057,WH-G-007,B01092523,329,30-03-2027,30,06-08-2026 09:00
MED0046,LOC0057,WH-G-007,B00462659,0,22-07-2026,30,06-08-2026 09:00
MED0097,LOC0057,WH-G-007,B00972782,2919,10-12-2026,100,06-08-2026 09:00
MED0093,LOC0057,WH-G-007,B00932883,4657,05-03-2028,100,06-08-2026 09:00
MED0056,LOC0057,WH-G-007,B00562940,630,09-12-2028,75,06-08-2026 09:00
MED0066,LOC0057,WH-G-007,B00663068,353,16-08-2028,75,06-08-2026 09:00
MED0110,LOC0057,WH-G-007,B01103138,156,07-11-2027,75,06-08-2026 09:00
MED0100,LOC0057,WH-G-007,B01003242,748,06-12-2027,30,06-08-2026 09:00
MED0085,LOC0057,WH-G-007,B00853328,21,07-09-2027,30,06-08-2026 09:00
MED0048,LOC0057,WH-G-007,B00483461,727,24-06-2027,20,06-08-2026 09:00
MED0108,LOC0057,WH-G-007,B01083563,361,24-12-2027,30,06-08-2026 09:00
MED0028,LOC0057,WH-G-007,B00283669,463,06-12-2027,75,06-08-2026 09:00
MED0013,LOC0057,WH-G-007,B00133777,681,13-11-2028,50,06-08-2026 09:00
MED0059,LOC0057,WH-G-007,B00593894,729,22-05-2027,30,06-08-2026 09:00
MED0024,LOC0057,WH-G-007,B00243962,474,25-12-2028,100,06-08-2026 09:00
MED0029,LOC0057,WH-G-007,B00294023,218,28-02-2028,50,06-08-2026 09:00
MED0098,LOC0057,WH-G-007,B00984189,307,05-01-2029,100,06-08-2026 09:00
MED0010,LOC0057,WH-G-007,B00104230,0,21-05-2028,75,06-08-2026 09:00
MED0027,LOC0057,WH-G-007,B00274313,442,31-01-2028,75,06-08-2026 09:00
MED0050,LOC0058,WH-G-008,B00500156,218,10-01-2027,30,06-08-2026 09:00
MED0073,LOC0058,WH-G-008,B00730270,597,04-02-2028,100,06-08-2026 09:00
MED0086,LOC0058,WH-G-008,B00860330,296,01-06-2028,50,06-08-2026 09:00
MED0023,LOC0058,WH-G-008,B00230462,121,29-07-2028,30,06-08-2026 09:00
MED0035,LOC0058,WH-G-008,B00350598,643,18-08-2027,30,06-08-2026 09:00
MED0096,LOC0058,WH-G-008,B00960622,679,02-02-2028,30,06-08-2026 09:00
MED0088,LOC0058,WH-G-008,B00880731,3560,06-03-2028,20,06-08-2026 09:00
MED0113,LOC0058,WH-G-008,B01130883,371,24-06-2028,20,06-08-2026 09:00
MED0099,LOC0058,WH-G-008,B00990982,20,21-09-2028,30,06-08-2026 09:00
MED0020,LOC0058,WH-G-008,B00201032,87,13-01-2027,50,06-08-2026 09:00
MED0083,LOC0058,WH-G-008,B00831124,693,06-04-2027,30,06-08-2026 09:00
MED0052,LOC0058,WH-G-008,B00521220,328,17-01-2029,30,06-08-2026 09:00
MED0074,LOC0058,WH-G-008,B00741363,506,07-03-2026,50,06-08-2026 09:00
MED0101,LOC0058,WH-G-008,B01011476,258,17-08-2027,30,06-08-2026 09:00
MED0026,LOC0058,WH-G-008,B00261599,170,22-08-2026,20,06-08-2026 09:00
MED0105,LOC0058,WH-G-008,B01051694,443,10-08-2027,50,06-08-2026 09:00
MED0053,LOC0058,WH-G-008,B00531789,340,17-03-2027,75,06-08-2026 09:00
MED0041,LOC0058,WH-G-008,B00411870,19,27-05-2027,20,06-08-2026 09:00
MED0060,LOC0058,WH-G-008,B00601958,711,17-10-2028,75,06-08-2026 09:00
MED0032,LOC0058,WH-G-008,B00322064,524,14-01-2029,50,06-08-2026 09:00
MED0017,LOC0058,WH-G-008,B00172143,135,09-11-2028,75,06-08-2026 09:00
MED0063,LOC0058,WH-G-008,B00632295,288,07-02-2028,100,06-08-2026 09:00
MED0097,LOC0058,WH-G-008,B00972312,326,28-02-2027,20,06-08-2026 09:00
MED0079,LOC0058,WH-G-008,B00792457,109,04-05-2027,30,06-08-2026 09:00
MED0091,LOC0058,WH-G-008,B00912511,242,20-01-2027,20,06-08-2026 09:00
MED0068,LOC0058,WH-G-008,B00682619,349,28-07-2028,20,06-08-2026 09:00
MED0081,LOC0058,WH-G-008,B00812795,471,08-10-2027,30,06-08-2026 09:00
MED0005,LOC0058,WH-G-008,B00052820,57,27-05-2027,20,06-08-2026 09:00
MED0013,LOC0058,WH-G-008,B00132939,2375,11-02-2026,30,06-08-2026 09:00
MED0009,LOC0058,WH-G-008,B00093090,0,27-08-2026,30,06-08-2026 09:00
MED0011,LOC0058,WH-G-008,B00113187,202,25-03-2028,100,06-08-2026 09:00
MED0003,LOC0058,WH-G-008,B00033266,749,05-01-2027,30,06-08-2026 09:00
MED0002,LOC0058,WH-G-008,B00023343,81,25-05-2027,30,06-08-2026 09:00
MED0007,LOC0058,WH-G-008,B00073425,589,20-10-2028,30,06-08-2026 09:00
MED0043,LOC0058,WH-G-008,B00433530,329,25-06-2027,20,06-08-2026 09:00
MED0012,LOC0058,WH-G-008,B00123674,606,31-12-2027,75,06-08-2026 09:00
MED0092,LOC0058,WH-G-008,B00923740,256,26-11-2028,50,06-08-2026 09:00
MED0046,LOC0058,WH-G-008,B00463842,0,03-10-2028,100,06-08-2026 09:00
MED0097,LOC0059,WH-G-009,B00970169,707,23-02-2028,100,06-08-2026 09:00
MED0021,LOC0059,WH-G-009,B00210267,412,22-02-2028,50,06-08-2026 09:00
MED0009,LOC0059,WH-G-009,B00090327,768,29-11-2026,30,06-08-2026 09:00
MED0008,LOC0059,WH-G-009,B00080411,647,30-08-2026,50,06-08-2026 09:00
MED0112,LOC0059,WH-G-009,B01120585,677,07-04-2027,75,06-08-2026 09:00
MED0064,LOC0059,WH-G-009,B00640644,16,06-04-2027,30,06-08-2026 09:00
MED0045,LOC0059,WH-G-009,B00450780,509,10-09-2027,50,06-08-2026 09:00
MED0094,LOC0059,WH-G-009,B00940865,498,29-03-2028,50,06-08-2026 09:00
MED0111,LOC0059,WH-G-009,B01110917,163,15-09-2028,75,06-08-2026 09:00
MED0080,LOC0059,WH-G-009,B00801071,68,26-10-2028,50,06-08-2026 09:00
MED0114,LOC0059,WH-G-009,B01141137,240,24-03-2028,100,06-08-2026 09:00
MED0056,LOC0059,WH-G-009,B00561290,315,16-10-2027,75,06-08-2026 09:00
MED0011,LOC0059,WH-G-009,B00111326,439,09-07-2028,50,06-08-2026 09:00
MED0087,LOC0059,WH-G-009,B00871426,742,09-10-2028,100,06-08-2026 09:00
MED0098,LOC0059,WH-G-009,B00981557,484,04-09-2026,50,06-08-2026 09:00
MED0092,LOC0059,WH-G-009,B00921691,334,20-09-2027,75,06-08-2026 09:00
MED0058,LOC0059,WH-G-009,B00581799,568,09-10-2027,75,06-08-2026 09:00
MED0002,LOC0059,WH-G-009,B00021839,329,12-06-2028,30,06-08-2026 09:00
MED0096,LOC0059,WH-G-009,B00961912,255,28-02-2028,100,06-08-2026 09:00
MED0101,LOC0059,WH-G-009,B01012089,97,04-04-2027,50,06-08-2026 09:00
MED0012,LOC0059,WH-G-009,B00122144,4010,18-11-2028,50,06-08-2026 09:00
MED0041,LOC0059,WH-G-009,B00412245,796,31-12-2028,20,06-08-2026 09:00
MED0076,LOC0059,WH-G-009,B00762338,796,22-08-2026,30,06-08-2026 09:00
MED0047,LOC0059,WH-G-009,B00472444,635,02-04-2027,20,06-08-2026 09:00
MED0090,LOC0059,WH-G-009,B00902535,321,06-05-2028,50,06-08-2026 09:00
MED0088,LOC0059,WH-G-009,B00882617,611,02-09-2027,30,06-08-2026 09:00
MED0078,LOC0059,WH-G-009,B00782758,516,21-01-2029,30,06-08-2026 09:00
MED0095,LOC0059,WH-G-009,B00952828,11,01-06-2027,75,06-08-2026 09:00
MED0110,LOC0059,WH-G-009,B01102963,0,23-12-2028,50,06-08-2026 09:00
MED0073,LOC0059,WH-G-009,B00733067,794,04-04-2027,20,06-08-2026 09:00
MED0034,LOC0059,WH-G-009,B00343123,608,21-09-2027,75,06-08-2026 09:00
MED0093,LOC0059,WH-G-009,B00933246,202,11-02-2028,50,06-08-2026 09:00
MED0100,LOC0059,WH-G-009,B01003316,330,10-03-2027,30,06-08-2026 09:00
MED0046,LOC0059,WH-G-009,B00463458,377,29-09-2026,50,06-08-2026 09:00
MED0062,LOC0059,WH-G-009,B00623560,0,01-10-2027,100,06-08-2026 09:00
MED0048,LOC0059,WH-G-009,B00483651,778,25-05-2026,30,06-08-2026 09:00
MED0109,LOC0059,WH-G-009,B01093726,40,31-12-2026,100,06-08-2026 09:00
MED0039,LOC0059,WH-G-009,B00393876,2278,13-08-2026,75,06-08-2026 09:00
MED0063,LOC0059,WH-G-009,B00633955,240,30-08-2026,30,06-08-2026 09:00
MED0083,LOC0059,WH-G-009,B00834061,3407,22-03-2028,50,06-08-2026 09:00
MED0070,LOC0059,WH-G-009,B00704198,3705,14-12-2027,100,06-08-2026 09:00
MED0025,LOC0059,WH-G-009,B00254230,91,06-02-2028,30,06-08-2026 09:00
MED0030,LOC0059,WH-G-009,B00304392,267,31-12-2026,20,06-08-2026 09:00
MED0004,LOC0060,WH-G-010,B00040146,266,31-08-2028,30,06-08-2026 09:00
MED0007,LOC0060,WH-G-010,B00070295,0,01-09-2028,75,06-08-2026 09:00
MED0083,LOC0060,WH-G-010,B00830359,209,16-12-2026,100,06-08-2026 09:00
MED0108,LOC0060,WH-G-010,B01080448,210,09-06-2028,20,06-08-2026 09:00
MED0090,LOC0060,WH-G-010,B00900592,310,29-12-2026,30,06-08-2026 09:00
MED0029,LOC0060,WH-G-010,B00290649,258,28-11-2026,30,06-08-2026 09:00
MED0062,LOC0060,WH-G-010,B00620773,185,03-06-2027,20,06-08-2026 09:00
MED0006,LOC0060,WH-G-010,B00060831,468,12-07-2028,75,06-08-2026 09:00
MED0107,LOC0060,WH-G-010,B01070941,611,17-09-2028,75,06-08-2026 09:00
MED0109,LOC0060,WH-G-010,B01091016,0,30-07-2028,20,06-08-2026 09:00
MED0098,LOC0060,WH-G-010,B00981182,0,29-11-2027,20,06-08-2026 09:00
MED0030,LOC0060,WH-G-010,B00301264,3507,18-05-2027,30,06-08-2026 09:00
MED0020,LOC0060,WH-G-010,B00201314,3710,04-09-2027,50,06-08-2026 09:00
MED0018,LOC0060,WH-G-010,B00181425,269,01-06-2027,20,06-08-2026 09:00
MED0065,LOC0060,WH-G-010,B00651521,487,27-02-2027,20,06-08-2026 09:00
MED0041,LOC0060,WH-G-010,B00411644,593,10-08-2027,30,06-08-2026 09:00
MED0042,LOC0060,WH-G-010,B00421729,491,20-09-2026,20,06-08-2026 09:00
MED0050,LOC0060,WH-G-010,B00501873,4777,12-12-2026,30,06-08-2026 09:00
MED0082,LOC0060,WH-G-010,B00821983,422,17-11-2026,75,06-08-2026 09:00
MED0086,LOC0060,WH-G-010,B00862046,788,30-10-2028,20,06-08-2026 09:00
MED0051,LOC0060,WH-G-010,B00512134,273,28-05-2026,75,06-08-2026 09:00
MED0003,LOC0060,WH-G-010,B00032282,1,19-12-2026,30,06-08-2026 09:00
MED0066,LOC0060,WH-G-010,B00662316,719,29-06-2027,75,06-08-2026 09:00
MED0038,LOC0060,WH-G-010,B00382479,612,01-03-2028,50,06-08-2026 09:00
MED0064,LOC0060,WH-G-010,B00642528,380,10-05-2028,30,06-08-2026 09:00
MED0114,LOC0060,WH-G-010,B01142661,355,20-06-2028,50,06-08-2026 09:00
MED0095,LOC0060,WH-G-010,B00952796,355,04-04-2027,50,06-08-2026 09:00
MED0054,LOC0060,WH-G-010,B00542821,417,20-01-2028,75,06-08-2026 09:00
MED0071,LOC0060,WH-G-010,B00712992,140,06-11-2027,100,06-08-2026 09:00
MED0009,LOC0060,WH-G-010,B00093015,552,21-04-2027,75,06-08-2026 09:00
MED0106,LOC0060,WH-G-010,B01063179,640,28-08-2026,50,06-08-2026 09:00
MED0026,LOC0060,WH-G-010,B00263236,587,28-09-2026,30,06-08-2026 09:00
MED0076,LOC0060,WH-G-010,B00763379,3716,31-03-2028,75,06-08-2026 09:00
MED0005,LOC0060,WH-G-010,B00053495,589,18-03-2026,20,06-08-2026 09:00
MED0027,LOC0060,WH-G-010,B00273572,700,12-10-2027,30,06-08-2026 09:00
MED0103,LOC0060,WH-G-010,B01033676,382,13-12-2027,20,06-08-2026 09:00
MED0075,LOC0060,WH-G-010,B00753723,359,08-10-2028,75,06-08-2026 09:00
MED0063,LOC0060,WH-G-010,B00633834,464,14-10-2028,30,06-08-2026 09:00
MED0001,LOC0060,WH-G-010,B00013928,516,25-03-2028,20,06-08-2026 09:00
MED0045,LOC0060,WH-G-010,B00454048,313,24-12-2027,20,06-08-2026 09:00
MED0011,LOC0060,WH-G-010,B00114113,98,18-05-2027,30,06-08-2026 09:00
MED0048,LOC0060,WH-G-010,B00484297,0,18-08-2026,20,06-08-2026 09:00
MED0092,LOC0060,WH-G-010,B00924355,3853,10-01-2028,20,06-08-2026 09:00
MED0022,LOC0060,WH-G-010,B00224459,0,21-10-2027,75,06-08-2026 09:00
MED0094,LOC0060,WH-G-010,B00944591,438,07-03-2028,50,06-08-2026 09:00
MED0028,LOC0060,WH-G-010,B00284673,695,06-12-2026,100,06-08-2026 09:00
MED0102,LOC0060,WH-G-010,B01024778,261,01-12-2027,50,06-08-2026 09:00
MED0096,LOC0060,WH-G-010,B00964897,601,29-10-2027,20,06-08-2026 09:00
MED0037,LOC0060,WH-G-010,B00374921,389,03-04-2026,75,06-08-2026 09:00
MED0035,LOC0060,WH-G-010,B00355090,94,22-09-2026,75,06-08-2026 09:00
MED0073,LOC0060,WH-G-010,B00735170,767,14-07-2028,20,06-08-2026 09:00
MED0033,LOC0060,WH-G-010,B00335237,565,09-02-2028,20,06-08-2026 09:00
MED0025,LOC0060,WH-G-010,B00255396,10,03-07-2028,100,06-08-2026 09:00
MED0074,LOC0060,WH-G-010,B00745469,455,18-08-2026,20,06-08-2026 09:00
MED0087,LOC0060,WH-G-010,B00875593,397,05-05-2028,50,06-08-2026 09:00
MED0013,LOC0060,WH-G-010,B00135632,120,20-03-2028,20,06-08-2026 09:00
MED0049,LOC0060,WH-G-010,B00495752,166,05-03-2026,75,06-08-2026 09:00
MED0039,LOC0060,WH-G-010,B00395835,2634,21-01-2027,75,06-08-2026 09:00
MED0017,LOC0060,WH-G-010,B00175993,5,05-12-2028,75,06-08-2026 09:00
MED0088,LOC0060,WH-G-010,B00886053,44,20-06-2027,30,06-08-2026 09:00
MED0030,LOC0061,WH-G-011,B00300124,4688,01-01-2028,75,06-08-2026 09:00
MED0092,LOC0061,WH-G-011,B00920227,0,07-09-2027,100,06-08-2026 09:00
MED0057,LOC0061,WH-G-011,B00570311,0,26-09-2026,75,06-08-2026 09:00
MED0104,LOC0061,WH-G-011,B01040448,272,13-11-2026,20,06-08-2026 09:00
MED0090,LOC0061,WH-G-011,B00900534,249,10-06-2027,30,06-08-2026 09:00
MED0015,LOC0061,WH-G-011,B00150680,219,31-08-2026,75,06-08-2026 09:00
MED0013,LOC0061,WH-G-011,B00130775,72,15-08-2026,100,06-08-2026 09:00
MED0022,LOC0061,WH-G-011,B00220882,69,17-01-2027,30,06-08-2026 09:00
MED0018,LOC0061,WH-G-011,B00180956,771,05-08-2028,30,06-08-2026 09:00
MED0017,LOC0061,WH-G-011,B00171015,416,03-09-2026,30,06-08-2026 09:00
MED0095,LOC0061,WH-G-011,B00951157,28,16-11-2028,50,06-08-2026 09:00
MED0078,LOC0061,WH-G-011,B00781271,230,14-03-2027,75,06-08-2026 09:00
MED0073,LOC0061,WH-G-011,B00731391,521,26-08-2028,100,06-08-2026 09:00
MED0004,LOC0061,WH-G-011,B00041419,533,03-01-2029,30,06-08-2026 09:00
MED0112,LOC0061,WH-G-011,B01121528,427,12-08-2026,75,06-08-2026 09:00
MED0064,LOC0061,WH-G-011,B00641653,402,30-08-2028,20,06-08-2026 09:00
MED0047,LOC0061,WH-G-011,B00471770,619,15-09-2027,50,06-08-2026 09:00
MED0110,LOC0061,WH-G-011,B01101885,775,08-10-2028,100,06-08-2026 09:00
MED0056,LOC0061,WH-G-011,B00561983,619,16-01-2029,100,06-08-2026 09:00
MED0003,LOC0061,WH-G-011,B00032078,93,20-10-2027,30,06-08-2026 09:00
MED0091,LOC0061,WH-G-011,B00912144,64,05-08-2027,100,06-08-2026 09:00
MED0068,LOC0061,WH-G-011,B00682240,233,01-10-2027,50,06-08-2026 09:00
MED0089,LOC0061,WH-G-011,B00892376,313,13-10-2027,100,06-08-2026 09:00
MED0048,LOC0061,WH-G-011,B00482434,612,08-09-2028,75,06-08-2026 09:00
MED0082,LOC0061,WH-G-011,B00822547,142,08-10-2028,100,06-08-2026 09:00
MED0070,LOC0061,WH-G-011,B00702651,370,23-05-2028,30,06-08-2026 09:00
MED0014,LOC0061,WH-G-011,B00142747,595,04-03-2027,30,06-08-2026 09:00
MED0054,LOC0061,WH-G-011,B00542892,648,10-05-2027,30,06-08-2026 09:00
MED0061,LOC0061,WH-G-011,B00612982,401,08-08-2027,75,06-08-2026 09:00
MED0005,LOC0061,WH-G-011,B00053042,149,16-01-2027,75,06-08-2026 09:00
MED0036,LOC0061,WH-G-011,B00363118,563,07-11-2026,20,06-08-2026 09:00
MED0096,LOC0061,WH-G-011,B00963280,260,12-02-2028,30,06-08-2026 09:00
MED0072,LOC0061,WH-G-011,B00723344,523,26-05-2027,100,06-08-2026 09:00
MED0055,LOC0061,WH-G-011,B00553423,643,05-07-2028,20,06-08-2026 09:00
MED0009,LOC0061,WH-G-011,B00093525,320,18-08-2026,75,06-08-2026 09:00
MED0080,LOC0061,WH-G-011,B00803645,55,19-07-2026,50,06-08-2026 09:00
MED0012,LOC0061,WH-G-011,B00123797,274,13-08-2026,20,06-08-2026 09:00
MED0034,LOC0061,WH-G-011,B00343824,676,14-11-2026,75,06-08-2026 09:00
MED0046,LOC0061,WH-G-011,B00463940,736,18-01-2028,50,06-08-2026 09:00
MED0086,LOC0061,WH-G-011,B00864080,618,04-08-2027,30,06-08-2026 09:00
MED0052,LOC0061,WH-G-011,B00524150,155,09-03-2026,50,06-08-2026 09:00
MED0065,LOC0061,WH-G-011,B00654212,392,27-07-2028,30,06-08-2026 09:00
MED0032,LOC0061,WH-G-011,B00324372,4515,07-08-2027,30,06-08-2026 09:00
MED0106,LOC0061,WH-G-011,B01064488,3664,17-02-2028,20,06-08-2026 09:00
MED0016,LOC0061,WH-G-011,B00164540,225,07-11-2026,30,06-08-2026 09:00
MED0101,LOC0061,WH-G-011,B01014637,614,03-02-2028,50,06-08-2026 09:00
MED0021,LOC0061,WH-G-011,B00214766,2335,01-02-2028,30,06-08-2026 09:00
MED0103,LOC0061,WH-G-011,B01034858,393,11-12-2028,30,06-08-2026 09:00
MED0024,LOC0061,WH-G-011,B00244972,278,23-09-2028,20,06-08-2026 09:00
MED0026,LOC0061,WH-G-011,B00265073,536,25-11-2026,75,06-08-2026 09:00
MED0058,LOC0061,WH-G-011,B00585128,452,20-11-2027,100,06-08-2026 09:00
MED0043,LOC0061,WH-G-011,B00435261,715,25-04-2027,20,06-08-2026 09:00
MED0035,LOC0061,WH-G-011,B00355347,361,16-07-2027,30,06-08-2026 09:00
MED0066,LOC0061,WH-G-011,B00665482,480,06-10-2028,30,06-08-2026 09:00
MED0084,LOC0061,WH-G-011,B00845559,66,26-11-2026,30,06-08-2026 09:00
MED0105,LOC0061,WH-G-011,B01055667,390,16-04-2026,100,06-08-2026 09:00
MED0012,LOC0062,WH-G-012,B00120187,171,23-05-2027,75,06-08-2026 09:00
MED0056,LOC0062,WH-G-012,B00560232,2415,13-01-2029,20,06-08-2026 09:00
MED0033,LOC0062,WH-G-012,B00330332,3894,16-11-2027,100,06-08-2026 09:00
MED0045,LOC0062,WH-G-012,B00450451,191,12-11-2026,30,06-08-2026 09:00
MED0030,LOC0062,WH-G-012,B00300574,525,30-03-2028,30,06-08-2026 09:00
MED0035,LOC0062,WH-G-012,B00350626,171,27-06-2026,20,06-08-2026 09:00
MED0047,LOC0062,WH-G-012,B00470769,376,16-08-2027,30,06-08-2026 09:00
MED0034,LOC0062,WH-G-012,B00340830,727,22-08-2026,30,06-08-2026 09:00
MED0062,LOC0062,WH-G-012,B00620910,68,23-03-2027,100,06-08-2026 09:00
MED0021,LOC0062,WH-G-012,B00211080,501,13-12-2027,50,06-08-2026 09:00
MED0022,LOC0062,WH-G-012,B00221176,537,27-08-2028,100,06-08-2026 09:00
MED0029,LOC0062,WH-G-012,B00291261,591,10-12-2028,50,06-08-2026 09:00
MED0075,LOC0062,WH-G-012,B00751326,417,29-03-2028,50,06-08-2026 09:00
MED0083,LOC0062,WH-G-012,B00831424,614,05-09-2027,20,06-08-2026 09:00
MED0067,LOC0062,WH-G-012,B00671513,391,21-11-2027,100,06-08-2026 09:00
MED0077,LOC0062,WH-G-012,B00771691,768,16-04-2026,50,06-08-2026 09:00
MED0068,LOC0062,WH-G-012,B00681727,604,10-12-2028,30,06-08-2026 09:00
MED0026,LOC0062,WH-G-012,B00261866,145,08-06-2026,50,06-08-2026 09:00
MED0005,LOC0062,WH-G-012,B00051936,477,19-11-2027,50,06-08-2026 09:00
MED0049,LOC0062,WH-G-012,B00492091,2210,02-04-2027,75,06-08-2026 09:00
MED0108,LOC0062,WH-G-012,B01082193,54,04-12-2027,20,06-08-2026 09:00
MED0007,LOC0062,WH-G-012,B00072280,3204,11-04-2028,75,06-08-2026 09:00
MED0110,LOC0062,WH-G-012,B01102318,0,08-03-2028,75,06-08-2026 09:00
MED0114,LOC0062,WH-G-012,B01142411,317,22-04-2027,50,06-08-2026 09:00
MED0105,LOC0062,WH-G-012,B01052513,728,04-01-2027,20,06-08-2026 09:00
MED0091,LOC0062,WH-G-012,B00912661,533,06-02-2028,100,06-08-2026 09:00
MED0079,LOC0062,WH-G-012,B00792746,471,04-10-2027,50,06-08-2026 09:00
MED0071,LOC0062,WH-G-012,B00712866,0,10-03-2027,50,06-08-2026 09:00
MED0093,LOC0062,WH-G-012,B00932982,526,18-03-2026,75,06-08-2026 09:00
MED0112,LOC0062,WH-G-012,B01123052,2628,25-11-2027,100,06-08-2026 09:00
MED0011,LOC0062,WH-G-012,B00113135,650,29-03-2027,75,06-08-2026 09:00
MED0098,LOC0062,WH-G-012,B00983215,282,16-12-2026,20,06-08-2026 09:00
MED0085,LOC0062,WH-G-012,B00853382,0,02-09-2026,50,06-08-2026 09:00
MED0058,LOC0062,WH-G-012,B00583442,155,07-06-2028,30,06-08-2026 09:00
MED0020,LOC0062,WH-G-012,B00203514,0,30-09-2026,30,06-08-2026 09:00
MED0038,LOC0062,WH-G-012,B00383696,67,22-04-2027,50,06-08-2026 09:00
MED0019,LOC0062,WH-G-012,B00193788,4741,20-10-2027,75,06-08-2026 09:00
MED0113,LOC0062,WH-G-012,B01133852,264,18-05-2028,50,06-08-2026 09:00
MED0036,LOC0062,WH-G-012,B00363985,683,06-11-2028,50,06-08-2026 09:00
MED0024,LOC0062,WH-G-012,B00244038,608,13-07-2027,100,06-08-2026 09:00
MED0092,LOC0062,WH-G-012,B00924148,278,08-04-2028,20,06-08-2026 09:00
MED0053,LOC0062,WH-G-012,B00534248,414,13-09-2026,75,06-08-2026 09:00
MED0040,LOC0062,WH-G-012,B00404338,2606,14-01-2029,50,06-08-2026 09:00
MED0104,LOC0062,WH-G-012,B01044479,156,18-10-2028,30,06-08-2026 09:00
MED0100,LOC0062,WH-G-012,B01004552,760,06-06-2028,100,06-08-2026 09:00
MED0009,LOC0062,WH-G-012,B00094618,2665,12-09-2028,50,06-08-2026 09:00
MED0074,LOC0062,WH-G-012,B00744729,58,20-01-2028,50,06-08-2026 09:00
MED0089,LOC0062,WH-G-012,B00894825,31,18-11-2027,75,06-08-2026 09:00
MED0086,LOC0062,WH-G-012,B00864985,503,14-12-2027,50,06-08-2026 09:00
MED0023,LOC0062,WH-G-012,B00235031,240,21-07-2028,30,06-08-2026 09:00
MED0037,LOC0062,WH-G-012,B00375122,334,27-01-2027,50,06-08-2026 09:00
MED0076,LOC0062,WH-G-012,B00765273,2034,16-01-2028,20,06-08-2026 09:00
MED0102,LOC0063,WH-G-013,B01020172,196,09-12-2027,20,06-08-2026 09:00
MED0104,LOC0063,WH-G-013,B01040219,298,25-04-2028,20,06-08-2026 09:00
MED0090,LOC0063,WH-G-013,B00900330,66,28-07-2027,100,06-08-2026 09:00
MED0083,LOC0063,WH-G-013,B00830414,4484,21-08-2027,100,06-08-2026 09:00
MED0020,LOC0063,WH-G-013,B00200567,680,02-03-2028,75,06-08-2026 09:00
MED0007,LOC0063,WH-G-013,B00070661,313,26-10-2028,50,06-08-2026 09:00
MED0001,LOC0063,WH-G-013,B00010795,240,16-09-2027,75,06-08-2026 09:00
MED0061,LOC0063,WH-G-013,B00610814,472,16-08-2026,50,06-08-2026 09:00
MED0023,LOC0063,WH-G-013,B00230923,0,04-04-2027,20,06-08-2026 09:00
MED0005,LOC0063,WH-G-013,B00051052,4960,25-09-2026,75,06-08-2026 09:00
MED0018,LOC0063,WH-G-013,B00181125,735,28-12-2027,50,06-08-2026 09:00
MED0038,LOC0063,WH-G-013,B00381270,309,06-06-2027,100,06-08-2026 09:00
MED0047,LOC0063,WH-G-013,B00471316,400,10-01-2027,20,06-08-2026 09:00
MED0087,LOC0063,WH-G-013,B00871469,258,27-03-2028,20,06-08-2026 09:00
MED0088,LOC0063,WH-G-013,B00881564,331,04-10-2027,75,06-08-2026 09:00
MED0112,LOC0063,WH-G-013,B01121633,769,20-10-2028,50,06-08-2026 09:00
MED0046,LOC0063,WH-G-013,B00461721,168,03-01-2028,20,06-08-2026 09:00
MED0086,LOC0063,WH-G-013,B00861827,342,02-10-2026,75,06-08-2026 09:00
MED0074,LOC0063,WH-G-013,B00741933,507,30-05-2027,30,06-08-2026 09:00
MED0012,LOC0063,WH-G-013,B00122053,0,05-05-2026,75,06-08-2026 09:00
MED0006,LOC0063,WH-G-013,B00062174,2,25-09-2026,100,06-08-2026 09:00
MED0022,LOC0063,WH-G-013,B00222274,340,27-11-2028,30,06-08-2026 09:00
MED0040,LOC0063,WH-G-013,B00402388,541,23-07-2028,50,06-08-2026 09:00
MED0043,LOC0063,WH-G-013,B00432485,748,12-02-2028,30,06-08-2026 09:00
MED0013,LOC0063,WH-G-013,B00132552,773,22-08-2027,100,06-08-2026 09:00
MED0105,LOC0063,WH-G-013,B01052670,642,07-01-2027,20,06-08-2026 09:00
MED0075,LOC0063,WH-G-013,B00752785,623,22-09-2027,75,06-08-2026 09:00
MED0011,LOC0063,WH-G-013,B00112839,307,13-12-2026,30,06-08-2026 09:00
MED0094,LOC0063,WH-G-013,B00942915,271,08-06-2026,100,06-08-2026 09:00
MED0079,LOC0063,WH-G-013,B00793065,460,06-11-2026,30,06-08-2026 09:00
MED0010,LOC0064,WH-G-014,B00100135,336,05-09-2028,75,06-08-2026 09:00
MED0103,LOC0064,WH-G-014,B01030271,81,13-07-2027,20,06-08-2026 09:00
MED0113,LOC0064,WH-G-014,B01130347,4994,07-09-2028,20,06-08-2026 09:00
MED0036,LOC0064,WH-G-014,B00360456,436,20-04-2027,50,06-08-2026 09:00
MED0069,LOC0064,WH-G-014,B00690598,295,12-05-2028,20,06-08-2026 09:00
MED0105,LOC0064,WH-G-014,B01050610,78,08-03-2027,100,06-08-2026 09:00
MED0070,LOC0064,WH-G-014,B00700767,3106,28-02-2027,30,06-08-2026 09:00
MED0054,LOC0064,WH-G-014,B00540871,4189,09-03-2027,50,06-08-2026 09:00
MED0003,LOC0064,WH-G-014,B00030955,85,06-02-2027,100,06-08-2026 09:00
MED0065,LOC0064,WH-G-014,B00651012,193,18-07-2027,30,06-08-2026 09:00
MED0094,LOC0064,WH-G-014,B00941130,784,11-08-2026,100,06-08-2026 09:00
MED0102,LOC0064,WH-G-014,B01021234,534,04-05-2028,30,06-08-2026 09:00
MED0099,LOC0064,WH-G-014,B00991353,775,04-12-2026,75,06-08-2026 09:00
MED0082,LOC0064,WH-G-014,B00821461,442,08-09-2026,75,06-08-2026 09:00
MED0040,LOC0064,WH-G-014,B00401585,635,04-01-2029,30,06-08-2026 09:00
MED0112,LOC0064,WH-G-014,B01121673,762,06-09-2028,20,06-08-2026 09:00
MED0077,LOC0064,WH-G-014,B00771735,396,16-11-2027,100,06-08-2026 09:00
MED0085,LOC0064,WH-G-014,B00851855,0,10-06-2028,20,06-08-2026 09:00
MED0007,LOC0064,WH-G-014,B00071910,381,03-01-2028,20,06-08-2026 09:00
MED0064,LOC0064,WH-G-014,B00642086,87,13-08-2026,50,06-08-2026 09:00
MED0075,LOC0064,WH-G-014,B00752173,119,02-03-2028,100,06-08-2026 09:00
MED0028,LOC0064,WH-G-014,B00282289,743,06-03-2027,100,06-08-2026 09:00
MED0110,LOC0064,WH-G-014,B01102378,653,19-09-2027,20,06-08-2026 09:00
MED0097,LOC0064,WH-G-014,B00972495,109,26-08-2026,75,06-08-2026 09:00
MED0071,LOC0064,WH-G-014,B00712553,388,18-08-2027,30,06-08-2026 09:00
MED0037,LOC0064,WH-G-014,B00372649,543,28-03-2028,75,06-08-2026 09:00
MED0015,LOC0064,WH-G-014,B00152733,26,05-10-2027,50,06-08-2026 09:00
MED0031,LOC0064,WH-G-014,B00312856,537,14-02-2027,20,06-08-2026 09:00
MED0013,LOC0065,WH-G-015,B00130144,430,28-08-2026,50,06-08-2026 09:00
MED0034,LOC0065,WH-G-015,B00340210,2386,28-06-2028,20,06-08-2026 09:00
MED0099,LOC0065,WH-G-015,B00990361,43,08-11-2027,20,06-08-2026 09:00
MED0043,LOC0065,WH-G-015,B00430441,2650,31-05-2028,100,06-08-2026 09:00
MED0041,LOC0065,WH-G-015,B00410599,189,08-06-2028,20,06-08-2026 09:00
MED0016,LOC0065,WH-G-015,B00160626,17,19-11-2028,20,06-08-2026 09:00
MED0024,LOC0065,WH-G-015,B00240710,698,26-12-2027,30,06-08-2026 09:00
MED0074,LOC0065,WH-G-015,B00740834,590,06-01-2029,100,06-08-2026 09:00
MED0028,LOC0065,WH-G-015,B00280995,60,23-07-2028,75,06-08-2026 09:00
MED0075,LOC0065,WH-G-015,B00751061,540,23-03-2027,75,06-08-2026 09:00
MED0103,LOC0065,WH-G-015,B01031188,592,17-07-2027,100,06-08-2026 09:00
MED0011,LOC0065,WH-G-015,B00111210,261,27-03-2028,20,06-08-2026 09:00
MED0030,LOC0065,WH-G-015,B00301326,195,11-10-2028,20,06-08-2026 09:00
MED0007,LOC0065,WH-G-015,B00071441,656,21-09-2028,100,06-08-2026 09:00
MED0036,LOC0065,WH-G-015,B00361515,236,05-12-2028,30,06-08-2026 09:00
MED0040,LOC0065,WH-G-015,B00401624,136,14-08-2027,20,06-08-2026 09:00
MED0098,LOC0065,WH-G-015,B00981799,0,25-02-2027,100,06-08-2026 09:00
MED0071,LOC0065,WH-G-015,B00711828,349,31-03-2027,20,06-08-2026 09:00
MED0070,LOC0065,WH-G-015,B00701994,332,26-11-2027,20,06-08-2026 09:00
MED0104,LOC0065,WH-G-015,B01042028,454,15-08-2028,100,06-08-2026 09:00
MED0092,LOC0065,WH-G-015,B00922141,192,12-09-2028,30,06-08-2026 09:00
MED0097,LOC0065,WH-G-015,B00972210,280,20-07-2027,75,06-08-2026 09:00
MED0107,LOC0065,WH-G-015,B01072368,62,04-01-2027,75,06-08-2026 09:00
MED0089,LOC0065,WH-G-015,B00892428,423,25-08-2026,100,06-08-2026 09:00
MED0096,LOC0065,WH-G-015,B00962577,436,02-03-2028,50,06-08-2026 09:00
MED0039,LOC0065,WH-G-015,B00392667,356,21-06-2027,20,06-08-2026 09:00
MED0093,LOC0065,WH-G-015,B00932744,282,08-12-2027,30,06-08-2026 09:00
MED0085,LOC0065,WH-G-015,B00852840,448,21-11-2026,30,06-08-2026 09:00
MED0091,LOC0065,WH-G-015,B00912924,564,01-04-2027,75,06-08-2026 09:00
MED0114,LOC0065,WH-G-015,B01143044,534,13-02-2027,50,06-08-2026 09:00
MED0052,LOC0065,WH-G-015,B00523182,764,07-01-2027,100,06-08-2026 09:00
MED0006,LOC0065,WH-G-015,B00063295,289,12-07-2027,20,06-08-2026 09:00
MED0110,LOC0066,WH-G-016,B01100178,44,31-12-2027,30,06-08-2026 09:00
MED0079,LOC0066,WH-G-016,B00790238,4246,22-03-2027,20,06-08-2026 09:00
MED0074,LOC0066,WH-G-016,B00740385,99,03-08-2026,30,06-08-2026 09:00
MED0103,LOC0066,WH-G-016,B01030436,3148,07-02-2028,75,06-08-2026 09:00
MED0068,LOC0066,WH-G-016,B00680542,242,07-02-2027,20,06-08-2026 09:00
MED0024,LOC0066,WH-G-016,B00240615,644,08-07-2027,100,06-08-2026 09:00
MED0081,LOC0066,WH-G-016,B00810799,554,18-12-2028,75,06-08-2026 09:00
MED0064,LOC0066,WH-G-016,B00640862,501,13-06-2027,20,06-08-2026 09:00
MED0114,LOC0066,WH-G-016,B01140945,4063,15-06-2028,50,06-08-2026 09:00
MED0001,LOC0066,WH-G-016,B00011067,357,14-12-2028,20,06-08-2026 09:00
MED0020,LOC0066,WH-G-016,B00201183,27,07-08-2028,100,06-08-2026 09:00
MED0003,LOC0066,WH-G-016,B00031239,197,13-04-2027,20,06-08-2026 09:00
MED0042,LOC0066,WH-G-016,B00421326,200,25-05-2027,20,06-08-2026 09:00
MED0099,LOC0066,WH-G-016,B00991427,677,29-07-2028,50,06-08-2026 09:00
MED0089,LOC0066,WH-G-016,B00891548,4965,07-08-2028,20,06-08-2026 09:00
MED0101,LOC0066,WH-G-016,B01011670,64,15-04-2027,75,06-08-2026 09:00
MED0071,LOC0066,WH-G-016,B00711732,0,02-05-2028,75,06-08-2026 09:00
MED0054,LOC0066,WH-G-016,B00541863,2645,10-04-2027,75,06-08-2026 09:00
MED0073,LOC0066,WH-G-016,B00731976,716,03-08-2027,20,06-08-2026 09:00
MED0044,LOC0066,WH-G-016,B00442084,543,01-07-2028,100,06-08-2026 09:00
MED0105,LOC0066,WH-G-016,B01052178,161,04-07-2028,50,06-08-2026 09:00
MED0062,LOC0066,WH-G-016,B00622266,459,21-07-2028,100,06-08-2026 09:00
MED0025,LOC0066,WH-G-016,B00252312,620,24-11-2028,50,06-08-2026 09:00
MED0109,LOC0066,WH-G-016,B01092421,384,23-02-2028,30,06-08-2026 09:00
MED0014,LOC0066,WH-G-016,B00142539,4844,10-08-2026,100,06-08-2026 09:00
MED0040,LOC0066,WH-G-016,B00402693,115,13-12-2027,100,06-08-2026 09:00
MED0055,LOC0066,WH-G-016,B00552778,138,18-08-2026,100,06-08-2026 09:00
MED0033,LOC0066,WH-G-016,B00332887,246,07-04-2028,30,06-08-2026 09:00
MED0035,LOC0066,WH-G-016,B00352953,247,28-01-2027,100,06-08-2026 09:00
MED0076,LOC0066,WH-G-016,B00763027,265,19-05-2028,100,06-08-2026 09:00
MED0026,LOC0066,WH-G-016,B00263127,0,02-06-2027,30,06-08-2026 09:00
MED0108,LOC0066,WH-G-016,B01083266,91,04-08-2028,30,06-08-2026 09:00
MED0052,LOC0066,WH-G-016,B00523351,649,28-11-2028,20,06-08-2026 09:00
MED0078,LOC0066,WH-G-016,B00783413,282,15-10-2027,75,06-08-2026 09:00
MED0096,LOC0066,WH-G-016,B00963598,798,16-02-2026,20,06-08-2026 09:00
MED0080,LOC0066,WH-G-016,B00803631,740,15-05-2026,20,06-08-2026 09:00
MED0046,LOC0066,WH-G-016,B00463766,4817,12-02-2027,100,06-08-2026 09:00
MED0013,LOC0066,WH-G-016,B00133887,58,09-12-2028,100,06-08-2026 09:00
MED0049,LOC0066,WH-G-016,B00493924,361,22-09-2028,20,06-08-2026 09:00
MED0061,LOC0066,WH-G-016,B00614020,770,16-04-2027,100,06-08-2026 09:00
MED0084,LOC0066,WH-G-016,B00844171,614,09-05-2028,100,06-08-2026 09:00
MED0032,LOC0066,WH-G-016,B00324246,786,18-08-2026,50,06-08-2026 09:00
MED0102,LOC0066,WH-G-016,B01024315,43,27-02-2028,100,06-08-2026 09:00
MED0006,LOC0066,WH-G-016,B00064410,26,24-07-2026,100,06-08-2026 09:00
MED0095,LOC0066,WH-G-016,B00954521,386,19-10-2027,50,06-08-2026 09:00
MED0083,LOC0066,WH-G-016,B00834658,281,23-12-2027,50,06-08-2026 09:00
MED0075,LOC0066,WH-G-016,B00754775,3691,24-08-2026,100,06-08-2026 09:00
MED0031,LOC0066,WH-G-016,B00314849,378,13-11-2027,30,06-08-2026 09:00
MED0043,LOC0066,WH-G-016,B00434915,384,22-05-2028,30,06-08-2026 09:00
MED0107,LOC0066,WH-G-016,B01075087,0,29-12-2027,75,06-08-2026 09:00
MED0030,LOC0066,WH-G-016,B00305189,632,21-11-2026,100,06-08-2026 09:00
MED0028,LOC0066,WH-G-016,B00285216,66,27-09-2026,100,06-08-2026 09:00
MED0093,LOC0066,WH-G-016,B00935381,258,11-03-2027,20,06-08-2026 09:00
MED0036,LOC0066,WH-G-016,B00365492,267,26-07-2027,100,06-08-2026 09:00
MED0002,LOC0066,WH-G-016,B00025576,485,16-07-2027,30,06-08-2026 09:00
MED0045,LOC0066,WH-G-016,B00455618,782,28-08-2028,30,06-08-2026 09:00
MED0005,LOC0066,WH-G-016,B00055799,158,28-03-2027,75,06-08-2026 09:00
MED0007,LOC0066,WH-G-016,B00075883,302,21-04-2028,75,06-08-2026 09:00
MED0037,LOC0066,WH-G-016,B00375926,162,20-04-2026,50,06-08-2026 09:00
MED0009,LOC0066,WH-G-016,B00096049,541,18-02-2027,50,06-08-2026 09:00
MED0011,LOC0067,WH-G-017,B00110174,377,18-10-2028,30,06-08-2026 09:00
MED0060,LOC0067,WH-G-017,B00600269,282,21-03-2027,100,06-08-2026 09:00
MED0112,LOC0067,WH-G-017,B01120314,63,18-10-2027,100,06-08-2026 09:00
MED0006,LOC0067,WH-G-017,B00060440,58,29-08-2027,50,06-08-2026 09:00
MED0106,LOC0067,WH-G-017,B01060534,213,02-11-2027,30,06-08-2026 09:00
MED0050,LOC0067,WH-G-017,B00500660,322,09-03-2027,100,06-08-2026 09:00
MED0038,LOC0067,WH-G-017,B00380786,104,21-09-2026,30,06-08-2026 09:00
MED0081,LOC0067,WH-G-017,B00810879,738,10-03-2027,75,06-08-2026 09:00
MED0109,LOC0067,WH-G-017,B01090990,203,05-02-2027,20,06-08-2026 09:00
MED0021,LOC0067,WH-G-017,B00211038,137,30-09-2027,30,06-08-2026 09:00
MED0046,LOC0067,WH-G-017,B00461188,35,28-01-2027,20,06-08-2026 09:00
MED0097,LOC0067,WH-G-017,B00971269,335,09-02-2027,100,06-08-2026 09:00
MED0048,LOC0067,WH-G-017,B00481311,797,24-04-2028,100,06-08-2026 09:00
MED0103,LOC0067,WH-G-017,B01031485,213,04-12-2026,20,06-08-2026 09:00
MED0108,LOC0067,WH-G-017,B01081586,424,15-08-2026,20,06-08-2026 09:00
MED0111,LOC0067,WH-G-017,B01111670,250,11-10-2027,100,06-08-2026 09:00
MED0024,LOC0067,WH-G-017,B00241725,290,06-07-2028,75,06-08-2026 09:00
MED0052,LOC0067,WH-G-017,B00521857,635,10-12-2027,75,06-08-2026 09:00
MED0030,LOC0067,WH-G-017,B00301949,137,21-01-2027,100,06-08-2026 09:00
MED0093,LOC0067,WH-G-017,B00932083,2504,19-08-2028,100,06-08-2026 09:00
MED0087,LOC0067,WH-G-017,B00872177,3197,15-12-2027,50,06-08-2026 09:00
MED0102,LOC0067,WH-G-017,B01022262,27,17-12-2028,75,06-08-2026 09:00
MED0044,LOC0067,WH-G-017,B00442387,740,12-06-2027,30,06-08-2026 09:00
MED0070,LOC0067,WH-G-017,B00702452,75,12-08-2027,100,06-08-2026 09:00
MED0088,LOC0067,WH-G-017,B00882599,94,11-12-2026,50,06-08-2026 09:00
MED0098,LOC0067,WH-G-017,B00982615,4195,08-12-2028,50,06-08-2026 09:00
MED0100,LOC0067,WH-G-017,B01002773,796,05-07-2027,50,06-08-2026 09:00
MED0025,LOC0067,WH-G-017,B00252822,761,09-02-2026,75,06-08-2026 09:00
MED0003,LOC0067,WH-G-017,B00032915,436,22-11-2026,20,06-08-2026 09:00
MED0114,LOC0067,WH-G-017,B01143056,56,31-05-2027,30,06-08-2026 09:00
MED0061,LOC0067,WH-G-017,B00613113,622,01-10-2026,75,06-08-2026 09:00
MED0049,LOC0067,WH-G-017,B00493237,466,23-09-2026,75,06-08-2026 09:00
MED0040,LOC0067,WH-G-017,B00403355,786,18-10-2027,20,06-08-2026 09:00
MED0053,LOC0067,WH-G-017,B00533483,521,24-01-2028,20,06-08-2026 09:00
MED0036,LOC0067,WH-G-017,B00363592,496,31-05-2028,20,06-08-2026 09:00
MED0090,LOC0067,WH-G-017,B00903615,537,28-08-2027,30,06-08-2026 09:00
MED0066,LOC0067,WH-G-017,B00663767,567,23-03-2026,20,06-08-2026 09:00
MED0074,LOC0067,WH-G-017,B00743880,243,17-09-2028,30,06-08-2026 09:00
MED0068,LOC0067,WH-G-017,B00683957,2188,25-08-2028,100,06-08-2026 09:00
MED0065,LOC0067,WH-G-017,B00654067,54,30-08-2026,100,06-08-2026 09:00
MED0086,LOC0067,WH-G-017,B00864184,48,04-06-2028,20,06-08-2026 09:00
MED0103,LOC0068,WH-G-018,B01030156,4138,05-05-2028,75,06-08-2026 09:00
MED0038,LOC0068,WH-G-018,B00380282,582,08-10-2027,100,06-08-2026 09:00
MED0037,LOC0068,WH-G-018,B00370382,790,17-09-2027,20,06-08-2026 09:00
MED0074,LOC0068,WH-G-018,B00740423,199,17-05-2027,100,06-08-2026 09:00
MED0024,LOC0068,WH-G-018,B00240565,228,28-03-2027,30,06-08-2026 09:00
MED0003,LOC0068,WH-G-018,B00030612,56,20-10-2028,75,06-08-2026 09:00
MED0092,LOC0068,WH-G-018,B00920763,407,15-02-2028,100,06-08-2026 09:00
MED0058,LOC0068,WH-G-018,B00580881,178,16-09-2027,20,06-08-2026 09:00
MED0033,LOC0068,WH-G-018,B00330987,225,12-09-2028,30,06-08-2026 09:00
MED0075,LOC0068,WH-G-018,B00751081,532,03-10-2026,50,06-08-2026 09:00
MED0104,LOC0068,WH-G-018,B01041162,291,22-10-2027,20,06-08-2026 09:00
MED0022,LOC0068,WH-G-018,B00221253,711,22-01-2028,20,06-08-2026 09:00
MED0052,LOC0068,WH-G-018,B00521355,150,24-12-2028,20,06-08-2026 09:00
MED0097,LOC0068,WH-G-018,B00971480,444,07-02-2027,100,06-08-2026 09:00
MED0077,LOC0068,WH-G-018,B00771537,352,17-01-2027,75,06-08-2026 09:00
MED0091,LOC0068,WH-G-018,B00911697,436,29-09-2026,20,06-08-2026 09:00
MED0111,LOC0068,WH-G-018,B01111725,541,14-10-2027,30,06-08-2026 09:00
MED0080,LOC0068,WH-G-018,B00801829,795,11-05-2028,50,06-08-2026 09:00
MED0081,LOC0068,WH-G-018,B00811944,791,08-04-2028,30,06-08-2026 09:00
MED0054,LOC0068,WH-G-018,B00542010,168,21-06-2027,20,06-08-2026 09:00
MED0101,LOC0068,WH-G-018,B01012159,526,09-12-2027,20,06-08-2026 09:00
MED0098,LOC0068,WH-G-018,B00982259,119,24-12-2028,20,06-08-2026 09:00
MED0049,LOC0068,WH-G-018,B00492352,83,22-07-2028,100,06-08-2026 09:00
MED0085,LOC0068,WH-G-018,B00852417,0,09-09-2026,20,06-08-2026 09:00
MED0113,LOC0068,WH-G-018,B01132519,82,17-07-2028,100,06-08-2026 09:00
MED0071,LOC0068,WH-G-018,B00712690,0,04-05-2027,50,06-08-2026 09:00
MED0083,LOC0068,WH-G-018,B00832762,596,22-08-2028,100,06-08-2026 09:00
MED0078,LOC0068,WH-G-018,B00782845,0,17-08-2028,30,06-08-2026 09:00
MED0100,LOC0068,WH-G-018,B01002986,0,31-01-2028,50,06-08-2026 09:00
MED0051,LOC0069,WH-G-019,B00510123,175,19-12-2027,50,06-08-2026 09:00
MED0021,LOC0069,WH-G-019,B00210231,81,01-06-2027,75,06-08-2026 09:00
MED0008,LOC0069,WH-G-019,B00080338,2669,08-07-2026,20,06-08-2026 09:00
MED0092,LOC0069,WH-G-019,B00920426,525,25-09-2027,75,06-08-2026 09:00
MED0058,LOC0069,WH-G-019,B00580525,587,24-11-2027,75,06-08-2026 09:00
MED0018,LOC0069,WH-G-019,B00180647,76,15-05-2028,30,06-08-2026 09:00
MED0093,LOC0069,WH-G-019,B00930784,50,25-04-2027,50,06-08-2026 09:00
MED0052,LOC0069,WH-G-019,B00520875,0,01-09-2027,50,06-08-2026 09:00
MED0098,LOC0069,WH-G-019,B00980916,96,22-08-2027,20,06-08-2026 09:00
MED0053,LOC0069,WH-G-019,B00531060,698,16-02-2027,30,06-08-2026 09:00
MED0086,LOC0069,WH-G-019,B00861173,145,01-12-2028,75,06-08-2026 09:00
MED0017,LOC0069,WH-G-019,B00171230,191,29-09-2026,100,06-08-2026 09:00
MED0077,LOC0069,WH-G-019,B00771323,603,09-05-2027,20,06-08-2026 09:00
MED0109,LOC0069,WH-G-019,B01091453,429,16-05-2028,30,06-08-2026 09:00
MED0045,LOC0069,WH-G-019,B00451564,703,01-07-2027,75,06-08-2026 09:00
MED0003,LOC0069,WH-G-019,B00031675,552,01-03-2027,30,06-08-2026 09:00
MED0072,LOC0069,WH-G-019,B00721739,326,16-10-2027,30,06-08-2026 09:00
MED0012,LOC0069,WH-G-019,B00121885,756,07-02-2026,100,06-08-2026 09:00
MED0096,LOC0069,WH-G-019,B00961968,438,05-03-2027,100,06-08-2026 09:00
MED0063,LOC0069,WH-G-019,B00632040,412,26-03-2028,75,06-08-2026 09:00
MED0108,LOC0069,WH-G-019,B01082156,150,19-11-2026,75,06-08-2026 09:00
MED0081,LOC0069,WH-G-019,B00812231,147,29-09-2026,20,06-08-2026 09:00
MED0061,LOC0069,WH-G-019,B00612321,357,16-04-2027,30,06-08-2026 09:00
MED0050,LOC0069,WH-G-019,B00502452,675,07-01-2029,75,06-08-2026 09:00
MED0007,LOC0069,WH-G-019,B00072582,107,23-12-2027,100,06-08-2026 09:00
MED0113,LOC0069,WH-G-019,B01132619,535,01-05-2027,30,06-08-2026 09:00
MED0073,LOC0069,WH-G-019,B00732786,4325,14-02-2028,100,06-08-2026 09:00
MED0078,LOC0069,WH-G-019,B00782840,547,05-08-2027,20,06-08-2026 09:00
MED0009,LOC0069,WH-G-019,B00092912,554,16-05-2028,75,06-08-2026 09:00
MED0034,LOC0069,WH-G-019,B00343087,2154,08-12-2026,30,06-08-2026 09:00
MED0099,LOC0069,WH-G-019,B00993186,555,09-11-2028,30,06-08-2026 09:00
MED0114,LOC0069,WH-G-019,B01143287,298,05-09-2027,50,06-08-2026 09:00
MED0068,LOC0069,WH-G-019,B00683318,624,09-08-2028,50,06-08-2026 09:00
MED0069,LOC0069,WH-G-019,B00693468,462,06-04-2028,20,06-08-2026 09:00
MED0085,LOC0069,WH-G-019,B00853532,451,05-10-2026,20,06-08-2026 09:00
MED0104,LOC0069,WH-G-019,B01043635,411,07-03-2028,30,06-08-2026 09:00
MED0025,LOC0069,WH-G-019,B00253767,672,26-07-2028,100,06-08-2026 09:00
MED0026,LOC0069,WH-G-019,B00263890,79,08-01-2027,50,06-08-2026 09:00
MED0102,LOC0069,WH-G-019,B01023929,544,11-05-2028,75,06-08-2026 09:00
MED0059,LOC0069,WH-G-019,B00594029,446,08-11-2028,100,06-08-2026 09:00
MED0030,LOC0069,WH-G-019,B00304114,590,10-12-2028,30,06-08-2026 09:00
MED0097,LOC0069,WH-G-019,B00974233,536,22-02-2026,100,06-08-2026 09:00
MED0103,LOC0069,WH-G-019,B01034394,712,04-12-2026,30,06-08-2026 09:00
MED0097,LOC0070,WH-H-001,B00970153,335,22-12-2028,20,06-08-2026 09:00
MED0050,LOC0070,WH-H-001,B00500231,351,15-06-2028,75,06-08-2026 09:00
MED0049,LOC0070,WH-H-001,B00490353,226,19-06-2027,75,06-08-2026 09:00
MED0094,LOC0070,WH-H-001,B00940474,702,20-06-2027,100,06-08-2026 09:00
MED0080,LOC0070,WH-H-001,B00800592,400,30-11-2026,20,06-08-2026 09:00
MED0043,LOC0070,WH-H-001,B00430651,395,29-05-2028,75,06-08-2026 09:00
MED0088,LOC0070,WH-H-001,B00880746,774,30-09-2028,20,06-08-2026 09:00
MED0059,LOC0070,WH-H-001,B00590825,198,03-08-2028,50,06-08-2026 09:00
MED0073,LOC0070,WH-H-001,B00730971,76,27-02-2027,100,06-08-2026 09:00
MED0005,LOC0070,WH-H-001,B00051052,48,25-10-2028,100,06-08-2026 09:00
MED0004,LOC0070,WH-H-001,B00041136,38,30-08-2026,100,06-08-2026 09:00
MED0087,LOC0070,WH-H-001,B00871251,333,22-02-2027,75,06-08-2026 09:00
MED0016,LOC0070,WH-H-001,B00161389,221,13-11-2027,50,06-08-2026 09:00
MED0022,LOC0070,WH-H-001,B00221422,487,24-04-2028,30,06-08-2026 09:00
MED0036,LOC0070,WH-H-001,B00361512,458,20-12-2026,30,06-08-2026 09:00
MED0070,LOC0070,WH-H-001,B00701623,153,23-08-2028,100,06-08-2026 09:00
MED0023,LOC0070,WH-H-001,B00231732,89,07-05-2026,50,06-08-2026 09:00
MED0096,LOC0070,WH-H-001,B00961899,541,08-03-2027,75,06-08-2026 09:00
MED0044,LOC0070,WH-H-001,B00441926,574,22-09-2026,100,06-08-2026 09:00
MED0048,LOC0070,WH-H-001,B00482075,0,02-07-2027,75,06-08-2026 09:00
MED0035,LOC0070,WH-H-001,B00352127,785,19-04-2027,100,06-08-2026 09:00
MED0033,LOC0070,WH-H-001,B00332251,794,02-01-2027,50,06-08-2026 09:00
MED0024,LOC0070,WH-H-001,B00242345,772,30-01-2028,100,06-08-2026 09:00
MED0068,LOC0070,WH-H-001,B00682475,141,15-10-2027,50,06-08-2026 09:00
MED0051,LOC0070,WH-H-001,B00512553,685,12-08-2028,50,06-08-2026 09:00
MED0107,LOC0070,WH-H-001,B01072688,372,24-09-2027,100,06-08-2026 09:00
MED0076,LOC0070,WH-H-001,B00762725,131,25-07-2028,50,06-08-2026 09:00
MED0090,LOC0070,WH-H-001,B00902827,438,30-11-2026,20,06-08-2026 09:00
MED0026,LOC0070,WH-H-001,B00262957,43,14-09-2027,20,06-08-2026 09:00
MED0018,LOC0070,WH-H-001,B00183026,237,22-08-2026,30,06-08-2026 09:00
MED0046,LOC0070,WH-H-001,B00463151,324,07-08-2026,20,06-08-2026 09:00
MED0079,LOC0070,WH-H-001,B00793264,534,13-08-2028,50,06-08-2026 09:00
MED0038,LOC0070,WH-H-001,B00383346,698,26-08-2026,100,06-08-2026 09:00
MED0092,LOC0070,WH-H-001,B00923472,392,30-07-2028,100,06-08-2026 09:00
MED0032,LOC0070,WH-H-001,B00323564,706,19-06-2027,30,06-08-2026 09:00
MED0085,LOC0070,WH-H-001,B00853692,451,30-08-2027,75,06-08-2026 09:00
MED0069,LOC0070,WH-H-001,B00693775,6,30-09-2026,75,06-08-2026 09:00
MED0074,LOC0070,WH-H-001,B00743877,294,14-01-2027,30,06-08-2026 09:00
MED0111,LOC0070,WH-H-001,B01113927,177,20-02-2027,30,06-08-2026 09:00
MED0103,LOC0070,WH-H-001,B01034092,129,30-03-2027,30,06-08-2026 09:00
MED0029,LOC0070,WH-H-001,B00294111,639,31-08-2026,20,06-08-2026 09:00
MED0025,LOC0070,WH-H-001,B00254236,425,16-04-2027,20,06-08-2026 09:00
MED0099,LOC0070,WH-H-001,B00994370,24,28-12-2028,100,06-08-2026 09:00
MED0014,LOC0070,WH-H-001,B00144433,89,04-05-2027,75,06-08-2026 09:00
MED0114,LOC0070,WH-H-001,B01144581,328,10-11-2027,50,06-08-2026 09:00
MED0052,LOC0070,WH-H-001,B00524614,388,10-06-2028,50,06-08-2026 09:00
MED0101,LOC0070,WH-H-001,B01014795,92,06-01-2029,50,06-08-2026 09:00
MED0034,LOC0070,WH-H-001,B00344823,673,20-11-2028,75,06-08-2026 09:00
MED0007,LOC0071,WH-H-002,B00070172,315,09-03-2027,50,06-08-2026 09:00
MED0071,LOC0071,WH-H-002,B00710247,504,11-12-2027,75,06-08-2026 09:00
MED0112,LOC0071,WH-H-002,B01120383,584,21-07-2027,30,06-08-2026 09:00
MED0024,LOC0071,WH-H-002,B00240467,742,03-10-2026,75,06-08-2026 09:00
MED0092,LOC0071,WH-H-002,B00920583,596,14-05-2027,100,06-08-2026 09:00
MED0057,LOC0071,WH-H-002,B00570695,165,22-08-2026,30,06-08-2026 09:00
MED0016,LOC0071,WH-H-002,B00160724,539,09-11-2028,100,06-08-2026 09:00
MED0083,LOC0071,WH-H-002,B00830876,334,11-09-2026,30,06-08-2026 09:00
MED0061,LOC0071,WH-H-002,B00610922,2115,13-12-2028,30,06-08-2026 09:00
MED0023,LOC0071,WH-H-002,B00231016,406,16-11-2028,30,06-08-2026 09:00
MED0009,LOC0071,WH-H-002,B00091180,38,02-08-2027,100,06-08-2026 09:00
MED0059,LOC0071,WH-H-002,B00591274,702,18-04-2028,75,06-08-2026 09:00
MED0088,LOC0071,WH-H-002,B00881398,448,07-06-2027,100,06-08-2026 09:00
MED0028,LOC0071,WH-H-002,B00281478,365,17-08-2028,50,06-08-2026 09:00
MED0026,LOC0071,WH-H-002,B00261515,768,30-12-2028,75,06-08-2026 09:00
MED0109,LOC0071,WH-H-002,B01091659,0,03-07-2027,30,06-08-2026 09:00
MED0110,LOC0071,WH-H-002,B01101718,587,18-02-2028,20,06-08-2026 09:00
MED0094,LOC0071,WH-H-002,B00941883,166,18-11-2028,50,06-08-2026 09:00
MED0101,LOC0071,WH-H-002,B01011931,0,12-09-2026,20,06-08-2026 09:00
MED0073,LOC0071,WH-H-002,B00732035,679,20-05-2026,100,06-08-2026 09:00
MED0084,LOC0071,WH-H-002,B00842188,752,01-01-2027,75,06-08-2026 09:00
MED0075,LOC0071,WH-H-002,B00752220,590,28-02-2028,30,06-08-2026 09:00
MED0111,LOC0071,WH-H-002,B01112328,511,14-08-2026,30,06-08-2026 09:00
MED0004,LOC0071,WH-H-002,B00042424,0,08-04-2027,75,06-08-2026 09:00
MED0042,LOC0071,WH-H-002,B00422562,703,18-02-2028,30,06-08-2026 09:00
MED0098,LOC0071,WH-H-002,B00982696,142,14-09-2026,75,06-08-2026 09:00
MED0105,LOC0071,WH-H-002,B01052733,3567,16-03-2027,20,06-08-2026 09:00
MED0020,LOC0071,WH-H-002,B00202853,4955,02-07-2026,20,06-08-2026 09:00
MED0074,LOC0071,WH-H-002,B00742937,254,02-08-2028,100,06-08-2026 09:00
MED0095,LOC0071,WH-H-002,B00953036,197,15-10-2027,20,06-08-2026 09:00
MED0079,LOC0071,WH-H-002,B00793195,0,31-08-2028,100,06-08-2026 09:00
MED0096,LOC0071,WH-H-002,B00963246,106,26-09-2026,50,06-08-2026 09:00
MED0053,LOC0071,WH-H-002,B00533397,3165,16-03-2026,30,06-08-2026 09:00
MED0022,LOC0071,WH-H-002,B00223483,143,12-11-2026,75,06-08-2026 09:00
MED0013,LOC0071,WH-H-002,B00133526,153,23-11-2027,50,06-08-2026 09:00
MED0055,LOC0071,WH-H-002,B00553654,605,14-11-2027,20,06-08-2026 09:00
MED0090,LOC0071,WH-H-002,B00903793,67,26-11-2028,75,06-08-2026 09:00
MED0093,LOC0071,WH-H-002,B00933886,219,08-06-2028,20,06-08-2026 09:00
MED0010,LOC0071,WH-H-002,B00103922,4844,21-11-2026,50,06-08-2026 09:00
MED0039,LOC0071,WH-H-002,B00394064,121,19-08-2026,30,06-08-2026 09:00
MED0031,LOC0071,WH-H-002,B00314126,552,14-09-2027,50,06-08-2026 09:00
MED0113,LOC0071,WH-H-002,B01134229,265,03-12-2028,30,06-08-2026 09:00
MED0085,LOC0071,WH-H-002,B00854325,493,10-01-2028,20,06-08-2026 09:00
MED0019,LOC0071,WH-H-002,B00194445,490,24-03-2028,50,06-08-2026 09:00
MED0086,LOC0071,WH-H-002,B00864520,634,22-09-2026,20,06-08-2026 09:00
MED0081,LOC0071,WH-H-002,B00814626,604,08-06-2026,75,06-08-2026 09:00
MED0078,LOC0071,WH-H-002,B00784753,543,21-02-2027,30,06-08-2026 09:00
MED0047,LOC0071,WH-H-002,B00474890,162,04-10-2028,50,06-08-2026 09:00
MED0032,LOC0071,WH-H-002,B00324941,727,07-12-2026,20,06-08-2026 09:00
MED0027,LOC0071,WH-H-002,B00275073,4523,24-12-2027,20,06-08-2026 09:00
MED0048,LOC0072,WH-H-003,B00480117,737,28-08-2026,30,06-08-2026 09:00
MED0055,LOC0072,WH-H-003,B00550223,4082,12-04-2026,75,06-08-2026 09:00
MED0101,LOC0072,WH-H-003,B01010320,0,10-10-2027,30,06-08-2026 09:00
MED0040,LOC0072,WH-H-003,B00400445,294,30-04-2028,20,06-08-2026 09:00
MED0080,LOC0072,WH-H-003,B00800535,410,24-10-2028,75,06-08-2026 09:00
MED0009,LOC0072,WH-H-003,B00090678,0,27-10-2027,20,06-08-2026 09:00
MED0114,LOC0072,WH-H-003,B01140786,457,17-01-2028,100,06-08-2026 09:00
MED0057,LOC0072,WH-H-003,B00570852,209,07-08-2026,50,06-08-2026 09:00
MED0076,LOC0072,WH-H-003,B00760930,795,21-12-2027,30,06-08-2026 09:00
MED0087,LOC0072,WH-H-003,B00871029,447,25-01-2028,75,06-08-2026 09:00
MED0100,LOC0072,WH-H-003,B01001199,65,25-03-2027,20,06-08-2026 09:00
MED0045,LOC0072,WH-H-003,B00451261,0,24-08-2026,75,06-08-2026 09:00
MED0108,LOC0072,WH-H-003,B01081385,318,06-08-2028,75,06-08-2026 09:00
MED0037,LOC0072,WH-H-003,B00371472,119,13-09-2026,20,06-08-2026 09:00
MED0113,LOC0072,WH-H-003,B01131543,3033,19-02-2026,75,06-08-2026 09:00
MED0023,LOC0072,WH-H-003,B00231682,786,12-01-2027,100,06-08-2026 09:00
MED0032,LOC0072,WH-H-003,B00321718,322,28-10-2028,50,06-08-2026 09:00
MED0033,LOC0072,WH-H-003,B00331874,43,19-07-2028,50,06-08-2026 09:00
MED0062,LOC0072,WH-H-003,B00621973,304,08-07-2028,20,06-08-2026 09:00
MED0014,LOC0072,WH-H-003,B00142038,541,19-08-2028,75,06-08-2026 09:00
MED0018,LOC0072,WH-H-003,B00182163,604,07-03-2027,20,06-08-2026 09:00
MED0097,LOC0072,WH-H-003,B00972258,767,29-12-2027,75,06-08-2026 09:00
MED0060,LOC0072,WH-H-003,B00602372,496,24-12-2026,20,06-08-2026 09:00
MED0056,LOC0072,WH-H-003,B00562451,254,01-05-2027,75,06-08-2026 09:00
MED0001,LOC0072,WH-H-003,B00012595,754,14-04-2028,75,06-08-2026 09:00
MED0015,LOC0072,WH-H-003,B00152688,596,28-02-2027,100,06-08-2026 09:00
MED0006,LOC0072,WH-H-003,B00062731,68,01-08-2027,75,06-08-2026 09:00
MED0072,LOC0072,WH-H-003,B00722869,676,20-08-2026,75,06-08-2026 09:00
MED0008,LOC0072,WH-H-003,B00082921,553,20-02-2027,20,06-08-2026 09:00
MED0016,LOC0072,WH-H-003,B00163094,0,15-09-2028,75,06-08-2026 09:00
MED0066,LOC0072,WH-H-003,B00663179,676,09-02-2027,20,06-08-2026 09:00
MED0085,LOC0072,WH-H-003,B00853283,700,25-07-2028,20,06-08-2026 09:00
MED0005,LOC0072,WH-H-003,B00053324,798,03-04-2027,100,06-08-2026 09:00
MED0027,LOC0072,WH-H-003,B00273474,22,07-05-2028,20,06-08-2026 09:00
MED0004,LOC0072,WH-H-003,B00043579,677,15-01-2027,100,06-08-2026 09:00
MED0053,LOC0072,WH-H-003,B00533625,311,17-04-2027,75,06-08-2026 09:00
MED0071,LOC0072,WH-H-003,B00713739,364,28-11-2028,75,06-08-2026 09:00
MED0030,LOC0072,WH-H-003,B00303879,519,15-11-2026,100,06-08-2026 09:00
MED0013,LOC0072,WH-H-003,B00133963,2105,21-12-2026,30,06-08-2026 09:00
MED0058,LOC0072,WH-H-003,B00584033,682,29-09-2026,75,06-08-2026 09:00
MED0052,LOC0072,WH-H-003,B00524121,87,21-12-2027,30,06-08-2026 09:00
MED0036,LOC0072,WH-H-003,B00364285,523,24-09-2028,20,06-08-2026 09:00
MED0012,LOC0072,WH-H-003,B00124374,614,30-05-2028,50,06-08-2026 09:00
MED0063,LOC0072,WH-H-003,B00634471,770,20-09-2028,30,06-08-2026 09:00
MED0021,LOC0072,WH-H-003,B00214525,602,03-11-2028,20,06-08-2026 09:00
MED0104,LOC0072,WH-H-003,B01044624,90,11-01-2028,50,06-08-2026 09:00
MED0067,LOC0072,WH-H-003,B00674741,506,22-08-2028,50,06-08-2026 09:00
MED0088,LOC0072,WH-H-003,B00884880,690,11-10-2028,30,06-08-2026 09:00
MED0002,LOC0072,WH-H-003,B00024968,740,21-02-2027,100,06-08-2026 09:00
MED0106,LOC0072,WH-H-003,B01065033,674,16-12-2027,100,06-08-2026 09:00
MED0047,LOC0072,WH-H-003,B00475191,619,22-10-2028,50,06-08-2026 09:00
MED0029,LOC0072,WH-H-003,B00295243,385,16-07-2027,50,06-08-2026 09:00
MED0007,LOC0072,WH-H-003,B00075329,272,19-09-2027,100,06-08-2026 09:00
MED0057,LOC0073,WH-H-004,B00570160,0,26-07-2027,100,06-08-2026 09:00
MED0002,LOC0073,WH-H-004,B00020283,770,12-07-2028,75,06-08-2026 09:00
MED0020,LOC0073,WH-H-004,B00200348,638,03-02-2027,20,06-08-2026 09:00
MED0072,LOC0073,WH-H-004,B00720441,115,17-12-2028,20,06-08-2026 09:00
MED0044,LOC0073,WH-H-004,B00440536,614,20-04-2027,50,06-08-2026 09:00
MED0014,LOC0073,WH-H-004,B00140610,2873,26-12-2027,75,06-08-2026 09:00
MED0050,LOC0073,WH-H-004,B00500751,254,01-06-2026,50,06-08-2026 09:00
MED0019,LOC0073,WH-H-004,B00190812,410,21-10-2028,100,06-08-2026 09:00
MED0021,LOC0073,WH-H-004,B00210928,285,25-03-2028,30,06-08-2026 09:00
MED0046,LOC0073,WH-H-004,B00461014,2398,30-08-2028,50,06-08-2026 09:00
MED0075,LOC0073,WH-H-004,B00751163,280,13-03-2026,30,06-08-2026 09:00
MED0098,LOC0073,WH-H-004,B00981218,481,13-03-2028,75,06-08-2026 09:00
MED0032,LOC0073,WH-H-004,B00321379,3059,12-06-2028,100,06-08-2026 09:00
MED0081,LOC0073,WH-H-004,B00811469,746,25-04-2026,20,06-08-2026 09:00
MED0053,LOC0073,WH-H-004,B00531562,278,24-08-2026,100,06-08-2026 09:00
MED0036,LOC0073,WH-H-004,B00361689,107,04-10-2027,100,06-08-2026 09:00
MED0070,LOC0073,WH-H-004,B00701779,641,02-08-2027,30,06-08-2026 09:00
MED0103,LOC0073,WH-H-004,B01031899,551,16-07-2027,75,06-08-2026 09:00
MED0017,LOC0073,WH-H-004,B00171974,633,19-09-2027,100,06-08-2026 09:00
MED0001,LOC0073,WH-H-004,B00012051,705,04-02-2027,75,06-08-2026 09:00
MED0065,LOC0073,WH-H-004,B00652124,321,24-12-2026,50,06-08-2026 09:00
MED0074,LOC0073,WH-H-004,B00742217,739,07-05-2027,20,06-08-2026 09:00
MED0029,LOC0073,WH-H-004,B00292398,252,29-11-2027,75,06-08-2026 09:00
MED0035,LOC0073,WH-H-004,B00352497,72,10-01-2028,20,06-08-2026 09:00
MED0069,LOC0073,WH-H-004,B00692581,610,01-01-2029,20,06-08-2026 09:00
MED0052,LOC0073,WH-H-004,B00522692,321,30-10-2028,75,06-08-2026 09:00
MED0090,LOC0073,WH-H-004,B00902786,4372,20-11-2027,30,06-08-2026 09:00
MED0094,LOC0073,WH-H-004,B00942893,7,06-03-2026,20,06-08-2026 09:00
MED0030,LOC0073,WH-H-004,B00302942,139,20-06-2028,100,06-08-2026 09:00
MED0007,LOC0074,WH-H-005,B00070157,0,30-09-2026,100,06-08-2026 09:00
MED0038,LOC0074,WH-H-005,B00380233,390,13-08-2028,50,06-08-2026 09:00
MED0049,LOC0074,WH-H-005,B00490390,296,01-09-2026,75,06-08-2026 09:00
MED0112,LOC0074,WH-H-005,B01120411,355,28-12-2026,50,06-08-2026 09:00
MED0088,LOC0074,WH-H-005,B00880547,191,16-08-2026,75,06-08-2026 09:00
MED0036,LOC0074,WH-H-005,B00360698,462,07-03-2028,30,06-08-2026 09:00
MED0101,LOC0074,WH-H-005,B01010718,137,23-07-2028,75,06-08-2026 09:00
MED0095,LOC0074,WH-H-005,B00950822,0,24-08-2026,75,06-08-2026 09:00
MED0072,LOC0074,WH-H-005,B00720978,515,19-07-2027,20,06-08-2026 09:00
MED0079,LOC0074,WH-H-005,B00791011,61,21-03-2026,100,06-08-2026 09:00
MED0056,LOC0074,WH-H-005,B00561173,528,10-03-2028,20,06-08-2026 09:00
MED0104,LOC0074,WH-H-005,B01041255,2324,05-07-2028,100,06-08-2026 09:00
MED0064,LOC0074,WH-H-005,B00641367,13,10-08-2027,75,06-08-2026 09:00
MED0053,LOC0074,WH-H-005,B00531491,418,21-04-2027,30,06-08-2026 09:00
MED0114,LOC0074,WH-H-005,B01141516,4991,17-08-2026,75,06-08-2026 09:00
MED0042,LOC0074,WH-H-005,B00421653,234,08-03-2028,30,06-08-2026 09:00
MED0103,LOC0074,WH-H-005,B01031778,713,04-12-2027,30,06-08-2026 09:00
MED0034,LOC0074,WH-H-005,B00341831,358,15-08-2028,20,06-08-2026 09:00
MED0021,LOC0074,WH-H-005,B00211925,526,14-03-2027,50,06-08-2026 09:00
MED0002,LOC0074,WH-H-005,B00022056,238,21-07-2027,100,06-08-2026 09:00
MED0040,LOC0074,WH-H-005,B00402142,0,17-01-2028,50,06-08-2026 09:00
MED0041,LOC0074,WH-H-005,B00412228,292,16-10-2027,50,06-08-2026 09:00
MED0055,LOC0074,WH-H-005,B00552329,78,19-08-2026,30,06-08-2026 09:00
MED0047,LOC0074,WH-H-005,B00472472,550,27-11-2028,75,06-08-2026 09:00
MED0063,LOC0074,WH-H-005,B00632560,86,04-01-2029,100,06-08-2026 09:00
MED0057,LOC0074,WH-H-005,B00572631,300,28-09-2028,30,06-08-2026 09:00
MED0044,LOC0074,WH-H-005,B00442778,196,25-05-2028,75,06-08-2026 09:00
MED0069,LOC0074,WH-H-005,B00692811,74,01-11-2027,75,06-08-2026 09:00
MED0004,LOC0074,WH-H-005,B00042941,2275,05-12-2027,100,06-08-2026 09:00
MED0074,LOC0074,WH-H-005,B00743059,731,07-12-2026,20,06-08-2026 09:00
MED0058,LOC0074,WH-H-005,B00583174,235,15-05-2028,100,06-08-2026 09:00
MED0094,LOC0074,WH-H-005,B00943249,234,27-06-2027,30,06-08-2026 09:00
MED0093,LOC0074,WH-H-005,B00933391,0,20-10-2028,20,06-08-2026 09:00
MED0029,LOC0074,WH-H-005,B00293470,732,29-01-2028,20,06-08-2026 09:00
MED0025,LOC0074,WH-H-005,B00253532,68,23-10-2027,100,06-08-2026 09:00
MED0065,LOC0074,WH-H-005,B00653643,686,29-07-2027,50,06-08-2026 09:00
MED0007,LOC0075,WH-H-006,B00070186,238,14-07-2026,30,06-08-2026 09:00
MED0106,LOC0075,WH-H-006,B01060244,390,02-05-2027,100,06-08-2026 09:00
MED0069,LOC0075,WH-H-006,B00690367,570,02-07-2028,30,06-08-2026 09:00
MED0027,LOC0075,WH-H-006,B00270429,243,17-02-2027,30,06-08-2026 09:00
MED0105,LOC0075,WH-H-006,B01050560,675,04-12-2026,20,06-08-2026 09:00
MED0112,LOC0075,WH-H-006,B01120676,580,29-04-2027,30,06-08-2026 09:00
MED0047,LOC0075,WH-H-006,B00470731,728,09-06-2027,100,06-08-2026 09:00
MED0089,LOC0075,WH-H-006,B00890832,2479,08-06-2026,30,06-08-2026 09:00
MED0009,LOC0075,WH-H-006,B00090969,0,04-12-2027,20,06-08-2026 09:00
MED0061,LOC0075,WH-H-006,B00611090,46,07-04-2028,75,06-08-2026 09:00
MED0078,LOC0075,WH-H-006,B00781171,571,26-09-2028,100,06-08-2026 09:00
MED0080,LOC0075,WH-H-006,B00801234,4243,25-08-2026,75,06-08-2026 09:00
MED0028,LOC0075,WH-H-006,B00281340,95,14-11-2028,50,06-08-2026 09:00
MED0058,LOC0075,WH-H-006,B00581420,326,21-08-2028,100,06-08-2026 09:00
MED0091,LOC0075,WH-H-006,B00911563,48,13-08-2027,100,06-08-2026 09:00
MED0071,LOC0075,WH-H-006,B00711685,199,27-12-2027,100,06-08-2026 09:00
MED0014,LOC0075,WH-H-006,B00141712,100,16-06-2026,50,06-08-2026 09:00
MED0002,LOC0075,WH-H-006,B00021857,413,07-11-2026,75,06-08-2026 09:00
MED0083,LOC0075,WH-H-006,B00831919,760,26-01-2028,50,06-08-2026 09:00
MED0088,LOC0075,WH-H-006,B00882065,0,24-01-2028,50,06-08-2026 09:00
MED0084,LOC0075,WH-H-006,B00842192,94,03-10-2026,75,06-08-2026 09:00
MED0093,LOC0075,WH-H-006,B00932221,306,29-10-2028,75,06-08-2026 09:00
MED0086,LOC0075,WH-H-006,B00862351,1,11-05-2028,30,06-08-2026 09:00
MED0042,LOC0075,WH-H-006,B00422470,605,29-07-2028,20,06-08-2026 09:00
MED0031,LOC0075,WH-H-006,B00312534,15,01-06-2028,20,06-08-2026 09:00
MED0096,LOC0075,WH-H-006,B00962658,207,28-03-2027,75,06-08-2026 09:00
MED0077,LOC0075,WH-H-006,B00772759,578,16-04-2027,100,06-08-2026 09:00
MED0016,LOC0075,WH-H-006,B00162865,15,09-05-2028,100,06-08-2026 09:00
MED0019,LOC0075,WH-H-006,B00192977,650,01-03-2028,100,06-08-2026 09:00
MED0109,LOC0075,WH-H-006,B01093085,74,18-11-2027,75,06-08-2026 09:00
MED0059,LOC0075,WH-H-006,B00593168,464,09-06-2028,75,06-08-2026 09:00
MED0065,LOC0075,WH-H-006,B00653212,0,13-03-2027,75,06-08-2026 09:00
MED0066,LOC0075,WH-H-006,B00663368,4873,06-11-2027,20,06-08-2026 09:00
MED0033,LOC0075,WH-H-006,B00333420,191,09-09-2027,100,06-08-2026 09:00
MED0085,LOC0075,WH-H-006,B00853557,779,11-06-2028,100,06-08-2026 09:00
MED0050,LOC0075,WH-H-006,B00503650,472,09-04-2028,30,06-08-2026 09:00
MED0073,LOC0075,WH-H-006,B00733795,467,04-02-2027,20,06-08-2026 09:00
MED0075,LOC0075,WH-H-006,B00753819,394,14-01-2029,30,06-08-2026 09:00
MED0055,LOC0075,WH-H-006,B00553921,660,18-08-2027,20,06-08-2026 09:00
MED0068,LOC0075,WH-H-006,B00684044,412,24-01-2028,100,06-08-2026 09:00
MED0082,LOC0075,WH-H-006,B00824175,617,12-10-2027,30,06-08-2026 09:00
MED0020,LOC0075,WH-H-006,B00204256,2218,01-08-2027,100,06-08-2026 09:00
MED0008,LOC0075,WH-H-006,B00084397,107,24-10-2027,50,06-08-2026 09:00
MED0040,LOC0075,WH-H-006,B00404474,46,10-01-2029,50,06-08-2026 09:00
MED0041,LOC0075,WH-H-006,B00414556,0,13-03-2027,30,06-08-2026 09:00
MED0062,LOC0075,WH-H-006,B00624616,727,24-11-2028,75,06-08-2026 09:00
MED0018,LOC0075,WH-H-006,B00184762,224,20-10-2027,20,06-08-2026 09:00
MED0103,LOC0075,WH-H-006,B01034845,470,23-03-2027,50,06-08-2026 09:00
MED0098,LOC0075,WH-H-006,B00984988,515,30-05-2028,75,06-08-2026 09:00
MED0036,LOC0075,WH-H-006,B00365072,286,14-07-2026,50,06-08-2026 09:00
MED0101,LOC0075,WH-H-006,B01015143,529,09-10-2028,100,06-08-2026 09:00
MED0044,LOC0075,WH-H-006,B00445259,139,17-01-2027,75,06-08-2026 09:00
MED0102,LOC0076,WH-H-007,B01020162,607,10-06-2027,100,06-08-2026 09:00
MED0099,LOC0076,WH-H-007,B00990224,3053,01-03-2028,50,06-08-2026 09:00
MED0048,LOC0076,WH-H-007,B00480375,90,11-11-2028,75,06-08-2026 09:00
MED0001,LOC0076,WH-H-007,B00010420,207,08-05-2028,30,06-08-2026 09:00
MED0062,LOC0076,WH-H-007,B00620543,742,10-12-2026,30,06-08-2026 09:00
MED0009,LOC0076,WH-H-007,B00090694,0,31-05-2028,50,06-08-2026 09:00
MED0008,LOC0076,WH-H-007,B00080747,701,26-02-2028,100,06-08-2026 09:00
MED0101,LOC0076,WH-H-007,B01010877,745,24-07-2027,30,06-08-2026 09:00
MED0045,LOC0076,WH-H-007,B00450961,155,04-01-2027,30,06-08-2026 09:00
MED0072,LOC0076,WH-H-007,B00721067,445,18-04-2026,50,06-08-2026 09:00
MED0083,LOC0076,WH-H-007,B00831148,224,19-07-2027,30,06-08-2026 09:00
MED0090,LOC0076,WH-H-007,B00901250,560,04-05-2027,100,06-08-2026 09:00
MED0097,LOC0076,WH-H-007,B00971361,645,05-09-2027,30,06-08-2026 09:00
MED0108,LOC0076,WH-H-007,B01081466,338,03-02-2028,30,06-08-2026 09:00
MED0012,LOC0076,WH-H-007,B00121552,402,30-07-2028,50,06-08-2026 09:00
MED0015,LOC0076,WH-H-007,B00151633,3626,04-06-2028,50,06-08-2026 09:00
MED0074,LOC0076,WH-H-007,B00741751,553,27-12-2028,20,06-08-2026 09:00
MED0112,LOC0076,WH-H-007,B01121813,0,16-09-2027,20,06-08-2026 09:00
MED0111,LOC0076,WH-H-007,B01111922,2956,12-08-2026,100,06-08-2026 09:00
MED0079,LOC0076,WH-H-007,B00792012,397,19-09-2026,75,06-08-2026 09:00
MED0023,LOC0076,WH-H-007,B00232197,302,02-02-2028,30,06-08-2026 09:00
MED0060,LOC0076,WH-H-007,B00602291,0,25-04-2027,75,06-08-2026 09:00
MED0014,LOC0076,WH-H-007,B00142350,635,01-07-2027,20,06-08-2026 09:00
MED0085,LOC0076,WH-H-007,B00852420,85,04-11-2026,50,06-08-2026 09:00
MED0100,LOC0076,WH-H-007,B01002555,321,05-06-2028,30,06-08-2026 09:00
MED0041,LOC0076,WH-H-007,B00412699,0,20-12-2028,20,06-08-2026 09:00
MED0024,LOC0076,WH-H-007,B00242733,2454,09-11-2028,20,06-08-2026 09:00
MED0055,LOC0076,WH-H-007,B00552843,670,28-06-2028,50,06-08-2026 09:00
MED0011,LOC0076,WH-H-007,B00112946,632,26-01-2028,75,06-08-2026 09:00
MED0006,LOC0076,WH-H-007,B00063034,504,04-09-2026,20,06-08-2026 09:00
MED0047,LOC0076,WH-H-007,B00473185,563,07-05-2026,30,06-08-2026 09:00
MED0030,LOC0076,WH-H-007,B00303216,236,10-01-2027,50,06-08-2026 09:00
MED0057,LOC0076,WH-H-007,B00573337,294,01-08-2028,20,06-08-2026 09:00
MED0007,LOC0076,WH-H-007,B00073425,12,18-06-2028,50,06-08-2026 09:00
MED0073,LOC0076,WH-H-007,B00733564,129,11-06-2027,20,06-08-2026 09:00
MED0018,LOC0076,WH-H-007,B00183618,715,22-08-2027,20,06-08-2026 09:00
MED0026,LOC0076,WH-H-007,B00263738,641,08-02-2027,20,06-08-2026 09:00
MED0091,LOC0076,WH-H-007,B00913855,631,15-05-2028,50,06-08-2026 09:00
MED0005,LOC0076,WH-H-007,B00053982,249,06-10-2028,50,06-08-2026 09:00
MED0093,LOC0076,WH-H-007,B00934017,370,08-12-2026,50,06-08-2026 09:00
MED0010,LOC0076,WH-H-007,B00104192,583,17-11-2026,75,06-08-2026 09:00
MED0056,LOC0076,WH-H-007,B00564217,438,17-05-2028,20,06-08-2026 09:00
MED0089,LOC0076,WH-H-007,B00894315,734,31-07-2027,20,06-08-2026 09:00
MED0002,LOC0076,WH-H-007,B00024426,512,30-09-2028,30,06-08-2026 09:00
MED0096,LOC0076,WH-H-007,B00964584,583,14-09-2027,30,06-08-2026 09:00
MED0110,LOC0076,WH-H-007,B01104668,21,02-04-2026,50,06-08-2026 09:00
MED0033,LOC0076,WH-H-007,B00334737,160,12-11-2026,75,06-08-2026 09:00
MED0103,LOC0076,WH-H-007,B01034858,11,20-08-2026,30,06-08-2026 09:00
MED0065,LOC0076,WH-H-007,B00654968,400,20-02-2027,50,06-08-2026 09:00
MED0040,LOC0076,WH-H-007,B00405094,596,18-08-2026,100,06-08-2026 09:00
MED0042,LOC0076,WH-H-007,B00425149,153,18-06-2027,100,06-08-2026 09:00
MED0106,LOC0076,WH-H-007,B01065283,71,28-07-2026,50,06-08-2026 09:00
MED0019,LOC0076,WH-H-007,B00195355,431,21-12-2026,20,06-08-2026 09:00
MED0113,LOC0076,WH-H-007,B01135481,0,10-05-2028,30,06-08-2026 09:00
MED0052,LOC0076,WH-H-007,B00525521,248,07-07-2026,75,06-08-2026 09:00
MED0064,LOC0076,WH-H-007,B00645610,225,27-07-2028,75,06-08-2026 09:00
MED0098,LOC0076,WH-H-007,B00985752,342,14-02-2028,50,06-08-2026 09:00
MED0075,LOC0076,WH-H-007,B00755833,556,05-06-2028,100,06-08-2026 09:00
MED0037,LOC0076,WH-H-007,B00375949,754,11-01-2028,20,06-08-2026 09:00
MED0051,LOC0077,WH-H-008,B00510192,717,13-02-2027,30,06-08-2026 09:00
MED0006,LOC0077,WH-H-008,B00060277,175,04-10-2026,100,06-08-2026 09:00
MED0030,LOC0077,WH-H-008,B00300356,500,06-10-2028,20,06-08-2026 09:00
MED0108,LOC0077,WH-H-008,B01080465,2435,02-04-2028,100,06-08-2026 09:00
MED0031,LOC0077,WH-H-008,B00310585,340,26-01-2027,30,06-08-2026 09:00
MED0054,LOC0077,WH-H-008,B00540631,474,28-02-2028,50,06-08-2026 09:00
MED0086,LOC0077,WH-H-008,B00860753,529,24-07-2026,20,06-08-2026 09:00
MED0103,LOC0077,WH-H-008,B01030837,783,14-07-2028,30,06-08-2026 09:00
MED0023,LOC0077,WH-H-008,B00230975,384,11-04-2027,20,06-08-2026 09:00
MED0107,LOC0077,WH-H-008,B01071052,176,13-08-2027,100,06-08-2026 09:00
MED0002,LOC0077,WH-H-008,B00021127,673,08-09-2026,50,06-08-2026 09:00
MED0089,LOC0077,WH-H-008,B00891232,488,29-12-2026,30,06-08-2026 09:00
MED0019,LOC0077,WH-H-008,B00191339,301,05-08-2028,100,06-08-2026 09:00
MED0059,LOC0077,WH-H-008,B00591445,159,12-08-2026,30,06-08-2026 09:00
MED0048,LOC0077,WH-H-008,B00481526,285,21-11-2028,50,06-08-2026 09:00
MED0046,LOC0077,WH-H-008,B00461683,67,07-11-2027,100,06-08-2026 09:00
MED0067,LOC0077,WH-H-008,B00671790,717,04-07-2026,100,06-08-2026 09:00
MED0024,LOC0077,WH-H-008,B00241845,4597,25-12-2026,20,06-08-2026 09:00
MED0010,LOC0077,WH-H-008,B00101973,134,04-09-2026,30,06-08-2026 09:00
MED0033,LOC0077,WH-H-008,B00332041,130,17-02-2027,50,06-08-2026 09:00
MED0060,LOC0077,WH-H-008,B00602126,42,20-12-2028,50,06-08-2026 09:00
MED0094,LOC0077,WH-H-008,B00942242,3374,25-12-2027,100,06-08-2026 09:00
MED0004,LOC0077,WH-H-008,B00042354,698,01-01-2027,75,06-08-2026 09:00
MED0105,LOC0077,WH-H-008,B01052460,450,03-11-2027,100,06-08-2026 09:00
MED0077,LOC0077,WH-H-008,B00772519,4200,29-12-2028,100,06-08-2026 09:00
MED0017,LOC0077,WH-H-008,B00172697,612,19-09-2026,20,06-08-2026 09:00
MED0001,LOC0077,WH-H-008,B00012730,387,15-12-2026,20,06-08-2026 09:00
MED0057,LOC0077,WH-H-008,B00572813,543,16-01-2029,100,06-08-2026 09:00
MED0015,LOC0077,WH-H-008,B00152918,759,13-08-2027,50,06-08-2026 09:00
MED0012,LOC0077,WH-H-008,B00123035,166,26-01-2027,100,06-08-2026 09:00
MED0045,LOC0077,WH-H-008,B00453161,14,14-11-2027,20,06-08-2026 09:00
MED0021,LOC0077,WH-H-008,B00213268,427,11-12-2027,100,06-08-2026 09:00
MED0029,LOC0077,WH-H-008,B00293320,717,09-04-2027,20,06-08-2026 09:00
MED0071,LOC0077,WH-H-008,B00713448,403,04-01-2027,100,06-08-2026 09:00
MED0088,LOC0077,WH-H-008,B00883593,781,07-09-2027,100,06-08-2026 09:00
MED0057,LOC0078,WH-H-009,B00570162,2601,16-01-2029,20,06-08-2026 09:00
MED0056,LOC0078,WH-H-009,B00560281,756,04-09-2028,30,06-08-2026 09:00
MED0051,LOC0078,WH-H-009,B00510375,154,08-09-2026,50,06-08-2026 09:00
MED0026,LOC0078,WH-H-009,B00260497,504,04-07-2028,20,06-08-2026 09:00
MED0088,LOC0078,WH-H-009,B00880591,4550,04-04-2027,100,06-08-2026 09:00
MED0040,LOC0078,WH-H-009,B00400683,728,14-09-2026,30,06-08-2026 09:00
MED0078,LOC0078,WH-H-009,B00780727,205,07-07-2027,75,06-08-2026 09:00
MED0099,LOC0078,WH-H-009,B00990817,191,16-09-2028,50,06-08-2026 09:00
MED0025,LOC0078,WH-H-009,B00250914,230,30-05-2027,50,06-08-2026 09:00
MED0092,LOC0078,WH-H-009,B00921077,4893,18-09-2028,30,06-08-2026 09:00
MED0029,LOC0078,WH-H-009,B00291157,382,04-08-2027,75,06-08-2026 09:00
MED0073,LOC0078,WH-H-009,B00731296,399,03-06-2028,75,06-08-2026 09:00
MED0054,LOC0078,WH-H-009,B00541344,464,02-11-2028,50,06-08-2026 09:00
MED0045,LOC0078,WH-H-009,B00451457,369,25-01-2028,50,06-08-2026 09:00
MED0002,LOC0078,WH-H-009,B00021586,277,18-11-2028,100,06-08-2026 09:00
MED0039,LOC0078,WH-H-009,B00391626,65,18-08-2027,100,06-08-2026 09:00
MED0083,LOC0078,WH-H-009,B00831799,292,05-05-2028,20,06-08-2026 09:00
MED0108,LOC0078,WH-H-009,B01081875,633,13-09-2027,20,06-08-2026 09:00
MED0049,LOC0078,WH-H-009,B00491928,189,06-07-2028,20,06-08-2026 09:00
MED0022,LOC0078,WH-H-009,B00222048,380,15-12-2027,50,06-08-2026 09:00
MED0059,LOC0078,WH-H-009,B00592127,245,27-05-2026,75,06-08-2026 09:00
MED0106,LOC0078,WH-H-009,B01062244,734,05-03-2027,30,06-08-2026 09:00
MED0017,LOC0078,WH-H-009,B00172343,292,18-09-2026,30,06-08-2026 09:00
MED0095,LOC0078,WH-H-009,B00952463,253,14-04-2027,100,06-08-2026 09:00
MED0050,LOC0078,WH-H-009,B00502517,324,10-06-2027,20,06-08-2026 09:00
MED0018,LOC0078,WH-H-009,B00182638,225,15-02-2028,75,06-08-2026 09:00
MED0113,LOC0078,WH-H-009,B01132778,697,04-12-2026,20,06-08-2026 09:00
MED0064,LOC0079,WH-H-010,B00640113,167,26-09-2028,30,06-08-2026 09:00
MED0068,LOC0079,WH-H-010,B00680238,349,04-04-2027,100,06-08-2026 09:00
MED0106,LOC0079,WH-H-010,B01060397,135,18-12-2027,75,06-08-2026 09:00
MED0046,LOC0079,WH-H-010,B00460445,199,26-02-2027,50,06-08-2026 09:00
MED0022,LOC0079,WH-H-010,B00220599,47,09-08-2028,20,06-08-2026 09:00
MED0019,LOC0079,WH-H-010,B00190613,449,07-01-2027,50,06-08-2026 09:00
MED0016,LOC0079,WH-H-010,B00160714,531,20-12-2026,50,06-08-2026 09:00
MED0011,LOC0079,WH-H-010,B00110826,495,05-05-2027,20,06-08-2026 09:00
MED0048,LOC0079,WH-H-010,B00480925,327,22-05-2027,20,06-08-2026 09:00
MED0094,LOC0079,WH-H-010,B00941098,0,13-06-2028,75,06-08-2026 09:00
MED0071,LOC0079,WH-H-010,B00711190,222,28-04-2028,20,06-08-2026 09:00
MED0058,LOC0079,WH-H-010,B00581225,168,26-05-2027,20,06-08-2026 09:00
MED0012,LOC0079,WH-H-010,B00121376,354,10-04-2027,30,06-08-2026 09:00
MED0072,LOC0079,WH-H-010,B00721433,738,21-02-2026,75,06-08-2026 09:00
MED0036,LOC0079,WH-H-010,B00361526,496,22-10-2027,100,06-08-2026 09:00
MED0041,LOC0079,WH-H-010,B00411697,360,09-09-2028,50,06-08-2026 09:00
MED0021,LOC0079,WH-H-010,B00211798,151,20-08-2028,30,06-08-2026 09:00
MED0027,LOC0079,WH-H-010,B00271887,630,21-04-2028,75,06-08-2026 09:00
MED0047,LOC0079,WH-H-010,B00471998,294,03-03-2028,100,06-08-2026 09:00
MED0085,LOC0079,WH-H-010,B00852064,230,03-09-2026,30,06-08-2026 09:00
MED0100,LOC0079,WH-H-010,B01002116,35,05-02-2027,20,06-08-2026 09:00
MED0023,LOC0079,WH-H-010,B00232287,46,07-12-2027,100,06-08-2026 09:00
MED0056,LOC0079,WH-H-010,B00562335,123,15-04-2027,75,06-08-2026 09:00
MED0065,LOC0079,WH-H-010,B00652429,0,05-07-2026,75,06-08-2026 09:00
MED0059,LOC0079,WH-H-010,B00592538,4641,23-05-2028,75,06-08-2026 09:00
MED0034,LOC0079,WH-H-010,B00342621,647,27-10-2028,100,06-08-2026 09:00
MED0035,LOC0079,WH-H-010,B00352743,645,28-10-2028,75,06-08-2026 09:00
MED0084,LOC0079,WH-H-010,B00842851,798,28-05-2027,100,06-08-2026 09:00
MED0114,LOC0079,WH-H-010,B01142998,134,20-08-2026,75,06-08-2026 09:00
MED0007,LOC0079,WH-H-010,B00073012,165,07-04-2028,30,06-08-2026 09:00
MED0015,LOC0079,WH-H-010,B00153154,299,10-04-2027,20,06-08-2026 09:00
MED0086,LOC0079,WH-H-010,B00863295,758,07-11-2028,100,06-08-2026 09:00
MED0023,LOC0080,WH-H-011,B00230111,668,05-04-2027,50,06-08-2026 09:00
MED0094,LOC0080,WH-H-011,B00940217,394,10-09-2028,20,06-08-2026 09:00
MED0046,LOC0080,WH-H-011,B00460370,679,10-06-2028,100,06-08-2026 09:00
MED0052,LOC0080,WH-H-011,B00520470,321,21-01-2029,50,06-08-2026 09:00
MED0008,LOC0080,WH-H-011,B00080590,257,01-05-2027,20,06-08-2026 09:00
MED0049,LOC0080,WH-H-011,B00490619,438,05-08-2027,20,06-08-2026 09:00
MED0024,LOC0080,WH-H-011,B00240744,689,16-01-2028,20,06-08-2026 09:00
MED0106,LOC0080,WH-H-011,B01060858,686,22-09-2026,20,06-08-2026 09:00
MED0080,LOC0080,WH-H-011,B00800973,605,17-05-2028,100,06-08-2026 09:00
MED0044,LOC0080,WH-H-011,B00441027,61,04-11-2026,50,06-08-2026 09:00
MED0028,LOC0080,WH-H-011,B00281111,445,16-09-2028,20,06-08-2026 09:00
MED0048,LOC0080,WH-H-011,B00481294,667,23-03-2027,20,06-08-2026 09:00
MED0084,LOC0080,WH-H-011,B00841341,75,11-06-2028,20,06-08-2026 09:00
MED0007,LOC0080,WH-H-011,B00071482,635,01-05-2028,75,06-08-2026 09:00
MED0050,LOC0080,WH-H-011,B00501537,579,03-03-2028,75,06-08-2026 09:00
MED0032,LOC0080,WH-H-011,B00321620,502,28-06-2027,20,06-08-2026 09:00
MED0082,LOC0080,WH-H-011,B00821759,189,17-09-2026,100,06-08-2026 09:00
MED0093,LOC0080,WH-H-011,B00931878,347,30-04-2028,20,06-08-2026 09:00
MED0062,LOC0080,WH-H-011,B00621991,557,04-07-2027,100,06-08-2026 09:00
MED0099,LOC0080,WH-H-011,B00992098,701,19-10-2028,30,06-08-2026 09:00
MED0009,LOC0080,WH-H-011,B00092158,617,25-09-2026,50,06-08-2026 09:00
MED0083,LOC0080,WH-H-011,B00832284,31,22-09-2028,50,06-08-2026 09:00
MED0015,LOC0080,WH-H-011,B00152325,127,17-08-2026,50,06-08-2026 09:00
MED0069,LOC0080,WH-H-011,B00692458,2096,15-03-2028,100,06-08-2026 09:00
MED0110,LOC0080,WH-H-011,B01102571,576,21-08-2027,50,06-08-2026 09:00
MED0035,LOC0080,WH-H-011,B00352669,1,11-09-2026,20,06-08-2026 09:00
MED0051,LOC0080,WH-H-011,B00512773,557,23-01-2028,75,06-08-2026 09:00
MED0063,LOC0080,WH-H-011,B00632821,458,16-09-2027,75,06-08-2026 09:00
MED0036,LOC0080,WH-H-011,B00362998,394,14-01-2028,75,06-08-2026 09:00
MED0014,LOC0080,WH-H-011,B00143041,338,23-04-2026,20,06-08-2026 09:00
MED0031,LOC0080,WH-H-011,B00313185,225,12-12-2026,50,06-08-2026 09:00
MED0001,LOC0080,WH-H-011,B00013269,578,13-05-2027,75,06-08-2026 09:00
MED0087,LOC0080,WH-H-011,B00873327,4600,05-11-2027,75,06-08-2026 09:00
MED0041,LOC0080,WH-H-011,B00413498,228,24-12-2026,100,06-08-2026 09:00
MED0030,LOC0080,WH-H-011,B00303554,736,03-05-2026,50,06-08-2026 09:00
MED0072,LOC0080,WH-H-011,B00723636,164,24-09-2028,20,06-08-2026 09:00
MED0039,LOC0081,WH-HP-001,B00390137,131,06-03-2028,50,06-08-2026 09:00
MED0031,LOC0081,WH-HP-001,B00310284,545,21-04-2028,100,06-08-2026 09:00
MED0011,LOC0081,WH-HP-001,B00110383,2645,07-08-2026,50,06-08-2026 09:00
MED0110,LOC0081,WH-HP-001,B01100415,4831,08-03-2028,75,06-08-2026 09:00
MED0041,LOC0081,WH-HP-001,B00410590,531,24-08-2027,75,06-08-2026 09:00
MED0079,LOC0081,WH-HP-001,B00790626,483,19-03-2027,75,06-08-2026 09:00
MED0038,LOC0081,WH-HP-001,B00380765,43,06-06-2028,20,06-08-2026 09:00
MED0068,LOC0081,WH-HP-001,B00680838,65,15-09-2026,50,06-08-2026 09:00
MED0080,LOC0081,WH-HP-001,B00800923,0,06-05-2026,100,06-08-2026 09:00
MED0072,LOC0081,WH-HP-001,B00721052,208,19-02-2028,30,06-08-2026 09:00
MED0073,LOC0081,WH-HP-001,B00731134,541,10-12-2027,75,06-08-2026 09:00
MED0098,LOC0081,WH-HP-001,B00981210,643,29-02-2028,50,06-08-2026 09:00
MED0043,LOC0081,WH-HP-001,B00431337,80,20-07-2028,100,06-08-2026 09:00
MED0109,LOC0081,WH-HP-001,B01091443,369,16-05-2027,20,06-08-2026 09:00
MED0051,LOC0081,WH-HP-001,B00511579,226,21-08-2026,50,06-08-2026 09:00
MED0045,LOC0081,WH-HP-001,B00451634,209,10-05-2027,100,06-08-2026 09:00
MED0037,LOC0081,WH-HP-001,B00371741,686,08-12-2026,75,06-08-2026 09:00
MED0053,LOC0081,WH-HP-001,B00531836,299,25-12-2027,30,06-08-2026 09:00
MED0085,LOC0081,WH-HP-001,B00851984,0,08-02-2028,20,06-08-2026 09:00
MED0056,LOC0081,WH-HP-001,B00562060,709,07-09-2028,75,06-08-2026 09:00
MED0032,LOC0081,WH-HP-001,B00322150,33,31-08-2028,100,06-08-2026 09:00
MED0114,LOC0081,WH-HP-001,B01142216,287,22-06-2028,30,06-08-2026 09:00
MED0102,LOC0081,WH-HP-001,B01022372,669,18-09-2026,30,06-08-2026 09:00
MED0034,LOC0081,WH-HP-001,B00342414,65,15-05-2027,75,06-08-2026 09:00
MED0108,LOC0081,WH-HP-001,B01082578,326,21-08-2026,50,06-08-2026 09:00
MED0029,LOC0081,WH-HP-001,B00292688,167,29-05-2028,50,06-08-2026 09:00
MED0040,LOC0081,WH-HP-001,B00402753,346,12-12-2028,50,06-08-2026 09:00
MED0033,LOC0081,WH-HP-001,B00332889,136,09-04-2027,30,06-08-2026 09:00
MED0010,LOC0081,WH-HP-001,B00102961,0,13-05-2026,30,06-08-2026 09:00
MED0088,LOC0081,WH-HP-001,B00883039,220,14-11-2026,100,06-08-2026 09:00
MED0101,LOC0081,WH-HP-001,B01013118,259,29-01-2028,20,06-08-2026 09:00
MED0016,LOC0081,WH-HP-001,B00163211,438,12-11-2027,20,06-08-2026 09:00
MED0100,LOC0081,WH-HP-001,B01003388,145,20-07-2028,75,06-08-2026 09:00
MED0104,LOC0081,WH-HP-001,B01043417,322,09-12-2028,50,06-08-2026 09:00
MED0078,LOC0081,WH-HP-001,B00783532,379,23-01-2027,30,06-08-2026 09:00
MED0076,LOC0081,WH-HP-001,B00763631,569,17-03-2028,30,06-08-2026 09:00
MED0094,LOC0081,WH-HP-001,B00943715,0,18-03-2027,30,06-08-2026 09:00
MED0106,LOC0081,WH-HP-001,B01063884,469,27-09-2026,30,06-08-2026 09:00
MED0091,LOC0081,WH-HP-001,B00913994,4939,20-04-2027,20,06-08-2026 09:00
MED0036,LOC0081,WH-HP-001,B00364062,382,28-09-2026,30,06-08-2026 09:00
MED0058,LOC0081,WH-HP-001,B00584123,559,06-01-2029,50,06-08-2026 09:00
MED0103,LOC0081,WH-HP-001,B01034262,707,28-07-2027,75,06-08-2026 09:00
MED0089,LOC0081,WH-HP-001,B00894343,615,10-05-2027,20,06-08-2026 09:00
MED0035,LOC0081,WH-HP-001,B00354466,655,06-05-2028,20,06-08-2026 09:00
MED0097,LOC0081,WH-HP-001,B00974574,480,17-10-2027,30,06-08-2026 09:00
MED0084,LOC0081,WH-HP-001,B00844698,324,24-06-2028,20,06-08-2026 09:00
MED0003,LOC0081,WH-HP-001,B00034742,776,02-11-2028,50,06-08-2026 09:00
MED0022,LOC0081,WH-HP-001,B00224841,150,15-03-2028,100,06-08-2026 09:00
MED0019,LOC0081,WH-HP-001,B00194922,787,13-05-2027,30,06-08-2026 09:00
MED0105,LOC0081,WH-HP-001,B01055075,2193,05-09-2026,30,06-08-2026 09:00
MED0007,LOC0081,WH-HP-001,B00075163,354,23-05-2028,20,06-08-2026 09:00
MED0090,LOC0081,WH-HP-001,B00905268,0,18-01-2027,100,06-08-2026 09:00
MED0111,LOC0082,WH-HP-002,B01110181,766,17-06-2027,75,06-08-2026 09:00
MED0106,LOC0082,WH-HP-002,B01060229,21,27-08-2027,75,06-08-2026 09:00
MED0063,LOC0082,WH-HP-002,B00630397,2721,28-09-2027,30,06-08-2026 09:00
MED0038,LOC0082,WH-HP-002,B00380434,661,19-05-2027,50,06-08-2026 09:00
MED0089,LOC0082,WH-HP-002,B00890547,200,27-08-2027,20,06-08-2026 09:00
MED0005,LOC0082,WH-HP-002,B00050673,18,18-04-2028,50,06-08-2026 09:00
MED0103,LOC0082,WH-HP-002,B01030712,338,09-04-2026,100,06-08-2026 09:00
MED0081,LOC0082,WH-HP-002,B00810858,0,03-10-2028,30,06-08-2026 09:00
MED0029,LOC0082,WH-HP-002,B00290934,73,20-09-2027,100,06-08-2026 09:00
MED0077,LOC0082,WH-HP-002,B00771060,638,09-05-2027,75,06-08-2026 09:00
MED0020,LOC0082,WH-HP-002,B00201150,214,08-07-2028,75,06-08-2026 09:00
MED0046,LOC0082,WH-HP-002,B00461270,189,27-03-2028,75,06-08-2026 09:00
MED0014,LOC0082,WH-HP-002,B00141329,163,06-06-2028,50,06-08-2026 09:00
MED0076,LOC0082,WH-HP-002,B00761428,408,28-01-2027,20,06-08-2026 09:00
MED0080,LOC0082,WH-HP-002,B00801530,4679,15-11-2028,100,06-08-2026 09:00
MED0100,LOC0082,WH-HP-002,B01001662,119,05-10-2026,30,06-08-2026 09:00
MED0033,LOC0082,WH-HP-002,B00331795,0,23-09-2027,30,06-08-2026 09:00
MED0110,LOC0082,WH-HP-002,B01101829,446,18-09-2028,100,06-08-2026 09:00
MED0108,LOC0082,WH-HP-002,B01081933,637,14-09-2028,75,06-08-2026 09:00
MED0023,LOC0082,WH-HP-002,B00232089,77,27-07-2027,20,06-08-2026 09:00
MED0105,LOC0082,WH-HP-002,B01052122,0,17-10-2027,100,06-08-2026 09:00
MED0041,LOC0082,WH-HP-002,B00412215,109,08-05-2028,30,06-08-2026 09:00
MED0015,LOC0082,WH-HP-002,B00152330,547,21-06-2027,20,06-08-2026 09:00
MED0064,LOC0082,WH-HP-002,B00642422,85,08-04-2027,20,06-08-2026 09:00
MED0102,LOC0082,WH-HP-002,B01022594,381,10-04-2028,30,06-08-2026 09:00
MED0095,LOC0082,WH-HP-002,B00952679,551,23-01-2028,20,06-08-2026 09:00
MED0097,LOC0082,WH-HP-002,B00972723,411,12-11-2026,75,06-08-2026 09:00
MED0019,LOC0082,WH-HP-002,B00192817,3338,07-05-2028,100,06-08-2026 09:00
MED0040,LOC0083,WH-HP-003,B00400146,544,27-02-2027,30,06-08-2026 09:00
MED0114,LOC0083,WH-HP-003,B01140224,581,20-10-2028,75,06-08-2026 09:00
MED0097,LOC0083,WH-HP-003,B00970362,629,21-12-2028,20,06-08-2026 09:00
MED0018,LOC0083,WH-HP-003,B00180477,627,11-10-2028,100,06-08-2026 09:00
MED0108,LOC0083,WH-HP-003,B01080580,526,25-02-2027,20,06-08-2026 09:00
MED0110,LOC0083,WH-HP-003,B01100662,0,10-01-2028,20,06-08-2026 09:00
MED0087,LOC0083,WH-HP-003,B00870717,763,06-11-2026,20,06-08-2026 09:00
MED0001,LOC0083,WH-HP-003,B00010853,201,09-05-2028,20,06-08-2026 09:00
MED0006,LOC0083,WH-HP-003,B00060951,193,07-11-2026,30,06-08-2026 09:00
MED0102,LOC0083,WH-HP-003,B01021040,183,29-04-2028,20,06-08-2026 09:00
MED0050,LOC0083,WH-HP-003,B00501163,363,18-04-2027,100,06-08-2026 09:00
MED0023,LOC0083,WH-HP-003,B00231217,797,22-07-2028,100,06-08-2026 09:00
MED0073,LOC0083,WH-HP-003,B00731368,546,20-04-2027,20,06-08-2026 09:00
MED0065,LOC0083,WH-HP-003,B00651436,232,26-05-2028,75,06-08-2026 09:00
MED0064,LOC0083,WH-HP-003,B00641537,394,31-05-2027,100,06-08-2026 09:00
MED0057,LOC0083,WH-HP-003,B00571691,764,28-08-2026,75,06-08-2026 09:00
MED0082,LOC0083,WH-HP-003,B00821761,555,11-12-2028,20,06-08-2026 09:00
MED0068,LOC0083,WH-HP-003,B00681849,107,22-05-2028,30,06-08-2026 09:00
MED0062,LOC0083,WH-HP-003,B00621994,0,16-08-2026,20,06-08-2026 09:00
MED0032,LOC0083,WH-HP-003,B00322087,205,07-11-2028,100,06-08-2026 09:00
MED0041,LOC0083,WH-HP-003,B00412138,4214,21-11-2028,30,06-08-2026 09:00
MED0067,LOC0083,WH-HP-003,B00672218,472,18-11-2028,50,06-08-2026 09:00
MED0042,LOC0083,WH-HP-003,B00422399,725,26-11-2028,100,06-08-2026 09:00
MED0104,LOC0083,WH-HP-003,B01042493,493,09-02-2027,20,06-08-2026 09:00
MED0098,LOC0083,WH-HP-003,B00982531,644,21-06-2028,20,06-08-2026 09:00
MED0052,LOC0083,WH-HP-003,B00522644,551,03-09-2028,20,06-08-2026 09:00
MED0037,LOC0083,WH-HP-003,B00372766,636,14-09-2026,30,06-08-2026 09:00
MED0089,LOC0083,WH-HP-003,B00892885,4060,30-10-2027,75,06-08-2026 09:00
MED0113,LOC0083,WH-HP-003,B01132998,546,11-05-2028,75,06-08-2026 09:00
MED0016,LOC0083,WH-HP-003,B00163012,509,25-09-2028,50,06-08-2026 09:00
MED0077,LOC0083,WH-HP-003,B00773178,385,17-12-2027,30,06-08-2026 09:00
MED0056,LOC0083,WH-HP-003,B00563222,626,14-06-2028,75,06-08-2026 09:00
MED0017,LOC0083,WH-HP-003,B00173385,209,06-04-2028,30,06-08-2026 09:00
MED0028,LOC0083,WH-HP-003,B00283487,166,20-06-2027,100,06-08-2026 09:00
MED0038,LOC0083,WH-HP-003,B00383566,643,25-12-2028,50,06-08-2026 09:00
MED0024,LOC0083,WH-HP-003,B00243666,593,27-11-2026,50,06-08-2026 09:00
MED0015,LOC0083,WH-HP-003,B00153764,146,30-12-2027,50,06-08-2026 09:00
MED0019,LOC0083,WH-HP-003,B00193883,311,04-09-2026,100,06-08-2026 09:00
MED0083,LOC0083,WH-HP-003,B00833986,22,23-05-2028,100,06-08-2026 09:00
MED0084,LOC0083,WH-HP-003,B00844055,696,29-05-2028,75,06-08-2026 09:00
MED0103,LOC0083,WH-HP-003,B01034175,291,20-01-2027,100,06-08-2026 09:00
MED0010,LOC0083,WH-HP-003,B00104262,516,27-02-2027,30,06-08-2026 09:00
MED0025,LOC0083,WH-HP-003,B00254353,469,10-08-2028,75,06-08-2026 09:00
MED0079,LOC0083,WH-HP-003,B00794423,595,03-05-2028,30,06-08-2026 09:00
MED0003,LOC0083,WH-HP-003,B00034547,598,02-08-2027,75,06-08-2026 09:00
MED0086,LOC0083,WH-HP-003,B00864691,0,12-09-2028,50,06-08-2026 09:00
MED0009,LOC0083,WH-HP-003,B00094725,10,28-04-2027,100,06-08-2026 09:00
MED0106,LOC0083,WH-HP-003,B01064860,142,14-12-2026,20,06-08-2026 09:00
MED0088,LOC0083,WH-HP-003,B00884979,616,22-11-2026,75,06-08-2026 09:00
MED0035,LOC0084,WH-HP-004,B00350196,48,25-07-2026,50,06-08-2026 09:00
MED0069,LOC0084,WH-HP-004,B00690285,778,16-02-2027,50,06-08-2026 09:00
MED0107,LOC0084,WH-HP-004,B01070359,208,06-05-2026,100,06-08-2026 09:00
MED0033,LOC0084,WH-HP-004,B00330466,3069,19-05-2027,50,06-08-2026 09:00
MED0046,LOC0084,WH-HP-004,B00460516,301,09-06-2028,100,06-08-2026 09:00
MED0067,LOC0084,WH-HP-004,B00670625,738,03-09-2028,100,06-08-2026 09:00
MED0014,LOC0084,WH-HP-004,B00140713,424,09-12-2026,100,06-08-2026 09:00
MED0099,LOC0084,WH-HP-004,B00990825,208,08-10-2028,20,06-08-2026 09:00
MED0029,LOC0084,WH-HP-004,B00290926,302,20-07-2027,20,06-08-2026 09:00
MED0001,LOC0084,WH-HP-004,B00011095,44,11-08-2027,100,06-08-2026 09:00
MED0072,LOC0084,WH-HP-004,B00721157,572,19-12-2027,50,06-08-2026 09:00
MED0070,LOC0084,WH-HP-004,B00701226,39,18-01-2029,30,06-08-2026 09:00
MED0074,LOC0084,WH-HP-004,B00741371,352,24-01-2028,20,06-08-2026 09:00
MED0104,LOC0084,WH-HP-004,B01041433,435,11-05-2027,30,06-08-2026 09:00
MED0025,LOC0084,WH-HP-004,B00251592,339,15-08-2028,20,06-08-2026 09:00
MED0086,LOC0084,WH-HP-004,B00861671,30,14-09-2027,50,06-08-2026 09:00
MED0006,LOC0084,WH-HP-004,B00061757,295,03-10-2027,75,06-08-2026 09:00
MED0043,LOC0084,WH-HP-004,B00431839,447,10-02-2027,100,06-08-2026 09:00
MED0062,LOC0084,WH-HP-004,B00621927,6,26-01-2027,100,06-08-2026 09:00
MED0040,LOC0084,WH-HP-004,B00402099,356,23-04-2027,50,06-08-2026 09:00
MED0112,LOC0084,WH-HP-004,B01122126,0,12-12-2027,100,06-08-2026 09:00
MED0103,LOC0084,WH-HP-004,B01032270,69,09-01-2029,30,06-08-2026 09:00
MED0071,LOC0084,WH-HP-004,B00712373,655,05-09-2026,30,06-08-2026 09:00
MED0031,LOC0084,WH-HP-004,B00312441,277,15-05-2028,30,06-08-2026 09:00
MED0080,LOC0084,WH-HP-004,B00802580,328,28-09-2027,100,06-08-2026 09:00
MED0077,LOC0084,WH-HP-004,B00772697,598,27-04-2027,50,06-08-2026 09:00
MED0061,LOC0084,WH-HP-004,B00612774,3280,14-08-2026,50,06-08-2026 09:00
MED0034,LOC0084,WH-HP-004,B00342817,629,11-08-2026,50,06-08-2026 09:00
MED0108,LOC0084,WH-HP-004,B01082956,541,22-12-2026,50,06-08-2026 09:00
MED0092,LOC0084,WH-HP-004,B00923044,264,14-09-2027,50,06-08-2026 09:00
MED0045,LOC0084,WH-HP-004,B00453128,374,04-11-2027,75,06-08-2026 09:00
MED0054,LOC0084,WH-HP-004,B00543247,541,22-11-2028,50,06-08-2026 09:00
MED0091,LOC0084,WH-HP-004,B00913348,472,13-09-2026,20,06-08-2026 09:00
MED0002,LOC0084,WH-HP-004,B00023436,266,13-07-2028,100,06-08-2026 09:00
MED0020,LOC0084,WH-HP-004,B00203538,500,05-12-2026,20,06-08-2026 09:00
MED0058,LOC0084,WH-HP-004,B00583618,2891,18-01-2029,30,06-08-2026 09:00
MED0031,LOC0085,WH-HP-005,B00310182,524,08-09-2026,30,06-08-2026 09:00
MED0106,LOC0085,WH-HP-005,B01060245,702,30-08-2027,20,06-08-2026 09:00
MED0083,LOC0085,WH-HP-005,B00830358,752,03-12-2028,75,06-08-2026 09:00
MED0067,LOC0085,WH-HP-005,B00670449,407,09-01-2027,30,06-08-2026 09:00
MED0077,LOC0085,WH-HP-005,B00770583,405,14-09-2026,30,06-08-2026 09:00
MED0024,LOC0085,WH-HP-005,B00240653,644,30-07-2027,50,06-08-2026 09:00
MED0055,LOC0085,WH-HP-005,B00550798,588,03-12-2026,20,06-08-2026 09:00
MED0005,LOC0085,WH-HP-005,B00050871,4180,18-10-2027,20,06-08-2026 09:00
MED0066,LOC0085,WH-HP-005,B00660953,544,04-10-2028,30,06-08-2026 09:00
MED0061,LOC0085,WH-HP-005,B00611094,2348,28-12-2027,30,06-08-2026 09:00
MED0065,LOC0085,WH-HP-005,B00651159,294,01-09-2027,100,06-08-2026 09:00
MED0069,LOC0085,WH-HP-005,B00691289,526,04-09-2027,50,06-08-2026 09:00
MED0023,LOC0085,WH-HP-005,B00231381,596,27-04-2027,100,06-08-2026 09:00
MED0072,LOC0085,WH-HP-005,B00721483,502,31-10-2028,50,06-08-2026 09:00
MED0009,LOC0085,WH-HP-005,B00091524,129,02-12-2028,50,06-08-2026 09:00
MED0046,LOC0085,WH-HP-005,B00461684,0,04-09-2026,100,06-08-2026 09:00
MED0102,LOC0085,WH-HP-005,B01021790,623,12-09-2028,75,06-08-2026 09:00
MED0062,LOC0085,WH-HP-005,B00621891,306,15-05-2027,20,06-08-2026 09:00
MED0070,LOC0085,WH-HP-005,B00701911,462,20-02-2028,100,06-08-2026 09:00
MED0105,LOC0085,WH-HP-005,B01052052,541,30-07-2027,50,06-08-2026 09:00
MED0026,LOC0085,WH-HP-005,B00262130,211,21-12-2028,20,06-08-2026 09:00
MED0002,LOC0085,WH-HP-005,B00022237,535,18-08-2026,100,06-08-2026 09:00
MED0037,LOC0085,WH-HP-005,B00372378,514,22-01-2028,20,06-08-2026 09:00
MED0101,LOC0085,WH-HP-005,B01012478,591,21-03-2028,20,06-08-2026 09:00
MED0056,LOC0085,WH-HP-005,B00562589,344,27-11-2026,20,06-08-2026 09:00
MED0109,LOC0085,WH-HP-005,B01092669,170,02-02-2028,100,06-08-2026 09:00
MED0041,LOC0085,WH-HP-005,B00412764,0,30-05-2028,100,06-08-2026 09:00
MED0100,LOC0085,WH-HP-005,B01002821,226,21-11-2027,75,06-08-2026 09:00
MED0088,LOC0085,WH-HP-005,B00882969,551,15-12-2028,50,06-08-2026 09:00
MED0089,LOC0085,WH-HP-005,B00893096,684,13-03-2027,20,06-08-2026 09:00
MED0016,LOC0085,WH-HP-005,B00163183,0,08-03-2027,75,06-08-2026 09:00
MED0057,LOC0085,WH-HP-005,B00573226,81,22-03-2026,30,06-08-2026 09:00
MED0040,LOC0085,WH-HP-005,B00403350,314,01-10-2026,100,06-08-2026 09:00
MED0053,LOC0085,WH-HP-005,B00533417,4963,13-06-2028,50,06-08-2026 09:00
MED0042,LOC0085,WH-HP-005,B00423525,547,01-04-2028,100,06-08-2026 09:00
MED0028,LOC0085,WH-HP-005,B00283637,62,06-09-2027,20,06-08-2026 09:00
MED0080,LOC0085,WH-HP-005,B00803777,71,17-10-2028,75,06-08-2026 09:00
MED0027,LOC0086,WH-HP-006,B00270168,245,09-05-2027,30,06-08-2026 09:00
MED0049,LOC0086,WH-HP-006,B00490293,557,27-12-2028,20,06-08-2026 09:00
MED0097,LOC0086,WH-HP-006,B00970332,351,02-09-2027,75,06-08-2026 09:00
MED0052,LOC0086,WH-HP-006,B00520497,3044,25-10-2028,100,06-08-2026 09:00
MED0018,LOC0086,WH-HP-006,B00180569,2429,17-10-2028,75,06-08-2026 09:00
MED0057,LOC0086,WH-HP-006,B00570648,209,15-08-2028,50,06-08-2026 09:00
MED0011,LOC0086,WH-HP-006,B00110714,43,11-03-2027,75,06-08-2026 09:00
MED0028,LOC0086,WH-HP-006,B00280837,559,02-04-2026,30,06-08-2026 09:00
MED0089,LOC0086,WH-HP-006,B00890927,498,10-01-2028,20,06-08-2026 09:00
MED0045,LOC0086,WH-HP-006,B00451044,269,26-09-2028,100,06-08-2026 09:00
MED0066,LOC0086,WH-HP-006,B00661137,4371,24-09-2027,75,06-08-2026 09:00
MED0093,LOC0086,WH-HP-006,B00931273,588,06-01-2028,20,06-08-2026 09:00
MED0077,LOC0086,WH-HP-006,B00771387,774,09-09-2028,75,06-08-2026 09:00
MED0111,LOC0086,WH-HP-006,B01111445,177,24-12-2028,20,06-08-2026 09:00
MED0073,LOC0086,WH-HP-006,B00731554,783,27-09-2027,100,06-08-2026 09:00
MED0032,LOC0086,WH-HP-006,B00321652,242,28-12-2028,20,06-08-2026 09:00
MED0114,LOC0086,WH-HP-006,B01141725,464,07-09-2026,100,06-08-2026 09:00
MED0046,LOC0086,WH-HP-006,B00461880,201,19-04-2026,75,06-08-2026 09:00
MED0031,LOC0086,WH-HP-006,B00311914,108,08-08-2027,100,06-08-2026 09:00
MED0080,LOC0086,WH-HP-006,B00802076,213,21-12-2028,30,06-08-2026 09:00
MED0008,LOC0086,WH-HP-006,B00082193,210,31-01-2028,20,06-08-2026 09:00
MED0091,LOC0086,WH-HP-006,B00912261,227,11-06-2027,50,06-08-2026 09:00
MED0001,LOC0086,WH-HP-006,B00012322,460,02-06-2026,50,06-08-2026 09:00
MED0081,LOC0086,WH-HP-006,B00812454,619,08-07-2026,30,06-08-2026 09:00
MED0043,LOC0086,WH-HP-006,B00432533,652,27-11-2026,30,06-08-2026 09:00
MED0070,LOC0086,WH-HP-006,B00702631,2545,18-01-2029,100,06-08-2026 09:00
MED0042,LOC0086,WH-HP-006,B00422739,69,27-04-2027,20,06-08-2026 09:00
MED0056,LOC0086,WH-HP-006,B00562869,741,08-02-2028,20,06-08-2026 09:00
MED0012,LOC0086,WH-HP-006,B00122912,0,10-01-2027,30,06-08-2026 09:00
MED0047,LOC0086,WH-HP-006,B00473044,506,25-10-2028,20,06-08-2026 09:00
MED0082,LOC0086,WH-HP-006,B00823140,163,11-01-2029,20,06-08-2026 09:00
MED0038,LOC0086,WH-HP-006,B00383288,60,04-11-2028,100,06-08-2026 09:00
MED0058,LOC0086,WH-HP-006,B00583345,4598,31-03-2027,50,06-08-2026 09:00
MED0099,LOC0086,WH-HP-006,B00993481,28,26-11-2028,100,06-08-2026 09:00
MED0086,LOC0086,WH-HP-006,B00863562,399,14-06-2028,75,06-08-2026 09:00
MED0090,LOC0086,WH-HP-006,B00903648,382,07-09-2026,30,06-08-2026 09:00
MED0050,LOC0086,WH-HP-006,B00503792,14,14-10-2028,30,06-08-2026 09:00
MED0113,LOC0086,WH-HP-006,B01133889,102,29-09-2026,30,06-08-2026 09:00
MED0096,LOC0086,WH-HP-006,B00963965,0,25-04-2028,20,06-08-2026 09:00
MED0075,LOC0086,WH-HP-006,B00754029,220,07-08-2026,20,06-08-2026 09:00
MED0063,LOC0086,WH-HP-006,B00634129,711,31-12-2026,100,06-08-2026 09:00
MED0100,LOC0086,WH-HP-006,B01004260,0,04-07-2027,20,06-08-2026 09:00
MED0024,LOC0086,WH-HP-006,B00244362,71,24-05-2027,75,06-08-2026 09:00
MED0112,LOC0086,WH-HP-006,B01124487,10,05-03-2028,100,06-08-2026 09:00
MED0105,LOC0086,WH-HP-006,B01054527,0,22-08-2026,50,06-08-2026 09:00
MED0015,LOC0086,WH-HP-006,B00154669,576,30-11-2026,50,06-08-2026 09:00
MED0013,LOC0086,WH-HP-006,B00134714,91,09-01-2029,30,06-08-2026 09:00
MED0102,LOC0086,WH-HP-006,B01024858,95,10-09-2026,75,06-08-2026 09:00
MED0083,LOC0086,WH-HP-006,B00834993,0,20-01-2027,100,06-08-2026 09:00
MED0103,LOC0086,WH-HP-006,B01035042,190,27-09-2026,75,06-08-2026 09:00
MED0051,LOC0086,WH-HP-006,B00515162,726,04-12-2028,50,06-08-2026 09:00
MED0062,LOC0086,WH-HP-006,B00625218,113,17-05-2028,20,06-08-2026 09:00
MED0044,LOC0086,WH-HP-006,B00445362,465,12-07-2027,75,06-08-2026 09:00
MED0040,LOC0086,WH-HP-006,B00405448,148,20-12-2028,20,06-08-2026 09:00
MED0003,LOC0086,WH-HP-006,B00035521,134,31-03-2027,50,06-08-2026 09:00
MED0079,LOC0086,WH-HP-006,B00795685,0,11-06-2027,75,06-08-2026 09:00
MED0097,LOC0087,WH-HP-007,B00970195,134,12-09-2026,20,06-08-2026 09:00
MED0011,LOC0087,WH-HP-007,B00110231,549,05-02-2027,20,06-08-2026 09:00
MED0019,LOC0087,WH-HP-007,B00190346,414,23-10-2028,75,06-08-2026 09:00
MED0094,LOC0087,WH-HP-007,B00940464,423,26-05-2028,100,06-08-2026 09:00
MED0086,LOC0087,WH-HP-007,B00860517,129,27-11-2027,100,06-08-2026 09:00
MED0111,LOC0087,WH-HP-007,B01110613,275,27-07-2027,20,06-08-2026 09:00
MED0003,LOC0087,WH-HP-007,B00030721,448,27-05-2028,100,06-08-2026 09:00
MED0075,LOC0087,WH-HP-007,B00750882,2133,30-07-2028,100,06-08-2026 09:00
MED0035,LOC0087,WH-HP-007,B00350983,3231,24-04-2026,30,06-08-2026 09:00
MED0040,LOC0087,WH-HP-007,B00401060,786,29-05-2027,100,06-08-2026 09:00
MED0095,LOC0087,WH-HP-007,B00951151,640,19-08-2026,100,06-08-2026 09:00
MED0058,LOC0087,WH-HP-007,B00581267,275,07-08-2027,30,06-08-2026 09:00
MED0061,LOC0087,WH-HP-007,B00611362,120,27-04-2028,20,06-08-2026 09:00
MED0024,LOC0087,WH-HP-007,B00241411,191,30-09-2026,50,06-08-2026 09:00
MED0049,LOC0087,WH-HP-007,B00491572,2681,17-11-2028,30,06-08-2026 09:00
MED0079,LOC0087,WH-HP-007,B00791636,367,05-11-2026,30,06-08-2026 09:00
MED0108,LOC0087,WH-HP-007,B01081776,0,18-03-2026,30,06-08-2026 09:00
MED0027,LOC0087,WH-HP-007,B00271868,298,21-12-2027,75,06-08-2026 09:00
MED0087,LOC0087,WH-HP-007,B00871976,626,26-03-2026,30,06-08-2026 09:00
MED0101,LOC0087,WH-HP-007,B01012042,581,08-03-2027,100,06-08-2026 09:00
MED0054,LOC0087,WH-HP-007,B00542159,2,13-07-2026,20,06-08-2026 09:00
MED0083,LOC0087,WH-HP-007,B00832227,642,02-07-2027,100,06-08-2026 09:00
MED0081,LOC0087,WH-HP-007,B00812396,467,21-06-2028,75,06-08-2026 09:00
MED0046,LOC0087,WH-HP-007,B00462489,591,30-11-2028,100,06-08-2026 09:00
MED0041,LOC0087,WH-HP-007,B00412548,554,14-10-2027,20,06-08-2026 09:00
MED0013,LOC0087,WH-HP-007,B00132664,84,17-05-2028,100,06-08-2026 09:00
MED0029,LOC0087,WH-HP-007,B00292712,397,25-12-2026,75,06-08-2026 09:00
MED0017,LOC0087,WH-HP-007,B00172838,603,04-10-2028,100,06-08-2026 09:00
MED0102,LOC0087,WH-HP-007,B01022967,99,12-07-2027,30,06-08-2026 09:00
MED0053,LOC0087,WH-HP-007,B00533021,535,25-09-2027,20,06-08-2026 09:00
MED0113,LOC0087,WH-HP-007,B01133174,378,07-10-2027,100,06-08-2026 09:00
MED0060,LOC0087,WH-HP-007,B00603234,316,22-11-2026,30,06-08-2026 09:00
MED0078,LOC0087,WH-HP-007,B00783336,680,05-05-2026,50,06-08-2026 09:00
MED0039,LOC0087,WH-HP-007,B00393467,284,04-12-2026,50,06-08-2026 09:00
MED0072,LOC0087,WH-HP-007,B00723546,588,18-07-2027,50,06-08-2026 09:00
MED0004,LOC0087,WH-HP-007,B00043666,279,20-01-2028,100,06-08-2026 09:00
MED0018,LOC0087,WH-HP-007,B00183744,97,15-08-2026,30,06-08-2026 09:00
MED0106,LOC0087,WH-HP-007,B01063898,723,05-02-2027,20,06-08-2026 09:00
MED0045,LOC0087,WH-HP-007,B00453967,141,12-04-2028,100,06-08-2026 09:00
MED0091,LOC0087,WH-HP-007,B00914060,295,05-04-2027,100,06-08-2026 09:00
MED0070,LOC0087,WH-HP-007,B00704173,0,14-01-2027,30,06-08-2026 09:00
MED0076,LOC0087,WH-HP-007,B00764255,139,20-01-2029,50,06-08-2026 09:00
MED0053,LOC0088,WH-HP-008,B00530162,224,03-09-2026,75,06-08-2026 09:00
MED0040,LOC0088,WH-HP-008,B00400276,0,22-08-2026,20,06-08-2026 09:00
MED0021,LOC0088,WH-HP-008,B00210332,30,02-10-2026,30,06-08-2026 09:00
MED0029,LOC0088,WH-HP-008,B00290464,130,07-08-2028,30,06-08-2026 09:00
MED0045,LOC0088,WH-HP-008,B00450578,128,30-05-2026,20,06-08-2026 09:00
MED0059,LOC0088,WH-HP-008,B00590651,0,23-01-2028,50,06-08-2026 09:00
MED0003,LOC0088,WH-HP-008,B00030743,790,15-12-2028,30,06-08-2026 09:00
MED0002,LOC0088,WH-HP-008,B00020893,47,12-09-2027,50,06-08-2026 09:00
MED0038,LOC0088,WH-HP-008,B00380991,450,16-06-2027,30,06-08-2026 09:00
MED0012,LOC0088,WH-HP-008,B00121052,25,12-08-2026,50,06-08-2026 09:00
MED0112,LOC0088,WH-HP-008,B01121190,0,04-12-2028,30,06-08-2026 09:00
MED0080,LOC0088,WH-HP-008,B00801243,316,05-04-2027,30,06-08-2026 09:00
MED0013,LOC0088,WH-HP-008,B00131378,431,02-09-2026,30,06-08-2026 09:00
MED0099,LOC0088,WH-HP-008,B00991496,325,10-12-2028,30,06-08-2026 09:00
MED0072,LOC0088,WH-HP-008,B00721567,684,12-12-2027,30,06-08-2026 09:00
MED0018,LOC0088,WH-HP-008,B00181654,428,05-12-2027,20,06-08-2026 09:00
MED0071,LOC0088,WH-HP-008,B00711789,133,21-01-2027,75,06-08-2026 09:00
MED0090,LOC0088,WH-HP-008,B00901875,418,30-01-2028,75,06-08-2026 09:00
MED0043,LOC0088,WH-HP-008,B00431994,300,25-01-2027,50,06-08-2026 09:00
MED0014,LOC0088,WH-HP-008,B00142014,654,19-11-2026,30,06-08-2026 09:00
MED0098,LOC0088,WH-HP-008,B00982174,111,10-09-2027,75,06-08-2026 09:00
MED0015,LOC0088,WH-HP-008,B00152240,308,12-03-2027,100,06-08-2026 09:00
MED0088,LOC0088,WH-HP-008,B00882363,214,14-09-2027,50,06-08-2026 09:00
MED0054,LOC0088,WH-HP-008,B00542491,113,14-10-2027,75,06-08-2026 09:00
MED0009,LOC0088,WH-HP-008,B00092530,619,03-11-2027,75,06-08-2026 09:00
MED0081,LOC0088,WH-HP-008,B00812694,176,25-04-2026,50,06-08-2026 09:00
MED0023,LOC0088,WH-HP-008,B00232725,658,27-12-2028,50,06-08-2026 09:00
MED0089,LOC0088,WH-HP-008,B00892879,627,23-05-2027,20,06-08-2026 09:00
MED0042,LOC0088,WH-HP-008,B00422995,2601,06-11-2026,100,06-08-2026 09:00
MED0110,LOC0088,WH-HP-008,B01103046,230,26-06-2028,75,06-08-2026 09:00
MED0073,LOC0088,WH-HP-008,B00733118,514,14-11-2028,100,06-08-2026 09:00
MED0108,LOC0088,WH-HP-008,B01083212,600,06-05-2028,100,06-08-2026 09:00
MED0037,LOC0088,WH-HP-008,B00373322,792,11-07-2026,75,06-08-2026 09:00
MED0051,LOC0088,WH-HP-008,B00513449,164,18-11-2027,20,06-08-2026 09:00
MED0093,LOC0088,WH-HP-008,B00933533,285,22-09-2026,30,06-08-2026 09:00
MED0005,LOC0088,WH-HP-008,B00053649,121,26-12-2026,30,06-08-2026 09:00
MED0008,LOC0088,WH-HP-008,B00083773,540,07-07-2027,100,06-08-2026 09:00
MED0013,LOC0089,WH-J-001,B00130115,780,02-01-2028,100,06-08-2026 09:00
MED0092,LOC0089,WH-J-001,B00920255,775,12-04-2027,20,06-08-2026 09:00
MED0094,LOC0089,WH-J-001,B00940322,52,26-07-2027,100,06-08-2026 09:00
MED0083,LOC0089,WH-J-001,B00830452,651,23-04-2028,100,06-08-2026 09:00
MED0065,LOC0089,WH-J-001,B00650566,643,20-08-2026,50,06-08-2026 09:00
MED0050,LOC0089,WH-J-001,B00500612,542,06-03-2027,50,06-08-2026 09:00
MED0007,LOC0089,WH-J-001,B00070776,571,01-02-2028,75,06-08-2026 09:00
MED0008,LOC0089,WH-J-001,B00080817,798,21-12-2028,20,06-08-2026 09:00
MED0026,LOC0089,WH-J-001,B00260980,425,08-08-2026,30,06-08-2026 09:00
MED0021,LOC0089,WH-J-001,B00211026,4521,11-04-2027,100,06-08-2026 09:00
MED0107,LOC0089,WH-J-001,B01071142,776,02-12-2027,30,06-08-2026 09:00
MED0090,LOC0089,WH-J-001,B00901253,123,14-03-2028,75,06-08-2026 09:00
MED0106,LOC0089,WH-J-001,B01061323,0,30-05-2028,30,06-08-2026 09:00
MED0014,LOC0089,WH-J-001,B00141480,293,23-09-2028,20,06-08-2026 09:00
MED0077,LOC0089,WH-J-001,B00771514,476,30-03-2028,50,06-08-2026 09:00
MED0058,LOC0089,WH-J-001,B00581634,263,31-08-2027,20,06-08-2026 09:00
MED0071,LOC0089,WH-J-001,B00711725,404,19-04-2027,30,06-08-2026 09:00
MED0076,LOC0089,WH-J-001,B00761858,393,24-12-2028,75,06-08-2026 09:00
MED0080,LOC0089,WH-J-001,B00801970,466,16-09-2028,100,06-08-2026 09:00
MED0078,LOC0089,WH-J-001,B00782018,453,04-11-2027,20,06-08-2026 09:00
MED0108,LOC0089,WH-J-001,B01082199,121,12-11-2027,75,06-08-2026 09:00
MED0011,LOC0089,WH-J-001,B00112248,2224,25-12-2027,30,06-08-2026 09:00
MED0012,LOC0089,WH-J-001,B00122337,4,13-11-2026,30,06-08-2026 09:00
MED0036,LOC0089,WH-J-001,B00362430,664,26-07-2027,30,06-08-2026 09:00
MED0005,LOC0089,WH-J-001,B00052589,719,27-02-2027,50,06-08-2026 09:00
MED0002,LOC0089,WH-J-001,B00022647,591,10-09-2026,100,06-08-2026 09:00
MED0027,LOC0089,WH-J-001,B00272764,2096,09-07-2026,100,06-08-2026 09:00
MED0039,LOC0089,WH-J-001,B00392839,76,23-09-2027,100,06-08-2026 09:00
MED0061,LOC0089,WH-J-001,B00612970,377,25-11-2027,20,06-08-2026 09:00
MED0015,LOC0089,WH-J-001,B00153099,731,06-12-2027,50,06-08-2026 09:00
MED0031,LOC0089,WH-J-001,B00313152,250,25-07-2028,50,06-08-2026 09:00
MED0101,LOC0089,WH-J-001,B01013212,92,27-08-2026,30,06-08-2026 09:00
MED0064,LOC0089,WH-J-001,B00643343,282,08-01-2028,20,06-08-2026 09:00
MED0114,LOC0089,WH-J-001,B01143450,599,09-03-2027,30,06-08-2026 09:00
MED0032,LOC0090,WH-J-002,B00320193,370,31-07-2027,100,06-08-2026 09:00
MED0071,LOC0090,WH-J-002,B00710295,656,10-03-2028,75,06-08-2026 09:00
MED0044,LOC0090,WH-J-002,B00440377,498,25-06-2027,20,06-08-2026 09:00
MED0042,LOC0090,WH-J-002,B00420448,452,17-01-2027,20,06-08-2026 09:00
MED0096,LOC0090,WH-J-002,B00960559,722,08-05-2027,100,06-08-2026 09:00
MED0098,LOC0090,WH-J-002,B00980660,176,01-01-2029,20,06-08-2026 09:00
MED0015,LOC0090,WH-J-002,B00150781,151,13-05-2027,100,06-08-2026 09:00
MED0018,LOC0090,WH-J-002,B00180842,46,16-01-2028,100,06-08-2026 09:00
MED0070,LOC0090,WH-J-002,B00700997,0,25-11-2027,30,06-08-2026 09:00
MED0099,LOC0090,WH-J-002,B00991036,69,27-10-2028,30,06-08-2026 09:00
MED0010,LOC0090,WH-J-002,B00101170,561,19-12-2027,50,06-08-2026 09:00
MED0058,LOC0090,WH-J-002,B00581277,366,15-06-2027,75,06-08-2026 09:00
MED0064,LOC0090,WH-J-002,B00641395,486,25-12-2027,75,06-08-2026 09:00
MED0043,LOC0090,WH-J-002,B00431460,529,22-04-2028,20,06-08-2026 09:00
MED0013,LOC0090,WH-J-002,B00131557,180,28-08-2026,100,06-08-2026 09:00
MED0107,LOC0090,WH-J-002,B01071677,355,07-10-2028,30,06-08-2026 09:00
MED0030,LOC0090,WH-J-002,B00301720,485,06-01-2028,100,06-08-2026 09:00
MED0076,LOC0090,WH-J-002,B00761811,460,25-07-2027,50,06-08-2026 09:00
MED0048,LOC0090,WH-J-002,B00481967,671,30-12-2027,50,06-08-2026 09:00
MED0073,LOC0090,WH-J-002,B00732073,512,21-02-2028,20,06-08-2026 09:00
MED0102,LOC0090,WH-J-002,B01022185,162,21-01-2027,50,06-08-2026 09:00
MED0065,LOC0090,WH-J-002,B00652233,800,03-04-2027,20,06-08-2026 09:00
MED0100,LOC0090,WH-J-002,B01002368,412,17-03-2027,75,06-08-2026 09:00
MED0112,LOC0090,WH-J-002,B01122428,723,23-08-2028,30,06-08-2026 09:00
MED0047,LOC0090,WH-J-002,B00472593,2307,18-11-2027,75,06-08-2026 09:00
MED0034,LOC0090,WH-J-002,B00342664,123,21-02-2027,75,06-08-2026 09:00
MED0020,LOC0090,WH-J-002,B00202779,0,27-07-2028,30,06-08-2026 09:00
MED0049,LOC0090,WH-J-002,B00492883,3098,22-12-2027,50,06-08-2026 09:00
MED0082,LOC0090,WH-J-002,B00822964,383,18-02-2027,100,06-08-2026 09:00
MED0006,LOC0090,WH-J-002,B00063033,0,06-05-2027,100,06-08-2026 09:00
MED0077,LOC0090,WH-J-002,B00773180,764,08-06-2028,20,06-08-2026 09:00
MED0060,LOC0090,WH-J-002,B00603244,3090,16-12-2027,20,06-08-2026 09:00
MED0021,LOC0090,WH-J-002,B00213319,62,29-11-2026,75,06-08-2026 09:00
MED0109,LOC0090,WH-J-002,B01093420,777,11-06-2026,75,06-08-2026 09:00
MED0050,LOC0090,WH-J-002,B00503553,456,14-12-2026,75,06-08-2026 09:00
MED0003,LOC0090,WH-J-002,B00033633,298,05-06-2027,20,06-08-2026 09:00
MED0088,LOC0090,WH-J-002,B00883758,187,17-08-2027,75,06-08-2026 09:00
MED0038,LOC0090,WH-J-002,B00383830,115,29-01-2028,100,06-08-2026 09:00
MED0084,LOC0090,WH-J-002,B00843981,454,09-07-2027,100,06-08-2026 09:00
MED0056,LOC0090,WH-J-002,B00564051,576,26-04-2026,20,06-08-2026 09:00
MED0110,LOC0090,WH-J-002,B01104180,3432,23-07-2028,50,06-08-2026 09:00
MED0036,LOC0090,WH-J-002,B00364238,4472,15-07-2028,50,06-08-2026 09:00
MED0055,LOC0090,WH-J-002,B00554333,161,23-03-2028,30,06-08-2026 09:00
MED0083,LOC0090,WH-J-002,B00834459,163,04-03-2027,100,06-08-2026 09:00
MED0113,LOC0090,WH-J-002,B01134582,48,02-01-2029,30,06-08-2026 09:00
MED0019,LOC0090,WH-J-002,B00194663,0,08-11-2028,75,06-08-2026 09:00
MED0005,LOC0090,WH-J-002,B00054731,339,11-02-2028,75,06-08-2026 09:00
MED0046,LOC0090,WH-J-002,B00464872,364,28-06-2028,100,06-08-2026 09:00
MED0009,LOC0090,WH-J-002,B00094967,641,27-11-2026,50,06-08-2026 09:00
MED0057,LOC0090,WH-J-002,B00575063,559,06-11-2026,20,06-08-2026 09:00
MED0014,LOC0090,WH-J-002,B00145131,771,26-11-2026,75,06-08-2026 09:00
MED0002,LOC0090,WH-J-002,B00025282,681,17-02-2027,20,06-08-2026 09:00
MED0081,LOC0090,WH-J-002,B00815357,169,22-01-2027,30,06-08-2026 09:00
MED0094,LOC0090,WH-J-002,B00945443,243,17-08-2027,50,06-08-2026 09:00
MED0004,LOC0090,WH-J-002,B00045530,35,30-04-2027,100,06-08-2026 09:00
MED0025,LOC0091,WH-J-003,B00250139,758,25-08-2028,50,06-08-2026 09:00
MED0032,LOC0091,WH-J-003,B00320230,3103,04-02-2027,20,06-08-2026 09:00
MED0027,LOC0091,WH-J-003,B00270386,0,12-12-2028,100,06-08-2026 09:00
MED0023,LOC0091,WH-J-003,B00230417,626,21-03-2027,75,06-08-2026 09:00
MED0001,LOC0091,WH-J-003,B00010571,508,20-01-2027,20,06-08-2026 09:00
MED0022,LOC0091,WH-J-003,B00220611,380,10-01-2027,75,06-08-2026 09:00
MED0113,LOC0091,WH-J-003,B01130721,793,21-08-2028,75,06-08-2026 09:00
MED0046,LOC0091,WH-J-003,B00460885,458,12-02-2027,100,06-08-2026 09:00
MED0009,LOC0091,WH-J-003,B00090922,457,21-08-2026,30,06-08-2026 09:00
MED0006,LOC0091,WH-J-003,B00061045,739,11-01-2028,75,06-08-2026 09:00
MED0020,LOC0091,WH-J-003,B00201161,683,09-08-2028,75,06-08-2026 09:00
MED0048,LOC0091,WH-J-003,B00481264,145,31-07-2028,50,06-08-2026 09:00
MED0084,LOC0091,WH-J-003,B00841383,784,08-11-2026,20,06-08-2026 09:00
MED0043,LOC0091,WH-J-003,B00431450,759,06-08-2027,100,06-08-2026 09:00
MED0045,LOC0091,WH-J-003,B00451518,195,20-02-2027,30,06-08-2026 09:00
MED0008,LOC0091,WH-J-003,B00081622,339,25-09-2027,50,06-08-2026 09:00
MED0015,LOC0091,WH-J-003,B00151791,790,13-09-2026,50,06-08-2026 09:00
MED0080,LOC0091,WH-J-003,B00801866,682,16-04-2028,20,06-08-2026 09:00
MED0094,LOC0091,WH-J-003,B00941969,472,29-07-2027,75,06-08-2026 09:00
MED0029,LOC0091,WH-J-003,B00292026,383,19-07-2027,100,06-08-2026 09:00
MED0044,LOC0091,WH-J-003,B00442142,513,29-10-2028,30,06-08-2026 09:00
MED0037,LOC0091,WH-J-003,B00372233,552,30-06-2028,50,06-08-2026 09:00
MED0101,LOC0091,WH-J-003,B01012365,555,16-12-2026,20,06-08-2026 09:00
MED0088,LOC0091,WH-J-003,B00882440,588,05-06-2027,75,06-08-2026 09:00
MED0005,LOC0091,WH-J-003,B00052555,571,09-02-2027,30,06-08-2026 09:00
MED0095,LOC0091,WH-J-003,B00952679,169,06-11-2028,100,06-08-2026 09:00
MED0052,LOC0091,WH-J-003,B00522752,281,09-09-2026,50,06-08-2026 09:00
MED0075,LOC0091,WH-J-003,B00752834,367,30-04-2028,100,06-08-2026 09:00
MED0065,LOC0091,WH-J-003,B00652971,793,25-01-2028,100,06-08-2026 09:00
MED0071,LOC0091,WH-J-003,B00713044,176,28-03-2026,30,06-08-2026 09:00
MED0072,LOC0091,WH-J-003,B00723156,674,25-04-2027,75,06-08-2026 09:00
MED0093,LOC0091,WH-J-003,B00933257,798,26-09-2027,50,06-08-2026 09:00
MED0112,LOC0091,WH-J-003,B01123332,401,15-04-2027,20,06-08-2026 09:00
MED0097,LOC0091,WH-J-003,B00973433,8,03-05-2028,30,06-08-2026 09:00
MED0114,LOC0091,WH-J-003,B01143531,679,24-12-2027,50,06-08-2026 09:00
MED0108,LOC0091,WH-J-003,B01083642,565,29-06-2028,50,06-08-2026 09:00
MED0081,LOC0091,WH-J-003,B00813730,92,26-04-2027,30,06-08-2026 09:00
MED0021,LOC0091,WH-J-003,B00213832,89,13-06-2028,30,06-08-2026 09:00
MED0038,LOC0091,WH-J-003,B00383993,0,07-02-2026,100,06-08-2026 09:00
MED0079,LOC0091,WH-J-003,B00794062,710,21-03-2027,75,06-08-2026 09:00
MED0051,LOC0091,WH-J-003,B00514116,0,20-10-2027,75,06-08-2026 09:00
MED0077,LOC0091,WH-J-003,B00774246,198,06-03-2028,100,06-08-2026 09:00
MED0055,LOC0091,WH-J-003,B00554316,0,19-01-2027,20,06-08-2026 09:00
MED0017,LOC0091,WH-J-003,B00174478,251,28-05-2027,20,06-08-2026 09:00
MED0110,LOC0091,WH-J-003,B01104521,164,21-02-2028,100,06-08-2026 09:00
MED0069,LOC0091,WH-J-003,B00694698,227,09-11-2026,20,06-08-2026 09:00
MED0004,LOC0091,WH-J-003,B00044769,21,31-03-2027,20,06-08-2026 09:00
MED0085,LOC0092,WH-J-004,B00850170,201,22-02-2028,20,06-08-2026 09:00
MED0005,LOC0092,WH-J-004,B00050214,488,13-12-2028,75,06-08-2026 09:00
MED0042,LOC0092,WH-J-004,B00420347,213,14-07-2028,75,06-08-2026 09:00
MED0052,LOC0092,WH-J-004,B00520418,46,16-01-2028,30,06-08-2026 09:00
MED0036,LOC0092,WH-J-004,B00360566,348,11-09-2026,75,06-08-2026 09:00
MED0111,LOC0092,WH-J-004,B01110634,506,04-06-2028,20,06-08-2026 09:00
MED0015,LOC0092,WH-J-004,B00150746,187,23-06-2026,30,06-08-2026 09:00
MED0088,LOC0092,WH-J-004,B00880819,315,04-08-2027,100,06-08-2026 09:00
MED0096,LOC0092,WH-J-004,B00960952,275,11-01-2029,75,06-08-2026 09:00
MED0054,LOC0092,WH-J-004,B00541082,398,06-02-2028,30,06-08-2026 09:00
MED0008,LOC0092,WH-J-004,B00081138,300,17-11-2027,20,06-08-2026 09:00
MED0061,LOC0092,WH-J-004,B00611215,140,07-06-2028,75,06-08-2026 09:00
MED0056,LOC0092,WH-J-004,B00561344,177,22-01-2028,50,06-08-2026 09:00
MED0017,LOC0092,WH-J-004,B00171474,3,24-06-2027,20,06-08-2026 09:00
MED0051,LOC0092,WH-J-004,B00511532,320,05-08-2027,50,06-08-2026 09:00
MED0037,LOC0092,WH-J-004,B00371685,285,10-01-2029,20,06-08-2026 09:00
MED0028,LOC0092,WH-J-004,B00281738,0,21-06-2028,100,06-08-2026 09:00
MED0091,LOC0092,WH-J-004,B00911849,268,25-12-2026,75,06-08-2026 09:00
MED0068,LOC0092,WH-J-004,B00681947,650,08-02-2027,75,06-08-2026 09:00
MED0092,LOC0092,WH-J-004,B00922068,535,09-06-2027,30,06-08-2026 09:00
MED0046,LOC0092,WH-J-004,B00462167,384,24-09-2026,20,06-08-2026 09:00
MED0002,LOC0092,WH-J-004,B00022226,262,25-02-2028,50,06-08-2026 09:00
MED0093,LOC0092,WH-J-004,B00932318,413,12-01-2029,75,06-08-2026 09:00
MED0074,LOC0092,WH-J-004,B00742476,710,30-08-2026,50,06-08-2026 09:00
MED0112,LOC0092,WH-J-004,B01122599,61,06-09-2026,100,06-08-2026 09:00
MED0030,LOC0092,WH-J-004,B00302649,112,26-03-2026,30,06-08-2026 09:00
MED0060,LOC0092,WH-J-004,B00602759,0,01-06-2028,50,06-08-2026 09:00
MED0023,LOC0092,WH-J-004,B00232864,241,13-12-2028,20,06-08-2026 09:00
MED0026,LOC0092,WH-J-004,B00262966,37,15-07-2027,20,06-08-2026 09:00
MED0035,LOC0092,WH-J-004,B00353013,606,08-06-2027,50,06-08-2026 09:00
MED0055,LOC0092,WH-J-004,B00553161,450,26-11-2026,75,06-08-2026 09:00
MED0012,LOC0092,WH-J-004,B00123233,123,22-03-2027,75,06-08-2026 09:00
MED0057,LOC0092,WH-J-004,B00573345,486,22-08-2028,30,06-08-2026 09:00
MED0084,LOC0092,WH-J-004,B00843492,789,07-04-2028,20,06-08-2026 09:00
MED0019,LOC0092,WH-J-004,B00193596,223,07-10-2027,100,06-08-2026 09:00
MED0029,LOC0092,WH-J-004,B00293636,47,12-12-2028,100,06-08-2026 09:00
MED0108,LOC0092,WH-J-004,B01083799,311,26-04-2027,100,06-08-2026 09:00
MED0027,LOC0092,WH-J-004,B00273813,515,18-12-2027,100,06-08-2026 09:00
MED0086,LOC0092,WH-J-004,B00863995,652,26-11-2026,50,06-08-2026 09:00
MED0053,LOC0092,WH-J-004,B00534068,142,15-10-2028,50,06-08-2026 09:00
MED0078,LOC0092,WH-J-004,B00784119,574,20-10-2028,20,06-08-2026 09:00
MED0095,LOC0092,WH-J-004,B00954262,699,04-12-2026,100,06-08-2026 09:00
MED0034,LOC0092,WH-J-004,B00344330,62,20-12-2027,75,06-08-2026 09:00
MED0099,LOC0092,WH-J-004,B00994470,692,19-11-2026,100,06-08-2026 09:00
MED0083,LOC0092,WH-J-004,B00834575,594,28-12-2028,30,06-08-2026 09:00
MED0102,LOC0092,WH-J-004,B01024672,4320,16-04-2027,100,06-08-2026 09:00
MED0039,LOC0092,WH-J-004,B00394736,428,30-12-2028,20,06-08-2026 09:00
MED0018,LOC0092,WH-J-004,B00184878,468,10-11-2026,30,06-08-2026 09:00
MED0076,LOC0092,WH-J-004,B00764961,315,28-04-2027,75,06-08-2026 09:00
MED0013,LOC0092,WH-J-004,B00135085,30,16-10-2028,100,06-08-2026 09:00
MED0050,LOC0092,WH-J-004,B00505196,680,01-02-2027,100,06-08-2026 09:00
MED0087,LOC0092,WH-J-004,B00875286,309,20-08-2028,30,06-08-2026 09:00
MED0067,LOC0092,WH-J-004,B00675363,3469,21-07-2028,20,06-08-2026 09:00
MED0058,LOC0092,WH-J-004,B00585418,0,06-05-2027,75,06-08-2026 09:00
MED0075,LOC0092,WH-J-004,B00755557,551,06-11-2026,100,06-08-2026 09:00
MED0080,LOC0092,WH-J-004,B00805639,543,09-08-2027,50,06-08-2026 09:00
MED0066,LOC0093,WH-J-005,B00660176,0,06-12-2026,30,06-08-2026 09:00
MED0096,LOC0093,WH-J-005,B00960286,411,22-04-2027,20,06-08-2026 09:00
MED0100,LOC0093,WH-J-005,B01000348,666,03-09-2027,75,06-08-2026 09:00
MED0036,LOC0093,WH-J-005,B00360468,30,23-11-2026,100,06-08-2026 09:00
MED0085,LOC0093,WH-J-005,B00850582,675,17-10-2027,30,06-08-2026 09:00
MED0101,LOC0093,WH-J-005,B01010619,478,02-02-2027,30,06-08-2026 09:00
MED0032,LOC0093,WH-J-005,B00320724,433,05-10-2028,75,06-08-2026 09:00
MED0104,LOC0093,WH-J-005,B01040870,394,28-04-2027,100,06-08-2026 09:00
MED0007,LOC0093,WH-J-005,B00070927,15,30-04-2028,75,06-08-2026 09:00
MED0090,LOC0093,WH-J-005,B00901032,122,15-08-2028,20,06-08-2026 09:00
MED0019,LOC0093,WH-J-005,B00191151,270,15-06-2027,75,06-08-2026 09:00
MED0109,LOC0093,WH-J-005,B01091252,666,21-07-2027,100,06-08-2026 09:00
MED0089,LOC0093,WH-J-005,B00891332,496,26-01-2027,100,06-08-2026 09:00
MED0087,LOC0093,WH-J-005,B00871428,302,07-09-2028,20,06-08-2026 09:00
MED0095,LOC0093,WH-J-005,B00951512,382,06-07-2028,50,06-08-2026 09:00
MED0010,LOC0093,WH-J-005,B00101656,2639,16-02-2028,100,06-08-2026 09:00
MED0060,LOC0093,WH-J-005,B00601782,0,03-08-2027,30,06-08-2026 09:00
MED0093,LOC0093,WH-J-005,B00931858,721,15-09-2026,75,06-08-2026 09:00
MED0069,LOC0093,WH-J-005,B00691941,0,31-08-2027,75,06-08-2026 09:00
MED0015,LOC0093,WH-J-005,B00152015,783,15-09-2027,75,06-08-2026 09:00
MED0054,LOC0093,WH-J-005,B00542174,715,23-07-2027,50,06-08-2026 09:00
MED0061,LOC0093,WH-J-005,B00612245,450,09-01-2029,20,06-08-2026 09:00
MED0065,LOC0093,WH-J-005,B00652375,409,09-08-2027,20,06-08-2026 09:00
MED0001,LOC0093,WH-J-005,B00012467,360,09-06-2028,100,06-08-2026 09:00
MED0050,LOC0093,WH-J-005,B00502561,378,02-11-2028,75,06-08-2026 09:00
MED0082,LOC0093,WH-J-005,B00822664,202,28-06-2027,75,06-08-2026 09:00
MED0049,LOC0093,WH-J-005,B00492777,474,04-08-2028,20,06-08-2026 09:00
MED0083,LOC0093,WH-J-005,B00832849,75,13-09-2026,75,06-08-2026 09:00
MED0035,LOC0093,WH-J-005,B00352916,682,22-03-2027,100,06-08-2026 09:00
MED0110,LOC0093,WH-J-005,B01103062,537,22-04-2027,50,06-08-2026 09:00
MED0029,LOC0093,WH-J-005,B00293119,11,16-12-2027,100,06-08-2026 09:00
MED0112,LOC0093,WH-J-005,B01123234,582,04-05-2027,75,06-08-2026 09:00
MED0044,LOC0093,WH-J-005,B00443394,604,11-07-2028,50,06-08-2026 09:00
MED0068,LOC0093,WH-J-005,B00683480,754,24-11-2028,30,06-08-2026 09:00
MED0075,LOC0093,WH-J-005,B00753561,769,06-03-2028,30,06-08-2026 09:00
MED0106,LOC0093,WH-J-005,B01063633,727,21-07-2028,100,06-08-2026 09:00
MED0014,LOC0093,WH-J-005,B00143741,444,05-07-2026,50,06-08-2026 09:00
MED0088,LOC0093,WH-J-005,B00883887,50,19-07-2027,50,06-08-2026 09:00
MED0033,LOC0093,WH-J-005,B00333934,2819,06-12-2028,30,06-08-2026 09:00
MED0080,LOC0093,WH-J-005,B00804010,2516,04-12-2026,100,06-08-2026 09:00
MED0107,LOC0093,WH-J-005,B01074199,50,08-09-2028,20,06-08-2026 09:00
MED0114,LOC0093,WH-J-005,B01144218,150,14-11-2028,75,06-08-2026 09:00
MED0012,LOC0093,WH-J-005,B00124346,677,08-12-2026,50,06-08-2026 09:00
MED0043,LOC0093,WH-J-005,B00434476,3230,20-08-2026,100,06-08-2026 09:00
MED0091,LOC0093,WH-J-005,B00914570,155,13-05-2028,100,06-08-2026 09:00
MED0026,LOC0093,WH-J-005,B00264692,0,23-01-2028,30,06-08-2026 09:00
MED0058,LOC0093,WH-J-005,B00584795,392,03-12-2028,50,06-08-2026 09:00
MED0006,LOC0093,WH-J-005,B00064893,11,30-10-2028,30,06-08-2026 09:00
MED0103,LOC0093,WH-J-005,B01034939,0,14-10-2027,30,06-08-2026 09:00
MED0097,LOC0093,WH-J-005,B00975087,496,16-01-2028,20,06-08-2026 09:00
MED0079,LOC0093,WH-J-005,B00795161,267,31-07-2028,20,06-08-2026 09:00
MED0098,LOC0093,WH-J-005,B00985279,582,07-01-2029,30,06-08-2026 09:00
MED0039,LOC0093,WH-J-005,B00395310,378,18-03-2027,20,06-08-2026 09:00
MED0099,LOC0093,WH-J-005,B00995467,373,06-11-2026,20,06-08-2026 09:00
MED0027,LOC0093,WH-J-005,B00275583,102,18-01-2028,100,06-08-2026 09:00
MED0041,LOC0093,WH-J-005,B00415692,156,01-09-2028,50,06-08-2026 09:00
MED0020,LOC0093,WH-J-005,B00205772,6,14-09-2027,50,06-08-2026 09:00
MED0003,LOC0093,WH-J-005,B00035894,2669,17-01-2027,50,06-08-2026 09:00
MED0084,LOC0093,WH-J-005,B00845922,633,23-12-2027,30,06-08-2026 09:00
MED0004,LOC0093,WH-J-005,B00046092,0,24-05-2027,20,06-08-2026 09:00
MED0010,LOC0094,WH-J-006,B00100144,293,04-11-2026,50,06-08-2026 09:00
MED0064,LOC0094,WH-J-006,B00640263,454,04-05-2028,75,06-08-2026 09:00
MED0045,LOC0094,WH-J-006,B00450398,322,09-11-2026,30,06-08-2026 09:00
MED0008,LOC0094,WH-J-006,B00080419,78,18-07-2028,75,06-08-2026 09:00
MED0029,LOC0094,WH-J-006,B00290555,704,11-01-2029,75,06-08-2026 09:00
MED0054,LOC0094,WH-J-006,B00540678,244,23-04-2027,20,06-08-2026 09:00
MED0012,LOC0094,WH-J-006,B00120742,274,20-05-2027,100,06-08-2026 09:00
MED0097,LOC0094,WH-J-006,B00970875,75,01-11-2027,20,06-08-2026 09:00
MED0074,LOC0094,WH-J-006,B00740922,557,19-11-2028,20,06-08-2026 09:00
MED0098,LOC0094,WH-J-006,B00981089,462,08-11-2028,50,06-08-2026 09:00
MED0085,LOC0094,WH-J-006,B00851160,254,03-03-2027,75,06-08-2026 09:00
MED0023,LOC0094,WH-J-006,B00231211,484,25-05-2026,20,06-08-2026 09:00
MED0006,LOC0094,WH-J-006,B00061349,12,26-09-2027,100,06-08-2026 09:00
MED0019,LOC0094,WH-J-006,B00191487,18,16-07-2027,20,06-08-2026 09:00
MED0089,LOC0094,WH-J-006,B00891597,83,28-11-2026,100,06-08-2026 09:00
MED0043,LOC0094,WH-J-006,B00431615,403,28-12-2028,30,06-08-2026 09:00
MED0080,LOC0094,WH-J-006,B00801745,557,04-10-2028,30,06-08-2026 09:00
MED0096,LOC0094,WH-J-006,B00961860,546,08-04-2027,20,06-08-2026 09:00
MED0075,LOC0094,WH-J-006,B00751946,714,30-11-2027,50,06-08-2026 09:00
MED0077,LOC0094,WH-J-006,B00772040,211,12-11-2028,75,06-08-2026 09:00
MED0093,LOC0094,WH-J-006,B00932187,135,17-05-2027,50,06-08-2026 09:00
MED0114,LOC0094,WH-J-006,B01142216,21,06-04-2028,75,06-08-2026 09:00
MED0076,LOC0094,WH-J-006,B00762381,517,15-07-2028,75,06-08-2026 09:00
MED0026,LOC0094,WH-J-006,B00262496,43,16-12-2026,75,06-08-2026 09:00
MED0067,LOC0094,WH-J-006,B00672598,629,29-09-2026,20,06-08-2026 09:00
MED0062,LOC0094,WH-J-006,B00622628,80,19-09-2026,50,06-08-2026 09:00
MED0025,LOC0094,WH-J-006,B00252780,98,13-08-2027,75,06-08-2026 09:00
MED0027,LOC0094,WH-J-006,B00272840,351,17-12-2027,50,06-08-2026 09:00
MED0059,LOC0094,WH-J-006,B00592914,114,21-12-2027,30,06-08-2026 09:00
MED0102,LOC0094,WH-J-006,B01023028,700,15-04-2027,50,06-08-2026 09:00
MED0088,LOC0094,WH-J-006,B00883110,615,28-09-2028,20,06-08-2026 09:00
MED0039,LOC0094,WH-J-006,B00393247,279,16-08-2027,75,06-08-2026 09:00
MED0024,LOC0094,WH-J-006,B00243396,58,29-09-2028,75,06-08-2026 09:00
MED0038,LOC0094,WH-J-006,B00383418,201,24-09-2026,30,06-08-2026 09:00
MED0040,LOC0094,WH-J-006,B00403553,75,12-06-2028,50,06-08-2026 09:00
MED0074,LOC0095,WH-J-007,B00740111,405,22-01-2028,75,06-08-2026 09:00
MED0035,LOC0095,WH-J-007,B00350221,0,21-08-2028,50,06-08-2026 09:00
MED0054,LOC0095,WH-J-007,B00540325,8,27-06-2028,75,06-08-2026 09:00
MED0102,LOC0095,WH-J-007,B01020431,600,06-07-2026,20,06-08-2026 09:00
MED0063,LOC0095,WH-J-007,B00630556,242,30-03-2027,20,06-08-2026 09:00
MED0103,LOC0095,WH-J-007,B01030698,0,14-04-2027,30,06-08-2026 09:00
MED0050,LOC0095,WH-J-007,B00500769,471,08-06-2028,30,06-08-2026 09:00
MED0053,LOC0095,WH-J-007,B00530860,114,14-05-2027,100,06-08-2026 09:00
MED0017,LOC0095,WH-J-007,B00170915,0,18-01-2028,20,06-08-2026 09:00
MED0107,LOC0095,WH-J-007,B01071047,474,22-03-2028,30,06-08-2026 09:00
MED0024,LOC0095,WH-J-007,B00241127,279,30-06-2028,50,06-08-2026 09:00
MED0032,LOC0095,WH-J-007,B00321246,765,15-07-2028,20,06-08-2026 09:00
MED0042,LOC0095,WH-J-007,B00421381,230,11-03-2027,50,06-08-2026 09:00
MED0090,LOC0095,WH-J-007,B00901459,123,05-07-2028,20,06-08-2026 09:00
MED0098,LOC0095,WH-J-007,B00981552,542,20-08-2027,50,06-08-2026 09:00
MED0114,LOC0095,WH-J-007,B01141697,160,07-07-2028,75,06-08-2026 09:00
MED0049,LOC0095,WH-J-007,B00491750,505,27-12-2026,50,06-08-2026 09:00
MED0001,LOC0095,WH-J-007,B00011823,240,27-12-2027,75,06-08-2026 09:00
MED0047,LOC0095,WH-J-007,B00471967,317,05-12-2026,75,06-08-2026 09:00
MED0030,LOC0095,WH-J-007,B00302061,655,09-01-2028,20,06-08-2026 09:00
MED0002,LOC0095,WH-J-007,B00022156,3447,07-01-2027,20,06-08-2026 09:00
MED0018,LOC0095,WH-J-007,B00182297,72,26-05-2027,100,06-08-2026 09:00
MED0108,LOC0095,WH-J-007,B01082321,2943,15-08-2028,20,06-08-2026 09:00
MED0010,LOC0095,WH-J-007,B00102454,96,29-12-2026,75,06-08-2026 09:00
MED0069,LOC0095,WH-J-007,B00692542,63,06-05-2027,100,06-08-2026 09:00
MED0039,LOC0095,WH-J-007,B00392666,3004,14-09-2027,50,06-08-2026 09:00
MED0003,LOC0095,WH-J-007,B00032756,726,01-08-2027,100,06-08-2026 09:00
MED0106,LOC0095,WH-J-007,B01062884,3310,25-02-2028,30,06-08-2026 09:00
MED0048,LOC0095,WH-J-007,B00482920,471,05-10-2026,20,06-08-2026 09:00
MED0110,LOC0095,WH-J-007,B01103048,544,04-12-2028,100,06-08-2026 09:00
MED0072,LOC0095,WH-J-007,B00723180,439,10-03-2027,75,06-08-2026 09:00
MED0058,LOC0095,WH-J-007,B00583243,330,24-03-2028,30,06-08-2026 09:00
MED0097,LOC0095,WH-J-007,B00973397,560,22-11-2027,100,06-08-2026 09:00
MED0028,LOC0095,WH-J-007,B00283498,0,10-07-2027,75,06-08-2026 09:00
MED0092,LOC0095,WH-J-007,B00923541,748,23-08-2026,75,06-08-2026 09:00
MED0067,LOC0095,WH-J-007,B00673613,102,20-04-2027,20,06-08-2026 09:00
MED0052,LOC0095,WH-J-007,B00523728,500,17-05-2027,100,06-08-2026 09:00
MED0007,LOC0095,WH-J-007,B00073836,217,20-03-2027,100,06-08-2026 09:00
MED0043,LOC0095,WH-J-007,B00433933,414,14-12-2026,100,06-08-2026 09:00
MED0077,LOC0095,WH-J-007,B00774060,329,20-04-2027,100,06-08-2026 09:00
MED0049,LOC0096,WH-K-001,B00490166,3593,05-10-2026,50,06-08-2026 09:00
MED0080,LOC0096,WH-K-001,B00800235,706,14-01-2027,50,06-08-2026 09:00
MED0111,LOC0096,WH-K-001,B01110346,127,27-04-2026,100,06-08-2026 09:00
MED0076,LOC0096,WH-K-001,B00760465,158,19-12-2028,30,06-08-2026 09:00
MED0084,LOC0096,WH-K-001,B00840537,504,25-02-2028,30,06-08-2026 09:00
MED0024,LOC0096,WH-K-001,B00240699,424,05-04-2028,30,06-08-2026 09:00
MED0034,LOC0096,WH-K-001,B00340771,411,20-11-2028,20,06-08-2026 09:00
MED0022,LOC0096,WH-K-001,B00220856,453,16-03-2026,20,06-08-2026 09:00
MED0057,LOC0096,WH-K-001,B00570931,35,20-09-2027,20,06-08-2026 09:00
MED0061,LOC0096,WH-K-001,B00611020,311,25-08-2026,100,06-08-2026 09:00
MED0031,LOC0096,WH-K-001,B00311126,725,28-12-2026,20,06-08-2026 09:00
MED0113,LOC0096,WH-K-001,B01131270,691,22-01-2028,75,06-08-2026 09:00
MED0091,LOC0096,WH-K-001,B00911357,438,25-03-2027,50,06-08-2026 09:00
MED0021,LOC0096,WH-K-001,B00211415,440,18-11-2026,100,06-08-2026 09:00
MED0029,LOC0096,WH-K-001,B00291555,195,12-09-2028,30,06-08-2026 09:00
MED0093,LOC0096,WH-K-001,B00931619,268,19-11-2028,75,06-08-2026 09:00
MED0069,LOC0096,WH-K-001,B00691792,273,15-03-2028,50,06-08-2026 09:00
MED0044,LOC0096,WH-K-001,B00441899,535,27-06-2028,100,06-08-2026 09:00
MED0110,LOC0096,WH-K-001,B01101945,766,11-05-2028,100,06-08-2026 09:00
MED0019,LOC0096,WH-K-001,B00192074,263,27-10-2028,100,06-08-2026 09:00
MED0006,LOC0096,WH-K-001,B00062150,0,22-09-2027,75,06-08-2026 09:00
MED0018,LOC0096,WH-K-001,B00182236,611,11-09-2028,20,06-08-2026 09:00
MED0104,LOC0096,WH-K-001,B01042337,793,03-09-2027,30,06-08-2026 09:00
MED0088,LOC0096,WH-K-001,B00882458,2911,25-07-2027,30,06-08-2026 09:00
MED0109,LOC0096,WH-K-001,B01092578,2642,25-06-2028,20,06-08-2026 09:00
MED0003,LOC0096,WH-K-001,B00032681,106,26-08-2027,20,06-08-2026 09:00
MED0074,LOC0096,WH-K-001,B00742733,16,18-07-2026,50,06-08-2026 09:00
MED0013,LOC0096,WH-K-001,B00132827,715,20-04-2027,75,06-08-2026 09:00
MED0033,LOC0096,WH-K-001,B00332973,543,11-09-2027,30,06-08-2026 09:00
MED0001,LOC0096,WH-K-001,B00013069,652,16-12-2027,50,06-08-2026 09:00
MED0009,LOC0096,WH-K-001,B00093174,65,04-01-2029,100,06-08-2026 09:00
MED0055,LOC0096,WH-K-001,B00553292,131,25-04-2028,100,06-08-2026 09:00
MED0079,LOC0096,WH-K-001,B00793347,59,16-05-2028,100,06-08-2026 09:00
MED0025,LOC0096,WH-K-001,B00253435,50,21-01-2027,20,06-08-2026 09:00
MED0030,LOC0096,WH-K-001,B00303583,378,25-02-2028,50,06-08-2026 09:00
MED0023,LOC0096,WH-K-001,B00233696,277,14-12-2028,100,06-08-2026 09:00
MED0067,LOC0096,WH-K-001,B00673782,703,06-08-2027,50,06-08-2026 09:00
MED0036,LOC0096,WH-K-001,B00363889,694,07-11-2026,75,06-08-2026 09:00
MED0038,LOC0096,WH-K-001,B00383979,404,25-12-2026,75,06-08-2026 09:00
MED0099,LOC0096,WH-K-001,B00994061,144,02-12-2027,20,06-08-2026 09:00
MED0028,LOC0096,WH-K-001,B00284150,0,03-11-2027,30,06-08-2026 09:00
MED0039,LOC0096,WH-K-001,B00394273,416,08-10-2027,75,06-08-2026 09:00
MED0064,LOC0096,WH-K-001,B00644355,330,19-12-2028,100,06-08-2026 09:00
MED0010,LOC0096,WH-K-001,B00104445,176,19-01-2028,75,06-08-2026 09:00
MED0068,LOC0096,WH-K-001,B00684553,0,04-02-2028,20,06-08-2026 09:00
MED0020,LOC0096,WH-K-001,B00204647,424,19-03-2027,100,06-08-2026 09:00
MED0002,LOC0096,WH-K-001,B00024751,424,23-07-2027,20,06-08-2026 09:00
MED0062,LOC0096,WH-K-001,B00624818,262,28-07-2027,20,06-08-2026 09:00
MED0043,LOC0096,WH-K-001,B00434928,483,09-11-2026,100,06-08-2026 09:00
MED0042,LOC0096,WH-K-001,B00425012,416,14-01-2028,30,06-08-2026 09:00
MED0011,LOC0096,WH-K-001,B00115118,325,16-12-2026,100,06-08-2026 09:00
MED0107,LOC0096,WH-K-001,B01075215,0,21-05-2027,75,06-08-2026 09:00
MED0054,LOC0096,WH-K-001,B00545375,274,09-06-2027,100,06-08-2026 09:00
MED0075,LOC0096,WH-K-001,B00755416,2185,10-10-2027,75,06-08-2026 09:00
MED0079,LOC0097,WH-K-002,B00790127,643,20-12-2026,50,06-08-2026 09:00
MED0095,LOC0097,WH-K-002,B00950244,0,18-07-2027,75,06-08-2026 09:00
MED0069,LOC0097,WH-K-002,B00690355,45,04-02-2027,30,06-08-2026 09:00
MED0029,LOC0097,WH-K-002,B00290445,781,09-09-2026,100,06-08-2026 09:00
MED0004,LOC0097,WH-K-002,B00040529,17,19-09-2027,100,06-08-2026 09:00
MED0078,LOC0097,WH-K-002,B00780668,577,14-09-2028,20,06-08-2026 09:00
MED0100,LOC0097,WH-K-002,B01000756,447,20-07-2028,75,06-08-2026 09:00
MED0036,LOC0097,WH-K-002,B00360844,68,13-01-2028,20,06-08-2026 09:00
MED0096,LOC0097,WH-K-002,B00960926,206,25-03-2026,100,06-08-2026 09:00
MED0009,LOC0097,WH-K-002,B00091099,656,14-12-2027,100,06-08-2026 09:00
MED0028,LOC0097,WH-K-002,B00281130,283,02-09-2026,100,06-08-2026 09:00
MED0035,LOC0097,WH-K-002,B00351213,225,17-01-2028,30,06-08-2026 09:00
MED0086,LOC0097,WH-K-002,B00861345,385,17-12-2028,50,06-08-2026 09:00
MED0075,LOC0097,WH-K-002,B00751436,492,15-04-2028,30,06-08-2026 09:00
MED0002,LOC0097,WH-K-002,B00021559,454,06-11-2026,20,06-08-2026 09:00
MED0101,LOC0097,WH-K-002,B01011697,604,22-08-2028,75,06-08-2026 09:00
MED0056,LOC0097,WH-K-002,B00561721,542,25-12-2028,20,06-08-2026 09:00
MED0082,LOC0097,WH-K-002,B00821858,153,03-04-2027,75,06-08-2026 09:00
MED0105,LOC0097,WH-K-002,B01051980,576,02-08-2028,50,06-08-2026 09:00
MED0109,LOC0097,WH-K-002,B01092027,430,03-07-2027,100,06-08-2026 09:00
MED0061,LOC0097,WH-K-002,B00612167,225,05-03-2027,75,06-08-2026 09:00
MED0077,LOC0097,WH-K-002,B00772231,593,28-06-2026,100,06-08-2026 09:00
MED0063,LOC0097,WH-K-002,B00632364,586,21-09-2026,30,06-08-2026 09:00
MED0074,LOC0097,WH-K-002,B00742467,731,18-08-2028,50,06-08-2026 09:00
MED0092,LOC0097,WH-K-002,B00922567,565,24-02-2028,20,06-08-2026 09:00
MED0018,LOC0097,WH-K-002,B00182666,265,26-09-2026,100,06-08-2026 09:00
MED0103,LOC0097,WH-K-002,B01032719,321,24-04-2028,75,06-08-2026 09:00
MED0044,LOC0097,WH-K-002,B00442836,701,12-04-2026,100,06-08-2026 09:00
MED0020,LOC0097,WH-K-002,B00202973,361,28-09-2027,75,06-08-2026 09:00
MED0072,LOC0097,WH-K-002,B00723075,0,17-11-2027,100,06-08-2026 09:00
MED0088,LOC0097,WH-K-002,B00883180,642,23-12-2027,100,06-08-2026 09:00
MED0015,LOC0097,WH-K-002,B00153236,563,29-12-2027,30,06-08-2026 09:00
MED0027,LOC0097,WH-K-002,B00273397,0,21-11-2026,100,06-08-2026 09:00
MED0047,LOC0097,WH-K-002,B00473497,154,17-12-2027,75,06-08-2026 09:00
MED0050,LOC0097,WH-K-002,B00503513,646,13-07-2028,20,06-08-2026 09:00
MED0114,LOC0097,WH-K-002,B01143622,560,16-05-2028,50,06-08-2026 09:00
MED0084,LOC0097,WH-K-002,B00843792,662,22-04-2028,30,06-08-2026 09:00
MED0068,LOC0097,WH-K-002,B00683827,780,25-09-2026,75,06-08-2026 09:00
MED0108,LOC0097,WH-K-002,B01083959,500,25-04-2026,20,06-08-2026 09:00
MED0039,LOC0097,WH-K-002,B00394085,0,05-09-2026,100,06-08-2026 09:00
MED0041,LOC0097,WH-K-002,B00414128,798,11-09-2026,30,06-08-2026 09:00
MED0006,LOC0097,WH-K-002,B00064275,236,27-10-2028,75,06-08-2026 09:00
MED0060,LOC0097,WH-K-002,B00604341,622,21-12-2026,75,06-08-2026 09:00
MED0097,LOC0097,WH-K-002,B00974475,0,18-02-2028,50,06-08-2026 09:00
MED0046,LOC0097,WH-K-002,B00464534,531,22-06-2027,100,06-08-2026 09:00
MED0049,LOC0097,WH-K-002,B00494666,456,03-04-2026,50,06-08-2026 09:00
MED0090,LOC0097,WH-K-002,B00904737,784,07-09-2028,30,06-08-2026 09:00
MED0099,LOC0097,WH-K-002,B00994850,348,01-10-2028,20,06-08-2026 09:00
MED0066,LOC0097,WH-K-002,B00664921,33,24-08-2028,75,06-08-2026 09:00
MED0076,LOC0097,WH-K-002,B00765038,617,29-11-2028,100,06-08-2026 09:00
MED0042,LOC0097,WH-K-002,B00425157,286,18-09-2027,100,06-08-2026 09:00
MED0032,LOC0097,WH-K-002,B00325218,107,18-09-2027,100,06-08-2026 09:00
MED0091,LOC0097,WH-K-002,B00915323,52,22-10-2028,50,06-08-2026 09:00
MED0062,LOC0097,WH-K-002,B00625435,663,24-12-2026,30,06-08-2026 09:00
MED0083,LOC0097,WH-K-002,B00835560,454,16-09-2026,75,06-08-2026 09:00
MED0037,LOC0097,WH-K-002,B00375666,761,23-02-2026,100,06-08-2026 09:00
MED0017,LOC0097,WH-K-002,B00175728,550,02-10-2026,75,06-08-2026 09:00
MED0087,LOC0097,WH-K-002,B00875844,309,07-08-2028,30,06-08-2026 09:00
MED0065,LOC0097,WH-K-002,B00655983,298,02-03-2028,50,06-08-2026 09:00
MED0004,LOC0098,WH-K-003,B00040130,722,22-08-2028,50,06-08-2026 09:00
MED0098,LOC0098,WH-K-003,B00980257,307,30-09-2026,30,06-08-2026 09:00
MED0030,LOC0098,WH-K-003,B00300341,641,07-05-2028,20,06-08-2026 09:00
MED0105,LOC0098,WH-K-003,B01050436,398,08-04-2026,100,06-08-2026 09:00
MED0099,LOC0098,WH-K-003,B00990542,393,30-10-2028,50,06-08-2026 09:00
MED0055,LOC0098,WH-K-003,B00550683,125,12-08-2028,75,06-08-2026 09:00
MED0093,LOC0098,WH-K-003,B00930772,665,16-09-2026,50,06-08-2026 09:00
MED0109,LOC0098,WH-K-003,B01090866,624,11-08-2026,50,06-08-2026 09:00
MED0039,LOC0098,WH-K-003,B00390975,165,21-01-2027,20,06-08-2026 09:00
MED0111,LOC0098,WH-K-003,B01111046,565,29-09-2026,20,06-08-2026 09:00
MED0003,LOC0098,WH-K-003,B00031195,781,11-08-2027,20,06-08-2026 09:00
MED0009,LOC0098,WH-K-003,B00091281,59,23-07-2027,75,06-08-2026 09:00
MED0056,LOC0098,WH-K-003,B00561326,460,26-11-2028,30,06-08-2026 09:00
MED0028,LOC0098,WH-K-003,B00281495,128,26-08-2027,100,06-08-2026 09:00
MED0018,LOC0098,WH-K-003,B00181564,789,08-04-2027,30,06-08-2026 09:00
MED0079,LOC0098,WH-K-003,B00791684,767,21-02-2026,50,06-08-2026 09:00
MED0041,LOC0098,WH-K-003,B00411734,191,03-10-2026,75,06-08-2026 09:00
MED0062,LOC0098,WH-K-003,B00621858,470,23-09-2026,75,06-08-2026 09:00
MED0101,LOC0098,WH-K-003,B01011960,79,17-05-2026,75,06-08-2026 09:00
MED0064,LOC0098,WH-K-003,B00642026,32,30-09-2026,30,06-08-2026 09:00
MED0065,LOC0098,WH-K-003,B00652179,225,28-06-2028,30,06-08-2026 09:00
MED0085,LOC0098,WH-K-003,B00852280,2855,11-01-2028,20,06-08-2026 09:00
MED0027,LOC0098,WH-K-003,B00272312,499,01-12-2028,30,06-08-2026 09:00
MED0016,LOC0098,WH-K-003,B00162429,463,05-10-2027,20,06-08-2026 09:00
MED0046,LOC0098,WH-K-003,B00462513,413,25-08-2026,50,06-08-2026 09:00
MED0075,LOC0098,WH-K-003,B00752618,251,28-10-2027,100,06-08-2026 09:00
MED0095,LOC0098,WH-K-003,B00952749,404,22-01-2028,75,06-08-2026 09:00
MED0047,LOC0098,WH-K-003,B00472880,385,24-02-2027,30,06-08-2026 09:00
MED0058,LOC0098,WH-K-003,B00582918,769,20-08-2026,75,06-08-2026 09:00
MED0021,LOC0098,WH-K-003,B00213058,768,23-08-2028,100,06-08-2026 09:00
MED0077,LOC0098,WH-K-003,B00773191,364,14-04-2027,100,06-08-2026 09:00
MED0019,LOC0098,WH-K-003,B00193221,449,31-07-2027,30,06-08-2026 09:00
MED0057,LOC0098,WH-K-003,B00573351,26,17-05-2028,50,06-08-2026 09:00
MED0112,LOC0098,WH-K-003,B01123418,760,21-10-2027,20,06-08-2026 09:00
MED0014,LOC0098,WH-K-003,B00143546,800,10-01-2029,30,06-08-2026 09:00
MED0066,LOC0098,WH-K-003,B00663678,408,07-05-2027,50,06-08-2026 09:00
MED0051,LOC0098,WH-K-003,B00513740,0,16-12-2028,100,06-08-2026 09:00
MED0072,LOC0098,WH-K-003,B00723899,3479,21-11-2028,30,06-08-2026 09:00
MED0092,LOC0098,WH-K-003,B00923929,493,25-05-2027,20,06-08-2026 09:00
MED0005,LOC0098,WH-K-003,B00054068,3067,28-06-2028,50,06-08-2026 09:00
MED0100,LOC0098,WH-K-003,B01004118,603,10-06-2027,100,06-08-2026 09:00
MED0073,LOC0098,WH-K-003,B00734251,8,23-06-2028,30,06-08-2026 09:00
MED0012,LOC0098,WH-K-003,B00124322,507,13-01-2028,50,06-08-2026 09:00
MED0025,LOC0099,WH-K-004,B00250132,738,23-08-2026,30,06-08-2026 09:00
MED0007,LOC0099,WH-K-004,B00070234,0,19-06-2026,30,06-08-2026 09:00
MED0090,LOC0099,WH-K-004,B00900392,514,13-10-2027,20,06-08-2026 09:00
MED0068,LOC0099,WH-K-004,B00680431,19,25-03-2027,50,06-08-2026 09:00
MED0103,LOC0099,WH-K-004,B01030513,98,10-04-2027,50,06-08-2026 09:00
MED0048,LOC0099,WH-K-004,B00480642,37,11-08-2026,75,06-08-2026 09:00
MED0065,LOC0099,WH-K-004,B00650761,579,13-08-2026,50,06-08-2026 09:00
MED0113,LOC0099,WH-K-004,B01130828,210,18-04-2028,75,06-08-2026 09:00
MED0008,LOC0099,WH-K-004,B00080950,2559,06-12-2026,30,06-08-2026 09:00
MED0013,LOC0099,WH-K-004,B00131032,601,18-09-2026,30,06-08-2026 09:00
MED0093,LOC0099,WH-K-004,B00931194,143,09-02-2027,20,06-08-2026 09:00
MED0112,LOC0099,WH-K-004,B01121242,77,20-08-2026,100,06-08-2026 09:00
MED0069,LOC0099,WH-K-004,B00691339,228,20-05-2027,100,06-08-2026 09:00
MED0062,LOC0099,WH-K-004,B00621437,529,03-03-2027,30,06-08-2026 09:00
MED0032,LOC0099,WH-K-004,B00321596,612,30-12-2027,30,06-08-2026 09:00
MED0011,LOC0099,WH-K-004,B00111661,221,30-03-2028,50,06-08-2026 09:00
MED0040,LOC0099,WH-K-004,B00401710,305,16-01-2028,50,06-08-2026 09:00
MED0027,LOC0099,WH-K-004,B00271844,524,20-05-2027,30,06-08-2026 09:00
MED0075,LOC0099,WH-K-004,B00751941,747,04-11-2027,30,06-08-2026 09:00
MED0099,LOC0099,WH-K-004,B00992041,651,05-08-2028,75,06-08-2026 09:00
MED0042,LOC0099,WH-K-004,B00422132,563,08-11-2027,50,06-08-2026 09:00
MED0012,LOC0099,WH-K-004,B00122221,237,04-01-2029,100,06-08-2026 09:00
MED0009,LOC0099,WH-K-004,B00092357,392,22-12-2027,50,06-08-2026 09:00
MED0033,LOC0099,WH-K-004,B00332459,67,25-12-2028,50,06-08-2026 09:00
MED0030,LOC0099,WH-K-004,B00302517,252,10-04-2028,30,06-08-2026 09:00
MED0056,LOC0099,WH-K-004,B00562670,426,03-08-2027,100,06-08-2026 09:00
MED0101,LOC0099,WH-K-004,B01012757,414,18-10-2028,50,06-08-2026 09:00
MED0102,LOC0099,WH-K-004,B01022860,452,08-08-2027,30,06-08-2026 09:00
MED0053,LOC0099,WH-K-004,B00532981,682,05-06-2027,75,06-08-2026 09:00
MED0022,LOC0099,WH-K-004,B00223091,716,14-03-2027,100,06-08-2026 09:00
MED0081,LOC0099,WH-K-004,B00813147,347,10-04-2027,100,06-08-2026 09:00
MED0014,LOC0099,WH-K-004,B00143273,724,06-12-2027,30,06-08-2026 09:00
MED0002,LOC0099,WH-K-004,B00023330,105,26-01-2027,100,06-08-2026 09:00
MED0063,LOC0099,WH-K-004,B00633490,714,24-05-2027,75,06-08-2026 09:00
MED0071,LOC0099,WH-K-004,B00713546,331,09-09-2028,100,06-08-2026 09:00
MED0010,LOC0099,WH-K-004,B00103695,512,14-07-2027,75,06-08-2026 09:00
MED0080,LOC0099,WH-K-004,B00803778,0,11-12-2027,100,06-08-2026 09:00
MED0059,LOC0099,WH-K-004,B00593888,481,04-07-2027,30,06-08-2026 09:00
MED0105,LOC0099,WH-K-004,B01053919,777,07-09-2028,100,06-08-2026 09:00
MED0006,LOC0099,WH-K-004,B00064020,2919,30-03-2028,75,06-08-2026 09:00
MED0052,LOC0099,WH-K-004,B00524198,800,24-05-2027,20,06-08-2026 09:00
MED0111,LOC0099,WH-K-004,B01114270,3002,13-06-2026,75,06-08-2026 09:00
MED0041,LOC0099,WH-K-004,B00414310,482,05-01-2029,30,06-08-2026 09:00
MED0055,LOC0099,WH-K-004,B00554480,628,11-03-2028,20,06-08-2026 09:00
MED0039,LOC0099,WH-K-004,B00394583,143,12-08-2027,20,06-08-2026 09:00
MED0017,LOC0099,WH-K-004,B00174635,2501,16-12-2027,30,06-08-2026 09:00
MED0043,LOC0099,WH-K-004,B00434751,791,11-05-2027,100,06-08-2026 09:00
MED0077,LOC0099,WH-K-004,B00774831,766,13-08-2028,50,06-08-2026 09:00
MED0107,LOC0099,WH-K-004,B01074936,303,24-12-2027,75,06-08-2026 09:00
MED0086,LOC0099,WH-K-004,B00865084,471,05-10-2026,30,06-08-2026 09:00
MED0001,LOC0099,WH-K-004,B00015183,307,26-04-2026,100,06-08-2026 09:00
MED0079,LOC0099,WH-K-004,B00795224,680,18-09-2026,50,06-08-2026 09:00
MED0089,LOC0099,WH-K-004,B00895347,719,08-11-2028,30,06-08-2026 09:00
MED0028,LOC0099,WH-K-004,B00285413,635,22-09-2028,100,06-08-2026 09:00
MED0108,LOC0099,WH-K-004,B01085538,563,06-10-2027,75,06-08-2026 09:00
MED0038,LOC0099,WH-K-004,B00385631,2429,22-02-2027,100,06-08-2026 09:00
MED0073,LOC0099,WH-K-004,B00735741,584,25-04-2026,50,06-08-2026 09:00
MED0094,LOC0100,WH-K-005,B00940120,727,07-09-2028,50,06-08-2026 09:00
MED0075,LOC0100,WH-K-005,B00750214,0,18-04-2027,20,06-08-2026 09:00
MED0005,LOC0100,WH-K-005,B00050361,427,05-03-2027,30,06-08-2026 09:00
MED0098,LOC0100,WH-K-005,B00980487,765,31-07-2028,100,06-08-2026 09:00
MED0097,LOC0100,WH-K-005,B00970535,147,30-09-2026,20,06-08-2026 09:00
MED0011,LOC0100,WH-K-005,B00110680,760,09-09-2027,50,06-08-2026 09:00
MED0025,LOC0100,WH-K-005,B00250719,61,25-05-2027,50,06-08-2026 09:00
MED0029,LOC0100,WH-K-005,B00290822,3958,21-09-2028,75,06-08-2026 09:00
MED0030,LOC0100,WH-K-005,B00300979,605,04-10-2026,75,06-08-2026 09:00
MED0035,LOC0100,WH-K-005,B00351022,0,10-03-2028,75,06-08-2026 09:00
MED0105,LOC0100,WH-K-005,B01051122,118,22-03-2027,20,06-08-2026 09:00
MED0028,LOC0100,WH-K-005,B00281269,16,10-09-2027,100,06-08-2026 09:00
MED0061,LOC0100,WH-K-005,B00611321,533,04-09-2028,20,06-08-2026 09:00
MED0086,LOC0100,WH-K-005,B00861490,2542,17-02-2028,50,06-08-2026 09:00
MED0054,LOC0100,WH-K-005,B00541587,496,19-01-2027,50,06-08-2026 09:00
MED0062,LOC0100,WH-K-005,B00621672,487,16-11-2027,30,06-08-2026 09:00
MED0085,LOC0100,WH-K-005,B00851740,438,16-01-2027,75,06-08-2026 09:00
MED0027,LOC0100,WH-K-005,B00271873,81,23-02-2026,100,06-08-2026 09:00
MED0088,LOC0100,WH-K-005,B00881925,113,27-11-2027,50,06-08-2026 09:00
MED0036,LOC0100,WH-K-005,B00362025,173,08-04-2027,100,06-08-2026 09:00
MED0069,LOC0100,WH-K-005,B00692120,49,22-08-2026,50,06-08-2026 09:00
MED0013,LOC0100,WH-K-005,B00132265,52,13-09-2028,50,06-08-2026 09:00
MED0037,LOC0100,WH-K-005,B00372353,416,22-10-2027,30,06-08-2026 09:00
MED0006,LOC0100,WH-K-005,B00062449,179,26-03-2028,30,06-08-2026 09:00
MED0073,LOC0100,WH-K-005,B00732572,0,20-08-2027,20,06-08-2026 09:00
MED0070,LOC0100,WH-K-005,B00702688,477,07-07-2028,20,06-08-2026 09:00
MED0034,LOC0100,WH-K-005,B00342746,367,15-07-2028,50,06-08-2026 09:00
MED0012,LOC0100,WH-K-005,B00122813,612,02-01-2027,100,06-08-2026 09:00
MED0008,LOC0100,WH-K-005,B00082965,4575,18-10-2027,50,06-08-2026 09:00
MED0010,LOC0100,WH-K-005,B00103056,679,05-06-2027,75,06-08-2026 09:00
MED0056,LOC0100,WH-K-005,B00563167,303,11-05-2027,50,06-08-2026 09:00
MED0064,LOC0100,WH-K-005,B00643293,399,21-12-2028,20,06-08-2026 09:00
MED0077,LOC0100,WH-K-005,B00773370,26,12-11-2026,50,06-08-2026 09:00
MED0103,LOC0100,WH-K-005,B01033445,84,03-09-2028,20,06-08-2026 09:00
MED0112,LOC0100,WH-K-005,B01123575,5,26-11-2027,20,06-08-2026 09:00
MED0111,LOC0100,WH-K-005,B01113675,266,07-02-2026,75,06-08-2026 09:00
MED0033,LOC0100,WH-K-005,B00333791,105,07-11-2026,75,06-08-2026 09:00
MED0089,LOC0100,WH-K-005,B00893822,613,24-08-2026,75,06-08-2026 09:00
MED0087,LOC0100,WH-K-005,B00873931,2576,23-04-2026,75,06-08-2026 09:00
MED0014,LOC0100,WH-K-005,B00144094,113,01-10-2026,30,06-08-2026 09:00
MED0052,LOC0100,WH-K-005,B00524132,146,08-05-2027,30,06-08-2026 09:00
MED0002,LOC0100,WH-K-005,B00024251,13,29-02-2028,100,06-08-2026 09:00
MED0068,LOC0101,WH-K-006,B00680147,7,25-01-2028,100,06-08-2026 09:00
MED0025,LOC0101,WH-K-006,B00250281,680,19-03-2028,20,06-08-2026 09:00
MED0046,LOC0101,WH-K-006,B00460326,475,03-12-2026,20,06-08-2026 09:00
MED0078,LOC0101,WH-K-006,B00780448,0,03-10-2026,100,06-08-2026 09:00
MED0076,LOC0101,WH-K-006,B00760548,729,10-07-2027,20,06-08-2026 09:00
MED0077,LOC0101,WH-K-006,B00770675,777,24-09-2026,20,06-08-2026 09:00
MED0039,LOC0101,WH-K-006,B00390762,268,26-05-2028,20,06-08-2026 09:00
MED0005,LOC0101,WH-K-006,B00050832,643,09-08-2026,75,06-08-2026 09:00
MED0001,LOC0101,WH-K-006,B00010938,690,20-07-2028,20,06-08-2026 09:00
MED0035,LOC0101,WH-K-006,B00351092,774,29-05-2028,20,06-08-2026 09:00
MED0012,LOC0101,WH-K-006,B00121124,232,25-06-2028,20,06-08-2026 09:00
MED0107,LOC0101,WH-K-006,B01071266,4706,08-11-2028,30,06-08-2026 09:00
MED0093,LOC0101,WH-K-006,B00931386,245,21-12-2027,50,06-08-2026 09:00
MED0097,LOC0101,WH-K-006,B00971451,0,22-05-2028,100,06-08-2026 09:00
MED0071,LOC0101,WH-K-006,B00711599,381,13-09-2027,50,06-08-2026 09:00
MED0105,LOC0101,WH-K-006,B01051610,284,27-11-2028,20,06-08-2026 09:00
MED0058,LOC0101,WH-K-006,B00581798,440,24-12-2026,75,06-08-2026 09:00
MED0111,LOC0101,WH-K-006,B01111864,156,13-05-2028,50,06-08-2026 09:00
MED0015,LOC0101,WH-K-006,B00151963,745,13-05-2026,20,06-08-2026 09:00
MED0030,LOC0101,WH-K-006,B00302066,463,19-11-2027,75,06-08-2026 09:00
MED0048,LOC0101,WH-K-006,B00482121,3303,02-09-2026,20,06-08-2026 09:00
MED0014,LOC0101,WH-K-006,B00142280,573,13-09-2026,30,06-08-2026 09:00
MED0091,LOC0101,WH-K-006,B00912345,225,11-04-2028,20,06-08-2026 09:00
MED0096,LOC0101,WH-K-006,B00962491,408,17-04-2027,30,06-08-2026 09:00
MED0032,LOC0101,WH-K-006,B00322573,302,17-02-2028,100,06-08-2026 09:00
MED0045,LOC0101,WH-K-006,B00452633,9,25-09-2028,30,06-08-2026 09:00
MED0086,LOC0101,WH-K-006,B00862775,256,08-09-2027,30,06-08-2026 09:00
MED0004,LOC0101,WH-K-006,B00042826,280,21-09-2026,20,06-08-2026 09:00
MED0041,LOC0101,WH-K-006,B00412986,3355,16-12-2027,50,06-08-2026 09:00
MED0113,LOC0101,WH-K-006,B01133084,346,19-08-2027,20,06-08-2026 09:00
MED0088,LOC0101,WH-K-006,B00883111,510,26-11-2027,20,06-08-2026 09:00
MED0057,LOC0101,WH-K-006,B00573237,377,06-07-2027,30,06-08-2026 09:00
MED0019,LOC0101,WH-K-006,B00193386,635,25-09-2028,30,06-08-2026 09:00
MED0022,LOC0101,WH-K-006,B00223491,227,29-09-2027,50,06-08-2026 09:00
MED0104,LOC0102,WH-K-007,B01040122,0,06-01-2028,50,06-08-2026 09:00
MED0018,LOC0102,WH-K-007,B00180241,0,23-08-2028,100,06-08-2026 09:00
MED0068,LOC0102,WH-K-007,B00680320,231,16-03-2028,30,06-08-2026 09:00
MED0050,LOC0102,WH-K-007,B00500484,2238,11-05-2027,100,06-08-2026 09:00
MED0029,LOC0102,WH-K-007,B00290553,385,29-09-2026,50,06-08-2026 09:00
MED0006,LOC0102,WH-K-007,B00060618,693,22-03-2028,75,06-08-2026 09:00
MED0036,LOC0102,WH-K-007,B00360710,362,16-09-2027,100,06-08-2026 09:00
MED0003,LOC0102,WH-K-007,B00030839,636,30-03-2027,75,06-08-2026 09:00
MED0113,LOC0102,WH-K-007,B01130927,798,14-06-2027,20,06-08-2026 09:00
MED0078,LOC0102,WH-K-007,B00781069,3577,26-02-2028,30,06-08-2026 09:00
MED0056,LOC0102,WH-K-007,B00561166,291,27-08-2027,100,06-08-2026 09:00
MED0051,LOC0102,WH-K-007,B00511288,454,06-07-2026,50,06-08-2026 09:00
MED0024,LOC0102,WH-K-007,B00241399,361,25-07-2028,50,06-08-2026 09:00
MED0089,LOC0102,WH-K-007,B00891464,686,28-03-2028,20,06-08-2026 09:00
MED0080,LOC0102,WH-K-007,B00801594,348,18-08-2026,75,06-08-2026 09:00
MED0077,LOC0102,WH-K-007,B00771613,777,12-03-2027,75,06-08-2026 09:00
MED0012,LOC0102,WH-K-007,B00121751,88,28-08-2028,100,06-08-2026 09:00
MED0057,LOC0102,WH-K-007,B00571889,416,11-11-2028,75,06-08-2026 09:00
MED0021,LOC0102,WH-K-007,B00211960,251,14-08-2026,20,06-08-2026 09:00
MED0013,LOC0102,WH-K-007,B00132059,696,28-11-2026,75,06-08-2026 09:00
MED0063,LOC0102,WH-K-007,B00632129,209,22-03-2027,75,06-08-2026 09:00
MED0038,LOC0102,WH-K-007,B00382229,126,25-06-2028,30,06-08-2026 09:00
MED0096,LOC0102,WH-K-007,B00962346,387,16-04-2028,20,06-08-2026 09:00
MED0099,LOC0102,WH-K-007,B00992420,225,28-01-2027,100,06-08-2026 09:00
MED0106,LOC0102,WH-K-007,B01062515,620,26-11-2026,50,06-08-2026 09:00
MED0017,LOC0102,WH-K-007,B00172641,250,14-10-2027,20,06-08-2026 09:00
MED0004,LOC0102,WH-K-007,B00042741,578,05-04-2027,100,06-08-2026 09:00
MED0039,LOC0102,WH-K-007,B00392894,265,09-07-2028,20,06-08-2026 09:00
MED0098,LOC0102,WH-K-007,B00982971,389,13-03-2027,100,06-08-2026 09:00
MED0053,LOC0102,WH-K-007,B00533035,105,24-05-2028,100,06-08-2026 09:00
MED0060,LOC0102,WH-K-007,B00603136,583,28-08-2026,75,06-08-2026 09:00
MED0070,LOC0102,WH-K-007,B00703295,2386,24-08-2026,100,06-08-2026 09:00
MED0023,LOC0102,WH-K-007,B00233360,361,16-01-2028,20,06-08-2026 09:00
MED0016,LOC0102,WH-K-007,B00163457,455,17-06-2027,50,06-08-2026 09:00
MED0046,LOC0102,WH-K-007,B00463550,499,17-08-2027,20,06-08-2026 09:00
MED0031,LOC0102,WH-K-007,B00313696,254,13-11-2027,50,06-08-2026 09:00
MED0076,LOC0102,WH-K-007,B00763762,769,27-02-2028,75,06-08-2026 09:00
MED0082,LOC0102,WH-K-007,B00823830,523,14-01-2028,50,06-08-2026 09:00
MED0052,LOC0102,WH-K-007,B00523925,591,15-11-2027,30,06-08-2026 09:00
MED0049,LOC0102,WH-K-007,B00494062,640,07-08-2026,20,06-08-2026 09:00
MED0027,LOC0102,WH-K-007,B00274178,4324,01-12-2027,100,06-08-2026 09:00
MED0061,LOC0102,WH-K-007,B00614263,146,29-12-2026,50,06-08-2026 09:00
MED0001,LOC0102,WH-K-007,B00014386,427,06-05-2027,30,06-08-2026 09:00
MED0103,LOC0102,WH-K-007,B01034484,719,15-04-2026,30,06-08-2026 09:00
MED0110,LOC0102,WH-K-007,B01104526,275,17-01-2027,30,06-08-2026 09:00
MED0101,LOC0102,WH-K-007,B01014657,3790,06-09-2028,100,06-08-2026 09:00
MED0100,LOC0102,WH-K-007,B01004769,200,23-03-2028,20,06-08-2026 09:00
MED0005,LOC0102,WH-K-007,B00054895,706,20-10-2028,100,06-08-2026 09:00
MED0028,LOC0102,WH-K-007,B00284982,353,13-11-2028,20,06-08-2026 09:00
MED0081,LOC0102,WH-K-007,B00815047,140,19-04-2028,75,06-08-2026 09:00
MED0030,LOC0102,WH-K-007,B00305177,208,21-07-2028,20,06-08-2026 09:00
MED0093,LOC0102,WH-K-007,B00935241,3854,31-03-2027,30,06-08-2026 09:00
MED0011,LOC0102,WH-K-007,B00115317,748,14-10-2028,30,06-08-2026 09:00
MED0033,LOC0102,WH-K-007,B00335460,276,07-11-2028,100,06-08-2026 09:00
MED0107,LOC0102,WH-K-007,B01075535,747,13-12-2027,75,06-08-2026 09:00
MED0020,LOC0102,WH-K-007,B00205676,687,01-10-2026,75,06-08-2026 09:00
MED0035,LOC0102,WH-K-007,B00355729,115,15-08-2026,75,06-08-2026 09:00
MED0111,LOC0102,WH-K-007,B01115896,50,10-11-2028,20,06-08-2026 09:00
MED0085,LOC0102,WH-K-007,B00855942,274,28-09-2026,100,06-08-2026 09:00
MED0027,LOC0103,WH-K-008,B00270192,543,29-10-2028,50,06-08-2026 09:00
MED0114,LOC0103,WH-K-008,B01140275,49,23-04-2028,20,06-08-2026 09:00
MED0097,LOC0103,WH-K-008,B00970342,745,23-08-2027,100,06-08-2026 09:00
MED0028,LOC0103,WH-K-008,B00280454,2251,08-01-2027,20,06-08-2026 09:00
MED0055,LOC0103,WH-K-008,B00550537,521,07-10-2028,75,06-08-2026 09:00
MED0109,LOC0103,WH-K-008,B01090675,649,12-08-2027,50,06-08-2026 09:00
MED0058,LOC0103,WH-K-008,B00580716,469,04-04-2028,30,06-08-2026 09:00
MED0087,LOC0103,WH-K-008,B00870861,0,17-02-2027,30,06-08-2026 09:00
MED0074,LOC0103,WH-K-008,B00740972,390,24-02-2027,100,06-08-2026 09:00
MED0049,LOC0103,WH-K-008,B00491087,36,05-10-2026,75,06-08-2026 09:00
MED0003,LOC0103,WH-K-008,B00031123,473,06-09-2028,20,06-08-2026 09:00
MED0102,LOC0103,WH-K-008,B01021236,539,26-08-2028,75,06-08-2026 09:00
MED0066,LOC0103,WH-K-008,B00661376,446,30-08-2026,75,06-08-2026 09:00
MED0022,LOC0103,WH-K-008,B00221420,529,27-02-2027,75,06-08-2026 09:00
MED0089,LOC0103,WH-K-008,B00891576,394,19-06-2028,100,06-08-2026 09:00
MED0070,LOC0103,WH-K-008,B00701615,163,05-03-2028,30,06-08-2026 09:00
MED0078,LOC0103,WH-K-008,B00781736,340,06-05-2028,50,06-08-2026 09:00
MED0052,LOC0103,WH-K-008,B00521885,365,11-01-2027,50,06-08-2026 09:00
MED0064,LOC0103,WH-K-008,B00641957,450,15-05-2028,50,06-08-2026 09:00
MED0093,LOC0103,WH-K-008,B00932093,245,18-06-2028,30,06-08-2026 09:00
MED0082,LOC0103,WH-K-008,B00822159,521,16-04-2027,100,06-08-2026 09:00
MED0011,LOC0103,WH-K-008,B00112299,96,07-01-2029,75,06-08-2026 09:00
MED0090,LOC0103,WH-K-008,B00902379,44,28-08-2026,75,06-08-2026 09:00
MED0113,LOC0103,WH-K-008,B01132436,438,15-07-2028,50,06-08-2026 09:00
MED0105,LOC0103,WH-K-008,B01052575,795,08-04-2027,20,06-08-2026 09:00
MED0002,LOC0103,WH-K-008,B00022659,473,15-12-2028,50,06-08-2026 09:00
MED0043,LOC0103,WH-K-008,B00432718,662,24-09-2027,75,06-08-2026 09:00
MED0094,LOC0103,WH-K-008,B00942826,727,27-08-2026,50,06-08-2026 09:00
MED0033,LOC0103,WH-K-008,B00332910,307,06-07-2027,100,06-08-2026 09:00
MED0098,LOC0103,WH-K-008,B00983078,195,11-11-2026,100,06-08-2026 09:00
MED0037,LOC0103,WH-K-008,B00373191,128,12-11-2026,100,06-08-2026 09:00
MED0056,LOC0103,WH-K-008,B00563231,229,05-11-2028,75,06-08-2026 09:00
MED0077,LOC0103,WH-K-008,B00773324,480,07-12-2028,75,06-08-2026 09:00
MED0018,LOC0103,WH-K-008,B00183426,513,26-09-2027,20,06-08-2026 09:00
MED0004,LOC0103,WH-K-008,B00043587,399,10-01-2029,75,06-08-2026 09:00
MED0072,LOC0103,WH-K-008,B00723619,0,02-04-2027,20,06-08-2026 09:00
MED0048,LOC0103,WH-K-008,B00483734,733,28-03-2027,20,06-08-2026 09:00
MED0054,LOC0103,WH-K-008,B00543816,500,28-09-2028,50,06-08-2026 09:00
MED0036,LOC0103,WH-K-008,B00363994,495,12-10-2028,50,06-08-2026 09:00
MED0073,LOC0103,WH-K-008,B00734064,96,14-01-2029,75,06-08-2026 09:00
MED0007,LOC0103,WH-K-008,B00074158,596,22-02-2027,20,06-08-2026 09:00
MED0015,LOC0103,WH-K-008,B00154261,444,17-12-2027,50,06-08-2026 09:00
MED0025,LOC0103,WH-K-008,B00254397,41,13-11-2028,75,06-08-2026 09:00
MED0019,LOC0103,WH-K-008,B00194444,240,09-01-2029,75,06-08-2026 09:00
MED0034,LOC0103,WH-K-008,B00344530,0,08-04-2027,20,06-08-2026 09:00
MED0085,LOC0103,WH-K-008,B00854656,690,02-11-2028,50,06-08-2026 09:00
MED0012,LOC0103,WH-K-008,B00124733,639,15-10-2028,30,06-08-2026 09:00
MED0111,LOC0103,WH-K-008,B01114841,593,23-08-2026,30,06-08-2026 09:00
MED0069,LOC0103,WH-K-008,B00694946,469,09-02-2026,100,06-08-2026 09:00
MED0106,LOC0103,WH-K-008,B01065052,431,14-08-2026,75,06-08-2026 09:00
MED0001,LOC0103,WH-K-008,B00015152,600,04-10-2026,75,06-08-2026 09:00
MED0005,LOC0103,WH-K-008,B00055229,98,26-04-2026,20,06-08-2026 09:00
MED0065,LOC0103,WH-K-008,B00655361,0,21-03-2027,75,06-08-2026 09:00
MED0108,LOC0103,WH-K-008,B01085469,734,29-07-2027,50,06-08-2026 09:00
MED0101,LOC0103,WH-K-008,B01015538,569,31-05-2027,50,06-08-2026 09:00
MED0071,LOC0103,WH-K-008,B00715672,512,05-11-2027,50,06-08-2026 09:00
MED0026,LOC0103,WH-K-008,B00265770,110,21-12-2027,20,06-08-2026 09:00
MED0008,LOC0103,WH-K-008,B00085874,3032,31-10-2028,100,06-08-2026 09:00
MED0031,LOC0103,WH-K-008,B00315940,396,29-09-2028,75,06-08-2026 09:00
MED0003,LOC0104,WH-K-009,B00030112,4730,20-01-2029,20,06-08-2026 09:00
MED0113,LOC0104,WH-K-009,B01130245,2098,16-10-2027,50,06-08-2026 09:00
MED0027,LOC0104,WH-K-009,B00270393,507,19-12-2027,30,06-08-2026 09:00
MED0012,LOC0104,WH-K-009,B00120440,660,25-05-2027,30,06-08-2026 09:00
MED0064,LOC0104,WH-K-009,B00640586,671,29-11-2027,50,06-08-2026 09:00
MED0089,LOC0104,WH-K-009,B00890614,91,01-01-2027,30,06-08-2026 09:00
MED0018,LOC0104,WH-K-009,B00180740,0,28-06-2028,100,06-08-2026 09:00
MED0105,LOC0104,WH-K-009,B01050849,533,07-08-2026,20,06-08-2026 09:00
MED0085,LOC0104,WH-K-009,B00850952,177,28-06-2027,100,06-08-2026 09:00
MED0053,LOC0104,WH-K-009,B00531033,4227,10-07-2028,50,06-08-2026 09:00
MED0055,LOC0104,WH-K-009,B00551143,636,24-12-2026,100,06-08-2026 09:00
MED0047,LOC0104,WH-K-009,B00471263,427,10-07-2027,30,06-08-2026 09:00
MED0019,LOC0104,WH-K-009,B00191327,658,15-07-2026,75,06-08-2026 09:00
MED0100,LOC0104,WH-K-009,B01001483,439,27-10-2027,30,06-08-2026 09:00
MED0067,LOC0104,WH-K-009,B00671568,714,30-12-2028,50,06-08-2026 09:00
MED0102,LOC0104,WH-K-009,B01021614,735,02-02-2027,20,06-08-2026 09:00
MED0040,LOC0104,WH-K-009,B00401741,217,02-12-2028,50,06-08-2026 09:00
MED0051,LOC0104,WH-K-009,B00511887,443,30-05-2027,20,06-08-2026 09:00
MED0069,LOC0104,WH-K-009,B00691981,297,08-02-2027,75,06-08-2026 09:00
MED0043,LOC0104,WH-K-009,B00432064,764,17-09-2028,100,06-08-2026 09:00
MED0034,LOC0104,WH-K-009,B00342192,417,03-11-2027,100,06-08-2026 09:00
MED0076,LOC0104,WH-K-009,B00762264,106,15-03-2028,20,06-08-2026 09:00
MED0022,LOC0104,WH-K-009,B00222360,100,08-03-2028,75,06-08-2026 09:00
MED0110,LOC0104,WH-K-009,B01102462,555,13-06-2027,30,06-08-2026 09:00
MED0086,LOC0104,WH-K-009,B00862555,538,16-09-2028,30,06-08-2026 09:00
MED0017,LOC0104,WH-K-009,B00172691,4681,06-01-2029,20,06-08-2026 09:00
MED0038,LOC0104,WH-K-009,B00382733,411,15-04-2027,30,06-08-2026 09:00
MED0001,LOC0104,WH-K-009,B00012875,454,11-10-2028,75,06-08-2026 09:00
MED0006,LOC0104,WH-K-009,B00062960,704,24-08-2028,20,06-08-2026 09:00
MED0005,LOC0104,WH-K-009,B00053092,332,20-05-2028,20,06-08-2026 09:00
MED0099,LOC0104,WH-K-009,B00993110,731,19-07-2028,100,06-08-2026 09:00
MED0114,LOC0104,WH-K-009,B01143282,597,25-09-2027,75,06-08-2026 09:00
MED0070,LOC0104,WH-K-009,B00703371,3324,06-03-2028,100,06-08-2026 09:00
MED0097,LOC0104,WH-K-009,B00973458,330,25-03-2028,75,06-08-2026 09:00
MED0004,LOC0105,WH-K-010,B00040144,0,30-07-2027,20,06-08-2026 09:00
MED0071,LOC0105,WH-K-010,B00710281,185,04-02-2028,100,06-08-2026 09:00
MED0108,LOC0105,WH-K-010,B01080339,474,06-08-2028,75,06-08-2026 09:00
MED0025,LOC0105,WH-K-010,B00250423,603,10-03-2027,20,06-08-2026 09:00
MED0072,LOC0105,WH-K-010,B00720560,13,08-09-2026,30,06-08-2026 09:00
MED0048,LOC0105,WH-K-010,B00480661,175,27-11-2026,20,06-08-2026 09:00
MED0095,LOC0105,WH-K-010,B00950762,185,16-05-2027,100,06-08-2026 09:00
MED0069,LOC0105,WH-K-010,B00690859,121,20-11-2026,100,06-08-2026 09:00
MED0114,LOC0105,WH-K-010,B01140991,13,28-03-2028,30,06-08-2026 09:00
MED0041,LOC0105,WH-K-010,B00411032,0,23-08-2026,30,06-08-2026 09:00
MED0106,LOC0105,WH-K-010,B01061183,433,20-09-2026,75,06-08-2026 09:00
MED0010,LOC0105,WH-K-010,B00101291,480,25-11-2028,75,06-08-2026 09:00
MED0091,LOC0105,WH-K-010,B00911398,714,24-03-2028,50,06-08-2026 09:00
MED0038,LOC0105,WH-K-010,B00381494,780,09-12-2027,20,06-08-2026 09:00
MED0016,LOC0105,WH-K-010,B00161542,417,25-03-2028,100,06-08-2026 09:00
MED0099,LOC0105,WH-K-010,B00991636,555,19-01-2029,20,06-08-2026 09:00
MED0057,LOC0105,WH-K-010,B00571742,259,16-06-2027,50,06-08-2026 09:00
MED0014,LOC0105,WH-K-010,B00141880,287,17-01-2028,50,06-08-2026 09:00
MED0050,LOC0105,WH-K-010,B00501935,428,13-04-2028,100,06-08-2026 09:00
MED0043,LOC0105,WH-K-010,B00432094,303,26-06-2027,50,06-08-2026 09:00
MED0062,LOC0105,WH-K-010,B00622173,439,04-01-2028,50,06-08-2026 09:00
MED0113,LOC0105,WH-K-010,B01132250,401,17-04-2028,30,06-08-2026 09:00
MED0075,LOC0105,WH-K-010,B00752356,678,02-03-2028,30,06-08-2026 09:00
MED0111,LOC0105,WH-K-010,B01112441,520,28-08-2027,100,06-08-2026 09:00
MED0074,LOC0105,WH-K-010,B00742581,666,20-07-2028,30,06-08-2026 09:00
MED0009,LOC0105,WH-K-010,B00092665,664,11-07-2027,30,06-08-2026 09:00
MED0018,LOC0105,WH-K-010,B00182749,548,30-07-2026,100,06-08-2026 09:00
MED0076,LOC0105,WH-K-010,B00762886,369,06-12-2026,50,06-08-2026 09:00
MED0046,LOC0105,WH-K-010,B00462911,410,23-11-2028,30,06-08-2026 09:00
MED0051,LOC0105,WH-K-010,B00513087,287,19-12-2028,20,06-08-2026 09:00
MED0045,LOC0105,WH-K-010,B00453172,713,24-06-2027,30,06-08-2026 09:00
MED0012,LOC0105,WH-K-010,B00123254,604,15-08-2028,30,06-08-2026 09:00
MED0107,LOC0105,WH-K-010,B01073352,29,15-08-2026,20,06-08-2026 09:00
MED0082,LOC0105,WH-K-010,B00823426,112,26-09-2028,100,06-08-2026 09:00
MED0098,LOC0105,WH-K-010,B00983581,351,19-06-2026,20,06-08-2026 09:00
MED0011,LOC0105,WH-K-010,B00113627,351,09-01-2027,20,06-08-2026 09:00
MED0015,LOC0105,WH-K-010,B00153797,790,22-09-2028,75,06-08-2026 09:00
MED0040,LOC0105,WH-K-010,B00403852,768,19-12-2028,30,06-08-2026 09:00
MED0068,LOC0105,WH-K-010,B00683924,4955,14-02-2027,30,06-08-2026 09:00
MED0055,LOC0105,WH-K-010,B00554031,361,12-08-2027,30,06-08-2026 09:00
MED0006,LOC0105,WH-K-010,B00064180,471,05-04-2027,75,06-08-2026 09:00
MED0008,LOC0105,WH-K-010,B00084254,389,17-09-2028,75,06-08-2026 09:00
MED0047,LOC0105,WH-K-010,B00474377,536,20-06-2027,20,06-08-2026 09:00
MED0071,LOC0106,WH-K-011,B00710127,452,09-02-2027,75,06-08-2026 09:00
MED0092,LOC0106,WH-K-011,B00920231,487,11-01-2028,20,06-08-2026 09:00
MED0087,LOC0106,WH-K-011,B00870313,103,12-01-2028,75,06-08-2026 09:00
MED0045,LOC0106,WH-K-011,B00450493,121,14-01-2029,100,06-08-2026 09:00
MED0111,LOC0106,WH-K-011,B01110564,14,03-01-2027,75,06-08-2026 09:00
MED0038,LOC0106,WH-K-011,B00380612,617,08-07-2027,100,06-08-2026 09:00
MED0044,LOC0106,WH-K-011,B00440765,612,18-01-2027,30,06-08-2026 09:00
MED0011,LOC0106,WH-K-011,B00110852,318,02-11-2028,75,06-08-2026 09:00
MED0034,LOC0106,WH-K-011,B00340926,552,28-09-2026,100,06-08-2026 09:00
MED0081,LOC0106,WH-K-011,B00811037,692,30-04-2027,75,06-08-2026 09:00
MED0097,LOC0106,WH-K-011,B00971177,794,26-05-2028,50,06-08-2026 09:00
MED0056,LOC0106,WH-K-011,B00561294,352,04-02-2027,20,06-08-2026 09:00
MED0006,LOC0106,WH-K-011,B00061341,58,14-09-2026,50,06-08-2026 09:00
MED0078,LOC0106,WH-K-011,B00781480,47,01-04-2027,75,06-08-2026 09:00
MED0105,LOC0106,WH-K-011,B01051526,243,23-08-2026,30,06-08-2026 09:00
MED0107,LOC0106,WH-K-011,B01071633,379,24-02-2028,75,06-08-2026 09:00
MED0075,LOC0106,WH-K-011,B00751785,112,30-08-2027,100,06-08-2026 09:00
MED0030,LOC0106,WH-K-011,B00301876,643,30-01-2027,20,06-08-2026 09:00
MED0042,LOC0106,WH-K-011,B00421957,254,25-07-2028,30,06-08-2026 09:00
MED0013,LOC0106,WH-K-011,B00132093,86,06-10-2028,30,06-08-2026 09:00
MED0099,LOC0106,WH-K-011,B00992196,599,05-03-2027,30,06-08-2026 09:00
MED0062,LOC0106,WH-K-011,B00622224,417,13-09-2026,20,06-08-2026 09:00
MED0086,LOC0106,WH-K-011,B00862318,399,17-10-2027,75,06-08-2026 09:00
MED0039,LOC0106,WH-K-011,B00392428,165,15-01-2028,75,06-08-2026 09:00
MED0110,LOC0106,WH-K-011,B01102539,2219,18-03-2028,100,06-08-2026 09:00
MED0046,LOC0106,WH-K-011,B00462660,100,14-07-2027,100,06-08-2026 09:00
MED0041,LOC0106,WH-K-011,B00412768,329,29-09-2028,100,06-08-2026 09:00
MED0029,LOC0106,WH-K-011,B00292827,116,06-11-2027,75,06-08-2026 09:00
MED0059,LOC0106,WH-K-011,B00592992,462,30-01-2028,100,06-08-2026 09:00
MED0005,LOC0106,WH-K-011,B00053020,609,19-11-2028,50,06-08-2026 09:00
MED0054,LOC0106,WH-K-011,B00543116,57,25-09-2027,50,06-08-2026 09:00
MED0018,LOC0106,WH-K-011,B00183258,181,21-02-2026,20,06-08-2026 09:00
MED0061,LOC0106,WH-K-011,B00613337,506,09-12-2026,100,06-08-2026 09:00
MED0024,LOC0106,WH-K-011,B00243474,56,23-09-2027,50,06-08-2026 09:00
MED0070,LOC0106,WH-K-011,B00703516,406,20-02-2026,75,06-08-2026 09:00
MED0014,LOC0106,WH-K-011,B00143636,0,19-01-2029,50,06-08-2026 09:00
MED0084,LOC0106,WH-K-011,B00843748,706,26-10-2027,50,06-08-2026 09:00
MED0069,LOC0107,WH-K-012,B00690194,2,10-09-2026,50,06-08-2026 09:00
MED0092,LOC0107,WH-K-012,B00920280,241,01-01-2029,100,06-08-2026 09:00
MED0093,LOC0107,WH-K-012,B00930359,78,22-09-2028,30,06-08-2026 09:00
MED0019,LOC0107,WH-K-012,B00190411,4609,03-01-2028,100,06-08-2026 09:00
MED0031,LOC0107,WH-K-012,B00310593,692,31-01-2027,30,06-08-2026 09:00
MED0101,LOC0107,WH-K-012,B01010669,755,16-11-2026,75,06-08-2026 09:00
MED0055,LOC0107,WH-K-012,B00550771,313,16-01-2028,100,06-08-2026 09:00
MED0070,LOC0107,WH-K-012,B00700820,0,03-07-2026,30,06-08-2026 09:00
MED0065,LOC0107,WH-K-012,B00650911,102,03-03-2028,50,06-08-2026 09:00
MED0013,LOC0107,WH-K-012,B00131013,2988,12-11-2027,75,06-08-2026 09:00
MED0006,LOC0107,WH-K-012,B00061168,328,20-08-2026,100,06-08-2026 09:00
MED0010,LOC0107,WH-K-012,B00101284,82,11-01-2029,20,06-08-2026 09:00
MED0032,LOC0107,WH-K-012,B00321356,658,27-07-2027,20,06-08-2026 09:00
MED0071,LOC0107,WH-K-012,B00711453,145,22-10-2027,75,06-08-2026 09:00
MED0086,LOC0107,WH-K-012,B00861573,614,16-01-2028,75,06-08-2026 09:00
MED0017,LOC0107,WH-K-012,B00171698,456,03-03-2027,20,06-08-2026 09:00
MED0058,LOC0107,WH-K-012,B00581740,768,03-09-2026,100,06-08-2026 09:00
MED0023,LOC0107,WH-K-012,B00231858,109,01-09-2026,100,06-08-2026 09:00
MED0103,LOC0107,WH-K-012,B01031936,25,24-03-2028,75,06-08-2026 09:00
MED0007,LOC0107,WH-K-012,B00072071,4230,24-04-2028,75,06-08-2026 09:00
MED0041,LOC0107,WH-K-012,B00412137,47,27-03-2027,50,06-08-2026 09:00
MED0105,LOC0107,WH-K-012,B01052260,70,18-01-2029,50,06-08-2026 09:00
MED0102,LOC0107,WH-K-012,B01022310,434,15-06-2027,75,06-08-2026 09:00
MED0113,LOC0107,WH-K-012,B01132463,113,05-09-2026,50,06-08-2026 09:00
MED0036,LOC0107,WH-K-012,B00362557,178,16-02-2027,20,06-08-2026 09:00
MED0049,LOC0107,WH-K-012,B00492678,232,01-09-2026,30,06-08-2026 09:00
MED0008,LOC0107,WH-K-012,B00082742,425,01-12-2026,75,06-08-2026 09:00
MED0112,LOC0107,WH-K-012,B01122885,551,05-12-2027,75,06-08-2026 09:00
MED0107,LOC0107,WH-K-012,B01072981,22,21-05-2028,100,06-08-2026 09:00
MED0001,LOC0108,WH-K-013,B00010175,4225,15-03-2027,100,06-08-2026 09:00
MED0004,LOC0108,WH-K-013,B00040221,127,24-11-2026,30,06-08-2026 09:00
MED0036,LOC0108,WH-K-013,B00360393,4852,19-12-2027,100,06-08-2026 09:00
MED0070,LOC0108,WH-K-013,B00700477,491,05-02-2028,20,06-08-2026 09:00
MED0029,LOC0108,WH-K-013,B00290583,744,20-07-2027,100,06-08-2026 09:00
MED0063,LOC0108,WH-K-013,B00630686,595,04-08-2028,75,06-08-2026 09:00
MED0088,LOC0108,WH-K-013,B00880724,138,14-08-2026,20,06-08-2026 09:00
MED0078,LOC0108,WH-K-013,B00780855,419,05-01-2028,50,06-08-2026 09:00
MED0083,LOC0108,WH-K-013,B00830923,566,12-09-2028,100,06-08-2026 09:00
MED0030,LOC0108,WH-K-013,B00301050,504,05-10-2028,20,06-08-2026 09:00
MED0052,LOC0108,WH-K-013,B00521122,96,27-05-2027,75,06-08-2026 09:00
MED0094,LOC0108,WH-K-013,B00941232,375,06-02-2028,30,06-08-2026 09:00
MED0105,LOC0108,WH-K-013,B01051337,4444,29-12-2027,75,06-08-2026 09:00
MED0089,LOC0108,WH-K-013,B00891437,519,12-09-2026,75,06-08-2026 09:00
MED0011,LOC0108,WH-K-013,B00111584,727,20-06-2028,100,06-08-2026 09:00
MED0098,LOC0108,WH-K-013,B00981636,170,28-02-2027,20,06-08-2026 09:00
MED0045,LOC0108,WH-K-013,B00451734,436,26-10-2027,20,06-08-2026 09:00
MED0074,LOC0108,WH-K-013,B00741834,2908,11-10-2028,30,06-08-2026 09:00
MED0024,LOC0108,WH-K-013,B00241977,247,15-09-2026,75,06-08-2026 09:00
MED0019,LOC0108,WH-K-013,B00192049,37,20-12-2026,50,06-08-2026 09:00
MED0091,LOC0108,WH-K-013,B00912186,248,20-04-2027,100,06-08-2026 09:00
MED0077,LOC0108,WH-K-013,B00772274,380,10-10-2027,50,06-08-2026 09:00
MED0015,LOC0108,WH-K-013,B00152397,431,02-07-2027,30,06-08-2026 09:00
MED0085,LOC0108,WH-K-013,B00852429,561,10-03-2027,100,06-08-2026 09:00
MED0106,LOC0108,WH-K-013,B01062529,750,12-08-2028,75,06-08-2026 09:00
MED0022,LOC0108,WH-K-013,B00222623,795,20-10-2027,30,06-08-2026 09:00
MED0062,LOC0108,WH-K-013,B00622733,71,21-10-2028,75,06-08-2026 09:00
MED0008,LOC0108,WH-K-013,B00082873,68,22-07-2027,50,06-08-2026 09:00
MED0050,LOC0108,WH-K-013,B00502934,108,09-05-2027,75,06-08-2026 09:00
MED0043,LOC0108,WH-K-013,B00433039,124,13-12-2027,75,06-08-2026 09:00
MED0093,LOC0108,WH-K-013,B00933181,366,04-06-2027,100,06-08-2026 09:00
MED0110,LOC0108,WH-K-013,B01103216,96,14-06-2027,50,06-08-2026 09:00
MED0112,LOC0108,WH-K-013,B01123361,790,08-07-2028,100,06-08-2026 09:00
MED0009,LOC0108,WH-K-013,B00093415,345,01-08-2028,100,06-08-2026 09:00
MED0006,LOC0108,WH-K-013,B00063584,677,19-01-2029,100,06-08-2026 09:00
MED0034,LOC0108,WH-K-013,B00343614,644,19-11-2028,100,06-08-2026 09:00
MED0007,LOC0108,WH-K-013,B00073799,625,03-05-2027,100,06-08-2026 09:00
MED0049,LOC0108,WH-K-013,B00493852,651,15-05-2027,20,06-08-2026 09:00
MED0095,LOC0108,WH-K-013,B00953936,520,02-10-2026,20,06-08-2026 09:00
MED0080,LOC0109,WH-K-014,B00800147,102,17-09-2027,20,06-08-2026 09:00
MED0061,LOC0109,WH-K-014,B00610229,779,08-08-2027,50,06-08-2026 09:00
MED0025,LOC0109,WH-K-014,B00250357,286,15-12-2028,20,06-08-2026 09:00
MED0055,LOC0109,WH-K-014,B00550499,315,29-10-2027,20,06-08-2026 09:00
MED0058,LOC0109,WH-K-014,B00580553,4108,09-01-2027,20,06-08-2026 09:00
MED0004,LOC0109,WH-K-014,B00040646,8,15-06-2028,75,06-08-2026 09:00
MED0062,LOC0109,WH-K-014,B00620789,359,09-05-2028,20,06-08-2026 09:00
MED0089,LOC0109,WH-K-014,B00890891,478,18-05-2026,20,06-08-2026 09:00
MED0018,LOC0109,WH-K-014,B00180991,332,04-10-2028,30,06-08-2026 09:00
MED0016,LOC0109,WH-K-014,B00161059,0,06-05-2027,100,06-08-2026 09:00
MED0108,LOC0109,WH-K-014,B01081135,798,17-09-2026,20,06-08-2026 09:00
MED0085,LOC0109,WH-K-014,B00851283,631,10-12-2028,50,06-08-2026 09:00
MED0029,LOC0109,WH-K-014,B00291340,36,01-05-2027,100,06-08-2026 09:00
MED0091,LOC0109,WH-K-014,B00911464,390,13-09-2028,75,06-08-2026 09:00
MED0038,LOC0109,WH-K-014,B00381539,171,01-07-2027,100,06-08-2026 09:00
MED0002,LOC0109,WH-K-014,B00021690,582,09-01-2027,100,06-08-2026 09:00
MED0101,LOC0109,WH-K-014,B01011789,196,20-11-2026,100,06-08-2026 09:00
MED0024,LOC0109,WH-K-014,B00241890,312,17-09-2026,30,06-08-2026 09:00
MED0040,LOC0109,WH-K-014,B00401975,387,04-05-2027,30,06-08-2026 09:00
MED0017,LOC0109,WH-K-014,B00172096,195,07-09-2027,30,06-08-2026 09:00
MED0084,LOC0109,WH-K-014,B00842136,235,25-07-2027,100,06-08-2026 09:00
MED0022,LOC0109,WH-K-014,B00222288,755,24-01-2028,75,06-08-2026 09:00
MED0083,LOC0109,WH-K-014,B00832346,519,09-11-2027,50,06-08-2026 09:00
MED0093,LOC0109,WH-K-014,B00932489,744,01-12-2027,30,06-08-2026 09:00
MED0035,LOC0109,WH-K-014,B00352536,351,29-05-2026,30,06-08-2026 09:00
MED0013,LOC0109,WH-K-014,B00132630,22,25-10-2027,50,06-08-2026 09:00
MED0079,LOC0109,WH-K-014,B00792787,535,21-11-2027,100,06-08-2026 09:00
MED0068,LOC0109,WH-K-014,B00682841,491,12-11-2026,50,06-08-2026 09:00
MED0030,LOC0109,WH-K-014,B00302946,619,10-01-2028,100,06-08-2026 09:00
MED0008,LOC0109,WH-K-014,B00083070,615,01-10-2026,50,06-08-2026 09:00
MED0053,LOC0109,WH-K-014,B00533176,264,19-05-2028,75,06-08-2026 09:00
MED0032,LOC0109,WH-K-014,B00323253,0,28-06-2028,30,06-08-2026 09:00
MED0097,LOC0109,WH-K-014,B00973345,4083,09-06-2027,50,06-08-2026 09:00
MED0031,LOC0109,WH-K-014,B00313458,625,16-09-2028,50,06-08-2026 09:00
MED0056,LOC0109,WH-K-014,B00563588,440,08-05-2028,100,06-08-2026 09:00
MED0041,LOC0109,WH-K-014,B00413668,16,21-02-2027,100,06-08-2026 09:00
MED0096,LOC0109,WH-K-014,B00963743,443,30-01-2027,20,06-08-2026 09:00
MED0099,LOC0109,WH-K-014,B00993837,84,24-09-2026,100,06-08-2026 09:00
MED0034,LOC0110,WH-K-015,B00340199,445,29-09-2026,30,06-08-2026 09:00
MED0102,LOC0110,WH-K-015,B01020248,339,11-03-2027,100,06-08-2026 09:00
MED0092,LOC0110,WH-K-015,B00920397,338,01-10-2026,20,06-08-2026 09:00
MED0058,LOC0110,WH-K-015,B00580432,722,16-01-2028,30,06-08-2026 09:00
MED0014,LOC0110,WH-K-015,B00140519,308,20-01-2029,75,06-08-2026 09:00
MED0044,LOC0110,WH-K-015,B00440683,255,25-08-2027,75,06-08-2026 09:00
MED0051,LOC0110,WH-K-015,B00510795,416,27-12-2026,30,06-08-2026 09:00
MED0062,LOC0110,WH-K-015,B00620820,524,23-11-2026,75,06-08-2026 09:00
MED0046,LOC0110,WH-K-015,B00460983,782,11-09-2026,20,06-08-2026 09:00
MED0054,LOC0110,WH-K-015,B00541093,86,21-07-2028,75,06-08-2026 09:00
MED0056,LOC0110,WH-K-015,B00561157,0,02-04-2028,30,06-08-2026 09:00
MED0094,LOC0110,WH-K-015,B00941277,725,28-10-2027,30,06-08-2026 09:00
MED0042,LOC0110,WH-K-015,B00421351,49,05-12-2027,75,06-08-2026 09:00
MED0001,LOC0110,WH-K-015,B00011442,198,12-06-2027,75,06-08-2026 09:00
MED0084,LOC0110,WH-K-015,B00841561,216,26-07-2027,50,06-08-2026 09:00
MED0109,LOC0110,WH-K-015,B01091641,386,08-11-2028,100,06-08-2026 09:00
MED0010,LOC0110,WH-K-015,B00101735,2294,07-04-2027,30,06-08-2026 09:00
MED0070,LOC0110,WH-K-015,B00701816,695,06-03-2028,30,06-08-2026 09:00
MED0103,LOC0110,WH-K-015,B01031945,127,08-09-2027,75,06-08-2026 09:00
MED0065,LOC0110,WH-K-015,B00652027,438,01-01-2028,50,06-08-2026 09:00
MED0055,LOC0110,WH-K-015,B00552199,401,20-09-2027,75,06-08-2026 09:00
MED0003,LOC0110,WH-K-015,B00032272,567,15-07-2028,20,06-08-2026 09:00
MED0088,LOC0110,WH-K-015,B00882388,507,22-11-2027,75,06-08-2026 09:00
MED0013,LOC0110,WH-K-015,B00132474,665,23-08-2027,50,06-08-2026 09:00
MED0050,LOC0110,WH-K-015,B00502568,3450,03-02-2028,50,06-08-2026 09:00
MED0063,LOC0110,WH-K-015,B00632640,28,14-01-2029,50,06-08-2026 09:00
MED0085,LOC0110,WH-K-015,B00852713,429,19-08-2027,75,06-08-2026 09:00
MED0038,LOC0110,WH-K-015,B00382863,23,09-03-2028,50,06-08-2026 09:00
MED0114,LOC0110,WH-K-015,B01142935,315,29-10-2027,75,06-08-2026 09:00
MED0073,LOC0110,WH-K-015,B00733036,3298,27-12-2028,50,06-08-2026 09:00
MED0024,LOC0110,WH-K-015,B00243114,0,19-01-2029,30,06-08-2026 09:00
MED0027,LOC0110,WH-K-015,B00273257,284,27-12-2027,20,06-08-2026 09:00
MED0037,LOC0110,WH-K-015,B00373347,518,05-12-2028,75,06-08-2026 09:00
MED0083,LOC0110,WH-K-015,B00833493,537,11-10-2027,50,06-08-2026 09:00
MED0048,LOC0110,WH-K-015,B00483596,350,28-05-2027,75,06-08-2026 09:00
MED0079,LOC0110,WH-K-015,B00793697,440,11-08-2028,30,06-08-2026 09:00
MED0104,LOC0110,WH-K-015,B01043783,37,03-12-2026,20,06-08-2026 09:00
MED0074,LOC0110,WH-K-015,B00743895,3005,24-06-2028,20,06-08-2026 09:00
MED0067,LOC0110,WH-K-015,B00673986,79,20-09-2026,50,06-08-2026 09:00
MED0113,LOC0110,WH-K-015,B01134020,753,21-09-2027,100,06-08-2026 09:00
MED0093,LOC0110,WH-K-015,B00934137,699,01-04-2028,20,06-08-2026 09:00
MED0036,LOC0110,WH-K-015,B00364249,283,21-01-2027,75,06-08-2026 09:00
MED0075,LOC0110,WH-K-015,B00754392,435,09-04-2028,50,06-08-2026 09:00
MED0077,LOC0110,WH-K-015,B00774484,684,09-04-2026,75,06-08-2026 09:00
MED0043,LOC0110,WH-K-015,B00434580,666,01-12-2027,75,06-08-2026 09:00
MED0053,LOC0110,WH-K-015,B00534627,16,02-11-2028,30,06-08-2026 09:00
MED0069,LOC0110,WH-K-015,B00694777,614,21-11-2026,50,06-08-2026 09:00
MED0030,LOC0110,WH-K-015,B00304898,4942,30-06-2027,100,06-08-2026 09:00
MED0089,LOC0110,WH-K-015,B00894933,0,25-10-2028,30,06-08-2026 09:00
MED0099,LOC0110,WH-K-015,B00995045,292,23-09-2027,75,06-08-2026 09:00
MED0040,LOC0110,WH-K-015,B00405129,638,01-05-2027,75,06-08-2026 09:00
MED0071,LOC0110,WH-K-015,B00715221,363,02-10-2026,20,06-08-2026 09:00
MED0009,LOC0110,WH-K-015,B00095367,33,14-09-2027,100,06-08-2026 09:00
MED0068,LOC0110,WH-K-015,B00685468,604,21-07-2027,30,06-08-2026 09:00
MED0106,LOC0110,WH-K-015,B01065526,267,09-09-2027,100,06-08-2026 09:00
MED0080,LOC0110,WH-K-015,B00805612,620,17-02-2027,20,06-08-2026 09:00
MED0111,LOC0110,WH-K-015,B01115792,231,10-03-2028,30,06-08-2026 09:00
MED0017,LOC0110,WH-K-015,B00175897,84,08-12-2028,30,06-08-2026 09:00
MED0053,LOC0111,WH-K-016,B00530122,182,02-06-2027,50,06-08-2026 09:00
MED0040,LOC0111,WH-K-016,B00400221,545,11-06-2028,100,06-08-2026 09:00
MED0111,LOC0111,WH-K-016,B01110335,783,22-07-2026,100,06-08-2026 09:00
MED0112,LOC0111,WH-K-016,B01120443,3057,16-05-2027,100,06-08-2026 09:00
MED0064,LOC0111,WH-K-016,B00640523,177,13-04-2027,30,06-08-2026 09:00
MED0062,LOC0111,WH-K-016,B00620616,588,09-07-2027,100,06-08-2026 09:00
MED0039,LOC0111,WH-K-016,B00390750,104,14-04-2028,100,06-08-2026 09:00
MED0013,LOC0111,WH-K-016,B00130847,197,01-02-2027,30,06-08-2026 09:00
MED0027,LOC0111,WH-K-016,B00270992,3021,02-10-2026,75,06-08-2026 09:00
MED0012,LOC0111,WH-K-016,B00121038,55,28-09-2027,50,06-08-2026 09:00
MED0106,LOC0111,WH-K-016,B01061166,314,07-02-2028,20,06-08-2026 09:00
MED0047,LOC0111,WH-K-016,B00471288,4917,10-08-2026,100,06-08-2026 09:00
MED0010,LOC0111,WH-K-016,B00101350,562,29-12-2028,75,06-08-2026 09:00
MED0065,LOC0111,WH-K-016,B00651440,759,20-01-2028,50,06-08-2026 09:00
MED0087,LOC0111,WH-K-016,B00871533,310,11-09-2026,50,06-08-2026 09:00
MED0025,LOC0111,WH-K-016,B00251686,144,24-07-2028,100,06-08-2026 09:00
MED0002,LOC0111,WH-K-016,B00021720,56,04-10-2028,50,06-08-2026 09:00
MED0019,LOC0111,WH-K-016,B00191898,105,10-07-2026,100,06-08-2026 09:00
MED0046,LOC0111,WH-K-016,B00461912,389,07-02-2027,75,06-08-2026 09:00
MED0066,LOC0111,WH-K-016,B00662026,719,16-08-2028,20,06-08-2026 09:00
MED0048,LOC0111,WH-K-016,B00482161,137,10-03-2027,30,06-08-2026 09:00
MED0026,LOC0111,WH-K-016,B00262297,515,08-04-2027,100,06-08-2026 09:00
MED0035,LOC0111,WH-K-016,B00352361,511,18-08-2028,20,06-08-2026 09:00
MED0054,LOC0111,WH-K-016,B00542458,390,08-06-2028,30,06-08-2026 09:00
MED0041,LOC0111,WH-K-016,B00412573,0,08-08-2027,30,06-08-2026 09:00
MED0069,LOC0111,WH-K-016,B00692611,725,07-08-2026,100,06-08-2026 09:00
MED0011,LOC0111,WH-K-016,B00112791,142,14-08-2028,50,06-08-2026 09:00
MED0045,LOC0111,WH-K-016,B00452868,778,16-09-2026,50,06-08-2026 09:00
MED0104,LOC0111,WH-K-016,B01042992,161,09-08-2026,20,06-08-2026 09:00
MED0080,LOC0111,WH-K-016,B00803073,273,26-07-2028,75,06-08-2026 09:00
MED0068,LOC0111,WH-K-016,B00683128,195,09-03-2027,30,06-08-2026 09:00
MED0089,LOC0111,WH-K-016,B00893215,302,07-11-2028,100,06-08-2026 09:00
MED0103,LOC0111,WH-K-016,B01033312,524,22-08-2028,50,06-08-2026 09:00
MED0022,LOC0111,WH-K-016,B00223415,528,28-11-2027,30,06-08-2026 09:00
MED0016,LOC0111,WH-K-016,B00163543,177,09-05-2027,50,06-08-2026 09:00
MED0063,LOC0111,WH-K-016,B00633643,367,06-03-2028,20,06-08-2026 09:00
MED0071,LOC0111,WH-K-016,B00713753,408,17-07-2028,75,06-08-2026 09:00
MED0042,LOC0111,WH-K-016,B00423891,23,28-01-2027,20,06-08-2026 09:00
MED0044,LOC0111,WH-K-016,B00443960,598,24-01-2028,100,06-08-2026 09:00
MED0008,LOC0111,WH-K-016,B00084090,96,07-10-2027,50,06-08-2026 09:00
MED0074,LOC0111,WH-K-016,B00744172,137,29-05-2028,50,06-08-2026 09:00
MED0067,LOC0111,WH-K-016,B00674254,522,29-11-2027,100,06-08-2026 09:00
MED0108,LOC0111,WH-K-016,B01084319,628,05-07-2027,75,06-08-2026 09:00
MED0102,LOC0111,WH-K-016,B01024427,53,15-03-2027,30,06-08-2026 09:00
MED0081,LOC0111,WH-K-016,B00814534,0,13-08-2026,100,06-08-2026 09:00
MED0049,LOC0111,WH-K-016,B00494645,286,29-06-2028,100,06-08-2026 09:00
MED0043,LOC0111,WH-K-016,B00434711,81,26-07-2028,75,06-08-2026 09:00
MED0082,LOC0111,WH-K-016,B00824842,212,21-12-2028,30,06-08-2026 09:00
MED0015,LOC0111,WH-K-016,B00154981,783,13-07-2027,100,06-08-2026 09:00
MED0083,LOC0111,WH-K-016,B00835085,583,18-01-2027,30,06-08-2026 09:00
MED0059,LOC0111,WH-K-016,B00595139,576,09-11-2027,20,06-08-2026 09:00
MED0057,LOC0112,WH-K-017,B00570115,157,06-06-2027,20,06-08-2026 09:00
MED0017,LOC0112,WH-K-017,B00170248,526,05-05-2028,75,06-08-2026 09:00
MED0072,LOC0112,WH-K-017,B00720312,419,01-04-2028,75,06-08-2026 09:00
MED0031,LOC0112,WH-K-017,B00310438,285,21-05-2028,100,06-08-2026 09:00
MED0076,LOC0112,WH-K-017,B00760583,751,03-10-2027,75,06-08-2026 09:00
MED0046,LOC0112,WH-K-017,B00460635,81,16-08-2028,75,06-08-2026 09:00
MED0012,LOC0112,WH-K-017,B00120752,330,04-10-2028,20,06-08-2026 09:00
MED0095,LOC0112,WH-K-017,B00950845,515,18-03-2028,100,06-08-2026 09:00
MED0053,LOC0112,WH-K-017,B00530918,283,19-09-2026,100,06-08-2026 09:00
MED0061,LOC0112,WH-K-017,B00611064,395,13-04-2027,50,06-08-2026 09:00
MED0028,LOC0112,WH-K-017,B00281125,123,01-09-2028,75,06-08-2026 09:00
MED0082,LOC0112,WH-K-017,B00821244,434,21-06-2027,100,06-08-2026 09:00
MED0008,LOC0112,WH-K-017,B00081392,325,29-08-2026,100,06-08-2026 09:00
MED0073,LOC0112,WH-K-017,B00731477,114,29-01-2028,75,06-08-2026 09:00
MED0043,LOC0112,WH-K-017,B00431582,739,24-07-2026,100,06-08-2026 09:00
MED0094,LOC0112,WH-K-017,B00941624,516,05-01-2027,30,06-08-2026 09:00
MED0029,LOC0112,WH-K-017,B00291751,38,23-09-2026,75,06-08-2026 09:00
MED0113,LOC0112,WH-K-017,B01131828,654,18-08-2027,100,06-08-2026 09:00
MED0085,LOC0112,WH-K-017,B00851937,777,05-12-2028,30,06-08-2026 09:00
MED0099,LOC0112,WH-K-017,B00992062,614,29-11-2027,50,06-08-2026 09:00
MED0051,LOC0112,WH-K-017,B00512142,0,27-12-2028,100,06-08-2026 09:00
MED0064,LOC0112,WH-K-017,B00642274,50,13-08-2028,75,06-08-2026 09:00
MED0002,LOC0112,WH-K-017,B00022380,208,07-09-2027,20,06-08-2026 09:00
MED0112,LOC0112,WH-K-017,B01122440,3366,27-01-2028,20,06-08-2026 09:00
MED0033,LOC0112,WH-K-017,B00332572,539,07-12-2028,50,06-08-2026 09:00
MED0066,LOC0112,WH-K-017,B00662612,334,04-01-2028,20,06-08-2026 09:00
MED0067,LOC0112,WH-K-017,B00672788,157,15-12-2026,50,06-08-2026 09:00
MED0052,LOC0112,WH-K-017,B00522891,273,21-12-2027,75,06-08-2026 09:00
MED0081,LOC0112,WH-K-017,B00812936,49,10-12-2028,30,06-08-2026 09:00
MED0068,LOC0112,WH-K-017,B00683023,306,07-01-2027,75,06-08-2026 09:00
MED0106,LOC0112,WH-K-017,B01063162,727,27-10-2027,100,06-08-2026 09:00
MED0100,LOC0112,WH-K-017,B01003256,699,31-03-2028,75,06-08-2026 09:00
MED0049,LOC0112,WH-K-017,B00493351,87,04-11-2027,20,06-08-2026 09:00
MED0020,LOC0112,WH-K-017,B00203453,20,11-02-2028,30,06-08-2026 09:00
MED0110,LOC0112,WH-K-017,B01103533,91,04-12-2027,50,06-08-2026 09:00
MED0022,LOC0112,WH-K-017,B00223692,621,07-03-2028,75,06-08-2026 09:00
MED0048,LOC0112,WH-K-017,B00483781,766,03-02-2028,100,06-08-2026 09:00
MED0069,LOC0112,WH-K-017,B00693820,22,21-10-2027,100,06-08-2026 09:00
MED0024,LOC0112,WH-K-017,B00243968,102,09-01-2027,100,06-08-2026 09:00
MED0021,LOC0112,WH-K-017,B00214098,70,27-09-2028,75,06-08-2026 09:00
MED0096,LOC0112,WH-K-017,B00964153,314,22-04-2027,50,06-08-2026 09:00
MED0079,LOC0112,WH-K-017,B00794279,439,30-07-2028,30,06-08-2026 09:00
MED0077,LOC0112,WH-K-017,B00774392,689,16-04-2028,30,06-08-2026 09:00
MED0001,LOC0112,WH-K-017,B00014465,487,02-02-2028,50,06-08-2026 09:00
MED0049,LOC0113,WH-K-018,B00490168,3364,20-02-2028,20,06-08-2026 09:00
MED0100,LOC0113,WH-K-018,B01000294,629,08-07-2027,30,06-08-2026 09:00
MED0041,LOC0113,WH-K-018,B00410371,675,06-05-2028,20,06-08-2026 09:00
MED0075,LOC0113,WH-K-018,B00750453,374,30-03-2028,30,06-08-2026 09:00
MED0005,LOC0113,WH-K-018,B00050591,228,28-08-2028,75,06-08-2026 09:00
MED0062,LOC0113,WH-K-018,B00620657,402,29-08-2028,75,06-08-2026 09:00
MED0003,LOC0113,WH-K-018,B00030728,681,05-07-2027,75,06-08-2026 09:00
MED0047,LOC0113,WH-K-018,B00470896,381,22-11-2026,100,06-08-2026 09:00
MED0042,LOC0113,WH-K-018,B00420948,352,08-07-2028,100,06-08-2026 09:00
MED0039,LOC0113,WH-K-018,B00391061,513,02-09-2026,75,06-08-2026 09:00
MED0093,LOC0113,WH-K-018,B00931190,543,30-07-2027,20,06-08-2026 09:00
MED0079,LOC0113,WH-K-018,B00791293,420,10-06-2027,20,06-08-2026 09:00
MED0034,LOC0113,WH-K-018,B00341342,307,10-07-2026,50,06-08-2026 09:00
MED0084,LOC0113,WH-K-018,B00841442,455,10-02-2027,75,06-08-2026 09:00
MED0091,LOC0113,WH-K-018,B00911541,500,14-10-2028,75,06-08-2026 09:00
MED0027,LOC0113,WH-K-018,B00271653,3430,11-06-2028,50,06-08-2026 09:00
MED0082,LOC0113,WH-K-018,B00821757,221,21-08-2027,20,06-08-2026 09:00
MED0040,LOC0113,WH-K-018,B00401887,0,18-05-2027,75,06-08-2026 09:00
MED0029,LOC0113,WH-K-018,B00291996,2318,26-07-2028,75,06-08-2026 09:00
MED0056,LOC0113,WH-K-018,B00562014,40,26-01-2028,20,06-08-2026 09:00
MED0069,LOC0113,WH-K-018,B00692172,661,08-12-2026,75,06-08-2026 09:00
MED0061,LOC0113,WH-K-018,B00612250,611,28-04-2028,100,06-08-2026 09:00
MED0085,LOC0113,WH-K-018,B00852324,407,12-04-2027,50,06-08-2026 09:00
MED0064,LOC0113,WH-K-018,B00642484,799,19-05-2028,50,06-08-2026 09:00
MED0014,LOC0113,WH-K-018,B00142564,693,25-05-2027,75,06-08-2026 09:00
MED0044,LOC0113,WH-K-018,B00442677,376,03-11-2027,75,06-08-2026 09:00
MED0053,LOC0113,WH-K-018,B00532727,500,15-08-2026,100,06-08-2026 09:00
MED0073,LOC0113,WH-K-018,B00732839,276,10-06-2027,100,06-08-2026 09:00
MED0023,LOC0113,WH-K-018,B00232919,771,11-11-2026,50,06-08-2026 09:00
MED0019,LOC0113,WH-K-018,B00193031,618,17-09-2027,50,06-08-2026 09:00
MED0001,LOC0113,WH-K-018,B00013196,629,23-12-2027,75,06-08-2026 09:00
MED0111,LOC0113,WH-K-018,B01113262,729,07-06-2028,30,06-08-2026 09:00
MED0035,LOC0113,WH-K-018,B00353376,64,05-08-2027,75,06-08-2026 09:00
MED0103,LOC0113,WH-K-018,B01033411,786,17-09-2028,20,06-08-2026 09:00
MED0007,LOC0113,WH-K-018,B00073590,689,11-11-2027,20,06-08-2026 09:00
MED0063,LOC0113,WH-K-018,B00633613,574,08-12-2027,75,06-08-2026 09:00
MED0052,LOC0113,WH-K-018,B00523763,350,19-09-2028,100,06-08-2026 09:00
MED0031,LOC0113,WH-K-018,B00313818,482,01-08-2027,30,06-08-2026 09:00
MED0105,LOC0113,WH-K-018,B01053984,781,17-01-2028,30,06-08-2026 09:00
MED0015,LOC0113,WH-K-018,B00154031,2517,23-05-2027,20,06-08-2026 09:00
MED0045,LOC0113,WH-K-018,B00454158,673,15-04-2027,20,06-08-2026 09:00
MED0099,LOC0113,WH-K-018,B00994279,599,22-08-2028,20,06-08-2026 09:00
MED0107,LOC0113,WH-K-018,B01074349,150,29-07-2028,100,06-08-2026 09:00
MED0060,LOC0113,WH-K-018,B00604490,776,01-08-2027,75,06-08-2026 09:00
MED0071,LOC0113,WH-K-018,B00714557,381,08-05-2027,50,06-08-2026 09:00
MED0016,LOC0113,WH-K-018,B00164698,78,13-08-2026,50,06-08-2026 09:00
MED0080,LOC0113,WH-K-018,B00804720,782,20-10-2027,100,06-08-2026 09:00
MED0049,LOC0114,WH-K-019,B00490133,61,25-02-2027,30,06-08-2026 09:00
MED0058,LOC0114,WH-K-019,B00580235,212,15-11-2026,75,06-08-2026 09:00
MED0025,LOC0114,WH-K-019,B00250369,796,29-08-2027,20,06-08-2026 09:00
MED0066,LOC0114,WH-K-019,B00660494,0,09-01-2028,75,06-08-2026 09:00
MED0003,LOC0114,WH-K-019,B00030558,556,23-02-2028,75,06-08-2026 09:00
MED0088,LOC0114,WH-K-019,B00880693,382,20-04-2026,30,06-08-2026 09:00
MED0044,LOC0114,WH-K-019,B00440722,67,12-05-2027,75,06-08-2026 09:00
MED0019,LOC0114,WH-K-019,B00190860,288,15-04-2028,75,06-08-2026 09:00
MED0008,LOC0114,WH-K-019,B00080959,0,31-03-2028,100,06-08-2026 09:00
MED0027,LOC0114,WH-K-019,B00271030,231,21-09-2028,100,06-08-2026 09:00
MED0071,LOC0114,WH-K-019,B00711142,670,19-12-2027,75,06-08-2026 09:00
MED0083,LOC0114,WH-K-019,B00831220,305,15-09-2026,100,06-08-2026 09:00
MED0103,LOC0114,WH-K-019,B01031339,0,05-10-2028,75,06-08-2026 09:00
MED0070,LOC0114,WH-K-019,B00701482,396,18-07-2027,100,06-08-2026 09:00
MED0013,LOC0114,WH-K-019,B00131592,736,16-03-2028,20,06-08-2026 09:00
MED0089,LOC0114,WH-K-019,B00891624,133,11-09-2028,20,06-08-2026 09:00
MED0076,LOC0114,WH-K-019,B00761757,54,11-08-2026,100,06-08-2026 09:00
MED0028,LOC0114,WH-K-019,B00281828,192,14-05-2028,100,06-08-2026 09:00
MED0057,LOC0114,WH-K-019,B00571925,11,02-05-2027,100,06-08-2026 09:00
MED0093,LOC0114,WH-K-019,B00932060,68,17-08-2028,50,06-08-2026 09:00
MED0055,LOC0114,WH-K-019,B00552110,349,20-12-2027,30,06-08-2026 09:00
MED0111,LOC0114,WH-K-019,B01112213,433,17-12-2028,30,06-08-2026 09:00
MED0039,LOC0114,WH-K-019,B00392375,466,13-08-2027,100,06-08-2026 09:00
MED0100,LOC0114,WH-K-019,B01002457,617,03-01-2029,20,06-08-2026 09:00
MED0069,LOC0114,WH-K-019,B00692597,515,19-05-2027,100,06-08-2026 09:00
MED0036,LOC0114,WH-K-019,B00362640,4,06-02-2028,100,06-08-2026 09:00
MED0064,LOC0114,WH-K-019,B00642758,491,21-07-2027,50,06-08-2026 09:00
MED0011,LOC0114,WH-K-019,B00112813,706,09-03-2027,100,06-08-2026 09:00
MED0034,LOC0114,WH-K-019,B00342929,311,14-07-2026,30,06-08-2026 09:00
MED0114,LOC0114,WH-K-019,B01143075,88,15-11-2027,100,06-08-2026 09:00
MED0018,LOC0114,WH-K-019,B00183153,579,17-06-2027,100,06-08-2026 09:00
MED0022,LOC0114,WH-K-019,B00223272,504,26-01-2027,100,06-08-2026 09:00
MED0004,LOC0114,WH-K-019,B00043317,353,09-02-2028,20,06-08-2026 09:00
MED0010,LOC0114,WH-K-019,B00103458,132,19-10-2028,100,06-08-2026 09:00
MED0086,LOC0114,WH-K-019,B00863591,401,29-06-2027,20,06-08-2026 09:00
MED0067,LOC0114,WH-K-019,B00673681,213,03-12-2027,100,06-08-2026 09:00
MED0032,LOC0114,WH-K-019,B00323768,4282,22-12-2027,50,06-08-2026 09:00
MED0026,LOC0114,WH-K-019,B00263859,446,13-11-2026,75,06-08-2026 09:00
MED0029,LOC0115,WH-K-020,B00290147,352,19-10-2027,20,06-08-2026 09:00
MED0040,LOC0115,WH-K-020,B00400256,465,23-06-2028,30,06-08-2026 09:00
MED0042,LOC0115,WH-K-020,B00420325,306,01-01-2028,100,06-08-2026 09:00
MED0084,LOC0115,WH-K-020,B00840470,3982,15-06-2028,20,06-08-2026 09:00
MED0108,LOC0115,WH-K-020,B01080554,460,23-09-2028,75,06-08-2026 09:00
MED0092,LOC0115,WH-K-020,B00920668,153,21-01-2029,75,06-08-2026 09:00
MED0076,LOC0115,WH-K-020,B00760774,699,03-09-2027,30,06-08-2026 09:00
MED0103,LOC0115,WH-K-020,B01030884,696,14-06-2026,50,06-08-2026 09:00
MED0109,LOC0115,WH-K-020,B01090977,264,28-11-2027,20,06-08-2026 09:00
MED0059,LOC0115,WH-K-020,B00591085,11,27-11-2027,50,06-08-2026 09:00
MED0087,LOC0115,WH-K-020,B00871118,665,26-12-2027,100,06-08-2026 09:00
MED0082,LOC0115,WH-K-020,B00821214,419,05-03-2028,30,06-08-2026 09:00
MED0086,LOC0115,WH-K-020,B00861366,453,14-02-2028,100,06-08-2026 09:00
MED0030,LOC0115,WH-K-020,B00301482,41,02-06-2027,100,06-08-2026 09:00
MED0011,LOC0115,WH-K-020,B00111573,416,21-08-2026,100,06-08-2026 09:00
MED0107,LOC0115,WH-K-020,B01071618,763,01-02-2028,75,06-08-2026 09:00
MED0098,LOC0115,WH-K-020,B00981755,0,06-07-2027,20,06-08-2026 09:00
MED0061,LOC0115,WH-K-020,B00611894,4445,14-05-2027,20,06-08-2026 09:00
MED0031,LOC0115,WH-K-020,B00311935,668,25-08-2027,20,06-08-2026 09:00
MED0006,LOC0115,WH-K-020,B00062016,700,09-07-2027,30,06-08-2026 09:00
MED0101,LOC0115,WH-K-020,B01012145,603,20-07-2027,30,06-08-2026 09:00
MED0114,LOC0115,WH-K-020,B01142213,0,29-10-2028,75,06-08-2026 09:00
MED0023,LOC0115,WH-K-020,B00232310,264,30-09-2028,75,06-08-2026 09:00
MED0034,LOC0115,WH-K-020,B00342466,670,28-08-2026,75,06-08-2026 09:00
MED0075,LOC0115,WH-K-020,B00752549,330,09-07-2028,100,06-08-2026 09:00
MED0054,LOC0115,WH-K-020,B00542616,3407,05-11-2028,20,06-08-2026 09:00
MED0058,LOC0115,WH-K-020,B00582753,271,26-05-2028,20,06-08-2026 09:00
MED0043,LOC0115,WH-K-020,B00432823,798,13-07-2027,50,06-08-2026 09:00
MED0064,LOC0115,WH-K-020,B00642911,646,19-04-2028,20,06-08-2026 09:00
MED0091,LOC0115,WH-K-020,B00913077,358,30-03-2027,50,06-08-2026 09:00
MED0044,LOC0115,WH-K-020,B00443126,454,09-09-2027,20,06-08-2026 09:00
MED0015,LOC0115,WH-K-020,B00153280,30,12-01-2028,50,06-08-2026 09:00
MED0001,LOC0115,WH-K-020,B00013396,457,02-12-2026,100,06-08-2026 09:00
MED0039,LOC0115,WH-K-020,B00393431,0,17-03-2027,30,06-08-2026 09:00
MED0070,LOC0115,WH-K-020,B00703521,76,09-12-2026,20,06-08-2026 09:00
MED0036,LOC0115,WH-K-020,B00363636,333,02-01-2028,100,06-08-2026 09:00
MED0069,LOC0115,WH-K-020,B00693770,677,27-09-2026,100,06-08-2026 09:00
MED0095,LOC0115,WH-K-020,B00953873,495,18-04-2028,100,06-08-2026 09:00
MED0110,LOC0115,WH-K-020,B01103930,716,27-09-2026,30,06-08-2026 09:00
MED0081,LOC0115,WH-K-020,B00814070,418,27-02-2027,50,06-08-2026 09:00
MED0057,LOC0115,WH-K-020,B00574140,307,07-08-2026,100,06-08-2026 09:00
MED0028,LOC0115,WH-K-020,B00284270,554,10-11-2026,30,06-08-2026 09:00
MED0003,LOC0116,WH-K-021,B00030173,68,29-04-2028,50,06-08-2026 09:00
MED0042,LOC0116,WH-K-021,B00420244,4851,01-10-2026,100,06-08-2026 09:00
MED0011,LOC0116,WH-K-021,B00110312,477,30-11-2028,75,06-08-2026 09:00
MED0090,LOC0116,WH-K-021,B00900467,415,10-06-2028,20,06-08-2026 09:00
MED0006,LOC0116,WH-K-021,B00060560,52,11-11-2028,50,06-08-2026 09:00
MED0023,LOC0116,WH-K-021,B00230679,785,25-11-2028,20,06-08-2026 09:00
MED0068,LOC0116,WH-K-021,B00680773,586,06-04-2028,30,06-08-2026 09:00
MED0063,LOC0116,WH-K-021,B00630878,705,16-12-2027,30,06-08-2026 09:00
MED0040,LOC0116,WH-K-021,B00400967,90,13-10-2027,20,06-08-2026 09:00
MED0044,LOC0116,WH-K-021,B00441044,137,20-01-2027,100,06-08-2026 09:00
MED0088,LOC0116,WH-K-021,B00881168,720,16-09-2026,100,06-08-2026 09:00
MED0112,LOC0116,WH-K-021,B01121265,2181,05-06-2028,20,06-08-2026 09:00
MED0020,LOC0116,WH-K-021,B00201389,494,02-12-2026,75,06-08-2026 09:00
MED0114,LOC0116,WH-K-021,B01141481,585,14-08-2026,30,06-08-2026 09:00
MED0019,LOC0116,WH-K-021,B00191539,738,05-07-2027,30,06-08-2026 09:00
MED0104,LOC0116,WH-K-021,B01041683,460,06-08-2027,30,06-08-2026 09:00
MED0021,LOC0116,WH-K-021,B00211785,599,18-04-2027,30,06-08-2026 09:00
MED0094,LOC0116,WH-K-021,B00941825,646,30-09-2027,20,06-08-2026 09:00
MED0091,LOC0116,WH-K-021,B00911966,216,26-08-2028,20,06-08-2026 09:00
MED0084,LOC0116,WH-K-021,B00842069,168,18-01-2029,20,06-08-2026 09:00
MED0001,LOC0116,WH-K-021,B00012149,470,25-02-2027,50,06-08-2026 09:00
MED0103,LOC0116,WH-K-021,B01032262,478,22-06-2028,30,06-08-2026 09:00
MED0107,LOC0116,WH-K-021,B01072379,354,16-04-2028,30,06-08-2026 09:00
MED0047,LOC0116,WH-K-021,B00472470,182,14-06-2028,30,06-08-2026 09:00
MED0039,LOC0116,WH-K-021,B00392569,661,20-01-2029,75,06-08-2026 09:00
MED0022,LOC0117,WH-K-022,B00220198,171,15-10-2028,30,06-08-2026 09:00
MED0113,LOC0117,WH-K-022,B01130238,3071,07-12-2026,30,06-08-2026 09:00
MED0097,LOC0117,WH-K-022,B00970320,236,24-09-2026,75,06-08-2026 09:00
MED0034,LOC0117,WH-K-022,B00340496,644,14-02-2027,50,06-08-2026 09:00
MED0039,LOC0117,WH-K-022,B00390524,247,21-09-2026,50,06-08-2026 09:00
MED0025,LOC0117,WH-K-022,B00250643,186,10-01-2027,75,06-08-2026 09:00
MED0082,LOC0117,WH-K-022,B00820711,336,18-01-2029,75,06-08-2026 09:00
MED0040,LOC0117,WH-K-022,B00400838,534,21-07-2028,20,06-08-2026 09:00
MED0026,LOC0117,WH-K-022,B00260944,625,27-11-2028,30,06-08-2026 09:00
MED0081,LOC0117,WH-K-022,B00811091,167,08-05-2028,75,06-08-2026 09:00
MED0044,LOC0117,WH-K-022,B00441188,779,30-09-2027,30,06-08-2026 09:00
MED0110,LOC0117,WH-K-022,B01101220,710,06-03-2028,75,06-08-2026 09:00
MED0080,LOC0117,WH-K-022,B00801331,609,23-06-2026,50,06-08-2026 09:00
MED0060,LOC0117,WH-K-022,B00601440,167,23-02-2028,75,06-08-2026 09:00
MED0067,LOC0117,WH-K-022,B00671587,43,30-03-2027,75,06-08-2026 09:00
MED0064,LOC0117,WH-K-022,B00641617,0,24-02-2026,100,06-08-2026 09:00
MED0114,LOC0117,WH-K-022,B01141749,464,25-08-2028,75,06-08-2026 09:00
MED0078,LOC0117,WH-K-022,B00781851,515,28-11-2028,50,06-08-2026 09:00
MED0049,LOC0117,WH-K-022,B00491932,53,21-08-2027,50,06-08-2026 09:00
MED0047,LOC0117,WH-K-022,B00472017,4536,31-03-2027,30,06-08-2026 09:00
MED0061,LOC0117,WH-K-022,B00612183,372,05-08-2027,75,06-08-2026 09:00
MED0015,LOC0117,WH-K-022,B00152283,313,04-10-2028,30,06-08-2026 09:00
MED0104,LOC0117,WH-K-022,B01042395,283,09-06-2027,75,06-08-2026 09:00
MED0052,LOC0117,WH-K-022,B00522470,705,12-04-2028,100,06-08-2026 09:00
MED0107,LOC0117,WH-K-022,B01072575,342,16-07-2027,100,06-08-2026 09:00
MED0029,LOC0117,WH-K-022,B00292639,252,04-04-2026,20,06-08-2026 09:00
MED0100,LOC0117,WH-K-022,B01002736,644,29-09-2028,50,06-08-2026 09:00
MED0087,LOC0117,WH-K-022,B00872832,235,15-02-2027,20,06-08-2026 09:00
MED0083,LOC0117,WH-K-022,B00832991,487,26-11-2026,30,06-08-2026 09:00
MED0006,LOC0117,WH-K-022,B00063030,195,16-02-2028,100,06-08-2026 09:00
MED0021,LOC0117,WH-K-022,B00213161,355,18-07-2026,20,06-08-2026 09:00
MED0079,LOC0117,WH-K-022,B00793272,2540,03-12-2026,20,06-08-2026 09:00
MED0074,LOC0117,WH-K-022,B00743316,365,28-03-2028,20,06-08-2026 09:00
MED0007,LOC0117,WH-K-022,B00073416,273,19-10-2028,100,06-08-2026 09:00
MED0089,LOC0117,WH-K-022,B00893548,663,25-09-2028,50,06-08-2026 09:00
MED0035,LOC0117,WH-K-022,B00353630,72,15-09-2026,50,06-08-2026 09:00
MED0069,LOC0117,WH-K-022,B00693775,89,21-08-2026,50,06-08-2026 09:00
MED0003,LOC0117,WH-K-022,B00033821,789,26-06-2028,20,06-08-2026 09:00
MED0038,LOC0117,WH-K-022,B00383912,750,23-10-2027,30,06-08-2026 09:00
MED0017,LOC0117,WH-K-022,B00174088,228,17-09-2027,50,06-08-2026 09:00
MED0076,LOC0117,WH-K-022,B00764124,70,28-02-2028,50,06-08-2026 09:00
MED0094,LOC0117,WH-K-022,B00944225,774,26-03-2028,50,06-08-2026 09:00
MED0054,LOC0117,WH-K-022,B00544390,236,14-04-2028,75,06-08-2026 09:00
MED0105,LOC0117,WH-K-022,B01054465,419,14-01-2029,30,06-08-2026 09:00
MED0004,LOC0117,WH-K-022,B00044595,137,19-01-2027,20,06-08-2026 09:00
MED0071,LOC0117,WH-K-022,B00714626,733,23-09-2027,100,06-08-2026 09:00
MED0037,LOC0117,WH-K-022,B00374750,0,17-01-2027,20,06-08-2026 09:00
MED0002,LOC0117,WH-K-022,B00024894,56,01-06-2028,20,06-08-2026 09:00
MED0009,LOC0117,WH-K-022,B00094986,367,08-01-2028,75,06-08-2026 09:00
MED0072,LOC0117,WH-K-022,B00725037,79,06-10-2028,75,06-08-2026 09:00
MED0046,LOC0117,WH-K-022,B00465185,0,17-12-2026,75,06-08-2026 09:00
MED0031,LOC0117,WH-K-022,B00315263,2322,26-12-2028,20,06-08-2026 09:00
MED0093,LOC0117,WH-K-022,B00935372,750,05-04-2027,20,06-08-2026 09:00
MED0063,LOC0117,WH-K-022,B00635436,570,14-09-2026,100,06-08-2026 09:00
MED0027,LOC0117,WH-K-022,B00275541,400,04-12-2027,20,06-08-2026 09:00
MED0067,LOC0118,WH-K-023,B00670186,618,19-04-2028,20,06-08-2026 09:00
MED0015,LOC0118,WH-K-023,B00150242,583,21-08-2028,100,06-08-2026 09:00
MED0053,LOC0118,WH-K-023,B00530369,622,30-12-2027,50,06-08-2026 09:00
MED0066,LOC0118,WH-K-023,B00660465,492,10-12-2026,20,06-08-2026 09:00
MED0061,LOC0118,WH-K-023,B00610518,740,20-11-2027,75,06-08-2026 09:00
MED0091,LOC0118,WH-K-023,B00910664,503,29-01-2027,100,06-08-2026 09:00
MED0069,LOC0118,WH-K-023,B00690756,46,18-07-2028,50,06-08-2026 09:00
MED0094,LOC0118,WH-K-023,B00940821,310,11-12-2028,75,06-08-2026 09:00
MED0046,LOC0118,WH-K-023,B00460936,0,27-01-2028,100,06-08-2026 09:00
MED0012,LOC0118,WH-K-023,B00121054,16,21-03-2027,100,06-08-2026 09:00
MED0068,LOC0118,WH-K-023,B00681137,354,19-12-2028,100,06-08-2026 09:00
MED0088,LOC0118,WH-K-023,B00881212,720,09-07-2027,30,06-08-2026 09:00
MED0106,LOC0118,WH-K-023,B01061323,4028,10-03-2028,30,06-08-2026 09:00
MED0054,LOC0118,WH-K-023,B00541480,425,25-08-2026,100,06-08-2026 09:00
MED0077,LOC0118,WH-K-023,B00771543,12,31-03-2027,75,06-08-2026 09:00
MED0006,LOC0118,WH-K-023,B00061653,3535,28-08-2027,20,06-08-2026 09:00
MED0045,LOC0118,WH-K-023,B00451747,0,28-08-2026,50,06-08-2026 09:00
MED0081,LOC0118,WH-K-023,B00811814,519,10-11-2028,100,06-08-2026 09:00
MED0005,LOC0118,WH-K-023,B00051973,563,07-06-2028,100,06-08-2026 09:00
MED0085,LOC0118,WH-K-023,B00852027,242,07-03-2028,75,06-08-2026 09:00
MED0076,LOC0118,WH-K-023,B00762146,401,30-05-2027,50,06-08-2026 09:00
MED0049,LOC0118,WH-K-023,B00492213,790,02-12-2026,30,06-08-2026 09:00
MED0043,LOC0118,WH-K-023,B00432349,2915,25-07-2028,100,06-08-2026 09:00
MED0052,LOC0118,WH-K-023,B00522445,18,04-11-2028,100,06-08-2026 09:00
MED0072,LOC0118,WH-K-023,B00722562,581,24-08-2028,20,06-08-2026 09:00
MED0108,LOC0118,WH-K-023,B01082675,423,09-04-2027,50,06-08-2026 09:00
MED0021,LOC0118,WH-K-023,B00212787,199,21-04-2028,100,06-08-2026 09:00
MED0093,LOC0118,WH-K-023,B00932851,344,08-01-2029,75,06-08-2026 09:00
MED0062,LOC0118,WH-K-023,B00622914,0,17-07-2027,75,06-08-2026 09:00
MED0023,LOC0118,WH-K-023,B00233069,293,30-04-2026,30,06-08-2026 09:00
MED0104,LOC0118,WH-K-023,B01043194,104,23-01-2027,75,06-08-2026 09:00
MED0096,LOC0118,WH-K-023,B00963223,754,30-05-2026,50,06-08-2026 09:00
MED0002,LOC0118,WH-K-023,B00023311,169,06-04-2028,100,06-08-2026 09:00
MED0086,LOC0118,WH-K-023,B00863479,3648,30-10-2028,50,06-08-2026 09:00
MED0020,LOC0118,WH-K-023,B00203577,222,17-03-2028,20,06-08-2026 09:00
MED0063,LOC0118,WH-K-023,B00633614,282,24-07-2028,100,06-08-2026 09:00
MED0103,LOC0118,WH-K-023,B01033727,198,04-10-2027,100,06-08-2026 09:00
MED0001,LOC0118,WH-K-023,B00013848,330,19-08-2027,75,06-08-2026 09:00
MED0071,LOC0118,WH-K-023,B00713998,148,27-07-2027,50,06-08-2026 09:00
MED0113,LOC0118,WH-K-023,B01134034,549,11-12-2027,100,06-08-2026 09:00
MED0038,LOC0118,WH-K-023,B00384148,472,21-01-2027,20,06-08-2026 09:00
MED0058,LOC0118,WH-K-023,B00584278,0,24-02-2027,50,06-08-2026 09:00
MED0080,LOC0118,WH-K-023,B00804385,389,11-08-2028,20,06-08-2026 09:00
MED0025,LOC0118,WH-K-023,B00254495,124,16-07-2027,20,06-08-2026 09:00
MED0059,LOC0118,WH-K-023,B00594568,392,23-08-2026,100,06-08-2026 09:00
MED0027,LOC0118,WH-K-023,B00274623,581,11-03-2027,20,06-08-2026 09:00
MED0102,LOC0118,WH-K-023,B01024758,630,27-08-2026,100,06-08-2026 09:00
MED0101,LOC0118,WH-K-023,B01014881,311,28-12-2027,100,06-08-2026 09:00
MED0037,LOC0118,WH-K-023,B00374938,216,20-12-2026,100,06-08-2026 09:00
MED0003,LOC0118,WH-K-023,B00035076,2381,14-01-2027,50,06-08-2026 09:00
MED0060,LOC0118,WH-K-023,B00605111,4303,19-09-2027,20,06-08-2026 09:00
MED0034,LOC0118,WH-K-023,B00345250,714,13-04-2027,50,06-08-2026 09:00
MED0075,LOC0118,WH-K-023,B00755349,601,17-09-2027,20,06-08-2026 09:00
MED0047,LOC0118,WH-K-023,B00475483,0,05-11-2026,75,06-08-2026 09:00
MED0110,LOC0118,WH-K-023,B01105594,395,03-09-2027,50,06-08-2026 09:00
MED0084,LOC0118,WH-K-023,B00845623,217,19-08-2026,100,06-08-2026 09:00
MED0050,LOC0118,WH-K-023,B00505744,362,08-12-2027,50,06-08-2026 09:00
MED0082,LOC0118,WH-K-023,B00825894,782,05-10-2027,50,06-08-2026 09:00
MED0035,LOC0118,WH-K-023,B00355913,55,05-08-2027,75,06-08-2026 09:00
MED0097,LOC0118,WH-K-023,B00976090,460,29-07-2028,30,06-08-2026 09:00
MED0058,LOC0119,WH-K-024,B00580181,409,07-09-2027,50,06-08-2026 09:00
MED0001,LOC0119,WH-K-024,B00010285,651,18-04-2028,75,06-08-2026 09:00
MED0078,LOC0119,WH-K-024,B00780393,529,07-08-2026,50,06-08-2026 09:00
MED0030,LOC0119,WH-K-024,B00300468,109,23-07-2026,30,06-08-2026 09:00
MED0032,LOC0119,WH-K-024,B00320538,0,07-09-2026,75,06-08-2026 09:00
MED0112,LOC0119,WH-K-024,B01120614,317,29-05-2027,75,06-08-2026 09:00
MED0014,LOC0119,WH-K-024,B00140766,113,18-01-2027,75,06-08-2026 09:00
MED0091,LOC0119,WH-K-024,B00910814,777,27-12-2026,20,06-08-2026 09:00
MED0111,LOC0119,WH-K-024,B01110946,174,05-08-2027,50,06-08-2026 09:00
MED0051,LOC0119,WH-K-024,B00511064,3460,02-07-2028,50,06-08-2026 09:00
MED0096,LOC0119,WH-K-024,B00961176,237,11-09-2028,75,06-08-2026 09:00
MED0079,LOC0119,WH-K-024,B00791253,747,22-10-2028,50,06-08-2026 09:00
MED0037,LOC0119,WH-K-024,B00371371,234,23-02-2027,50,06-08-2026 09:00
MED0012,LOC0119,WH-K-024,B00121410,744,11-07-2027,20,06-08-2026 09:00
MED0024,LOC0119,WH-K-024,B00241533,711,23-06-2028,20,06-08-2026 09:00
MED0081,LOC0119,WH-K-024,B00811624,356,04-12-2027,75,06-08-2026 09:00
MED0052,LOC0119,WH-K-024,B00521737,467,12-02-2028,100,06-08-2026 09:00
MED0039,LOC0119,WH-K-024,B00391844,781,11-04-2027,100,06-08-2026 09:00
MED0010,LOC0119,WH-K-024,B00101981,740,23-05-2027,100,06-08-2026 09:00
MED0113,LOC0119,WH-K-024,B01132041,385,11-09-2028,50,06-08-2026 09:00
MED0050,LOC0119,WH-K-024,B00502180,490,06-12-2027,100,06-08-2026 09:00
MED0003,LOC0119,WH-K-024,B00032245,267,09-07-2027,75,06-08-2026 09:00
MED0029,LOC0119,WH-K-024,B00292387,127,11-03-2028,100,06-08-2026 09:00
MED0022,LOC0119,WH-K-024,B00222456,34,13-11-2027,75,06-08-2026 09:00
MED0055,LOC0119,WH-K-024,B00552569,489,27-09-2027,100,06-08-2026 09:00
MED0114,LOC0119,WH-K-024,B01142653,4937,15-08-2026,100,06-08-2026 09:00
MED0045,LOC0119,WH-K-024,B00452757,601,15-05-2027,20,06-08-2026 09:00
MED0106,LOC0119,WH-K-024,B01062878,410,02-07-2028,50,06-08-2026 09:00
MED0009,LOC0119,WH-K-024,B00092990,104,12-09-2028,100,06-08-2026 09:00
MED0083,LOC0119,WH-K-024,B00833086,5,28-06-2027,50,06-08-2026 09:00
MED0072,LOC0119,WH-K-024,B00723179,135,13-02-2027,30,06-08-2026 09:00
MED0006,LOC0119,WH-K-024,B00063256,765,07-04-2027,75,06-08-2026 09:00
MED0088,LOC0119,WH-K-024,B00883389,4656,08-08-2026,50,06-08-2026 09:00
MED0063,LOC0119,WH-K-024,B00633420,54,16-02-2026,30,06-08-2026 09:00
MED0105,LOC0119,WH-K-024,B01053551,767,28-09-2026,20,06-08-2026 09:00
MED0031,LOC0119,WH-K-024,B00313634,2288,17-02-2028,75,06-08-2026 09:00
MED0101,LOC0119,WH-K-024,B01013789,258,07-12-2028,100,06-08-2026 09:00
MED0005,LOC0119,WH-K-024,B00053816,2359,05-11-2026,100,06-08-2026 09:00
MED0011,LOC0119,WH-K-024,B00113948,670,30-04-2028,100,06-08-2026 09:00
MED0004,LOC0119,WH-K-024,B00044097,639,19-09-2026,75,06-08-2026 09:00
MED0069,LOC0119,WH-K-024,B00694137,489,19-09-2026,100,06-08-2026 09:00
MED0098,LOC0119,WH-K-024,B00984273,4725,11-03-2027,20,06-08-2026 09:00
MED0043,LOC0119,WH-K-024,B00434356,250,31-12-2027,75,06-08-2026 09:00
MED0038,LOC0119,WH-K-024,B00384419,71,13-03-2027,50,06-08-2026 09:00
MED0053,LOC0119,WH-K-024,B00534520,143,12-06-2026,100,06-08-2026 09:00
MED0013,LOC0119,WH-K-024,B00134671,407,08-03-2027,100,06-08-2026 09:00
MED0107,LOC0119,WH-K-024,B01074738,4579,08-11-2028,75,06-08-2026 09:00
MED0042,LOC0119,WH-K-024,B00424898,423,03-03-2027,20,06-08-2026 09:00
MED0092,LOC0119,WH-K-024,B00924990,433,24-09-2027,75,06-08-2026 09:00
MED0080,LOC0119,WH-K-024,B00805045,423,22-01-2028,100,06-08-2026 09:00
MED0077,LOC0119,WH-K-024,B00775195,150,17-06-2028,20,06-08-2026 09:00
MED0025,LOC0119,WH-K-024,B00255253,751,06-05-2027,20,06-08-2026 09:00
MED0060,LOC0119,WH-K-024,B00605391,546,02-10-2026,30,06-08-2026 09:00
MED0019,LOC0119,WH-K-024,B00195440,104,12-07-2028,75,06-08-2026 09:00
MED0002,LOC0119,WH-K-024,B00025551,619,07-06-2028,75,06-08-2026 09:00
MED0075,LOC0119,WH-K-024,B00755663,320,25-07-2028,30,06-08-2026 09:00
MED0018,LOC0119,WH-K-024,B00185741,700,21-12-2028,50,06-08-2026 09:00
MED0066,LOC0119,WH-K-024,B00665824,747,06-04-2028,75,06-08-2026 09:00
MED0010,LOC0120,WH-MP-001,B00100183,53,03-11-2027,75,06-08-2026 09:00
MED0040,LOC0120,WH-MP-001,B00400259,16,03-08-2027,20,06-08-2026 09:00
MED0101,LOC0120,WH-MP-001,B01010360,119,14-11-2028,30,06-08-2026 09:00
MED0029,LOC0120,WH-MP-001,B00290475,221,27-08-2026,75,06-08-2026 09:00
MED0111,LOC0120,WH-MP-001,B01110554,2027,27-09-2027,50,06-08-2026 09:00
MED0006,LOC0120,WH-MP-001,B00060668,501,24-06-2027,100,06-08-2026 09:00
MED0055,LOC0120,WH-MP-001,B00550750,367,18-06-2028,100,06-08-2026 09:00
MED0033,LOC0120,WH-MP-001,B00330867,4635,22-07-2027,50,06-08-2026 09:00
MED0004,LOC0120,WH-MP-001,B00040937,75,19-09-2026,50,06-08-2026 09:00
MED0078,LOC0120,WH-MP-001,B00781064,466,23-03-2026,75,06-08-2026 09:00
MED0091,LOC0120,WH-MP-001,B00911165,402,21-02-2028,30,06-08-2026 09:00
MED0067,LOC0120,WH-MP-001,B00671230,3494,29-08-2027,20,06-08-2026 09:00
MED0106,LOC0120,WH-MP-001,B01061360,14,09-11-2027,30,06-08-2026 09:00
MED0042,LOC0120,WH-MP-001,B00421428,0,20-10-2028,30,06-08-2026 09:00
MED0072,LOC0120,WH-MP-001,B00721581,643,17-08-2028,100,06-08-2026 09:00
MED0064,LOC0120,WH-MP-001,B00641624,228,28-04-2027,30,06-08-2026 09:00
MED0062,LOC0120,WH-MP-001,B00621735,699,24-04-2028,20,06-08-2026 09:00
MED0011,LOC0120,WH-MP-001,B00111855,451,15-01-2028,20,06-08-2026 09:00
MED0043,LOC0120,WH-MP-001,B00431927,152,01-03-2028,50,06-08-2026 09:00
MED0041,LOC0120,WH-MP-001,B00412047,3839,20-05-2028,20,06-08-2026 09:00
MED0090,LOC0120,WH-MP-001,B00902165,259,14-01-2027,30,06-08-2026 09:00
MED0045,LOC0120,WH-MP-001,B00452290,714,06-06-2027,30,06-08-2026 09:00
MED0077,LOC0120,WH-MP-001,B00772351,160,21-11-2028,75,06-08-2026 09:00
MED0087,LOC0120,WH-MP-001,B00872456,700,22-11-2026,50,06-08-2026 09:00
MED0085,LOC0120,WH-MP-001,B00852598,0,26-08-2026,20,06-08-2026 09:00
MED0089,LOC0120,WH-MP-001,B00892632,727,03-09-2026,100,06-08-2026 09:00
MED0008,LOC0120,WH-MP-001,B00082767,13,14-11-2026,30,06-08-2026 09:00
MED0082,LOC0120,WH-MP-001,B00822877,3319,19-02-2026,30,06-08-2026 09:00
MED0050,LOC0120,WH-MP-001,B00502944,0,19-09-2028,30,06-08-2026 09:00
MED0022,LOC0120,WH-MP-001,B00223052,655,14-02-2028,30,06-08-2026 09:00
MED0098,LOC0120,WH-MP-001,B00983181,445,28-03-2027,30,06-08-2026 09:00
MED0068,LOC0120,WH-MP-001,B00683260,114,30-10-2028,20,06-08-2026 09:00
MED0016,LOC0121,WH-MP-002,B00160198,306,02-09-2026,20,06-08-2026 09:00
MED0055,LOC0121,WH-MP-002,B00550225,600,13-08-2026,30,06-08-2026 09:00
MED0108,LOC0121,WH-MP-002,B01080388,0,03-09-2028,50,06-08-2026 09:00
MED0101,LOC0121,WH-MP-002,B01010434,722,21-11-2028,75,06-08-2026 09:00
MED0113,LOC0121,WH-MP-002,B01130530,166,20-11-2027,20,06-08-2026 09:00
MED0079,LOC0121,WH-MP-002,B00790616,136,22-05-2028,30,06-08-2026 09:00
MED0050,LOC0121,WH-MP-002,B00500792,561,13-02-2028,50,06-08-2026 09:00
MED0072,LOC0121,WH-MP-002,B00720817,240,08-08-2027,75,06-08-2026 09:00
MED0061,LOC0121,WH-MP-002,B00610996,414,18-10-2027,50,06-08-2026 09:00
MED0094,LOC0121,WH-MP-002,B00941024,47,01-02-2027,30,06-08-2026 09:00
MED0087,LOC0121,WH-MP-002,B00871165,332,06-10-2028,50,06-08-2026 09:00
MED0040,LOC0121,WH-MP-002,B00401232,721,08-05-2028,30,06-08-2026 09:00
MED0002,LOC0121,WH-MP-002,B00021345,0,04-09-2026,75,06-08-2026 09:00
MED0032,LOC0121,WH-MP-002,B00321478,243,06-05-2026,100,06-08-2026 09:00
MED0027,LOC0121,WH-MP-002,B00271525,0,29-02-2028,100,06-08-2026 09:00
MED0001,LOC0121,WH-MP-002,B00011632,316,18-03-2027,100,06-08-2026 09:00
MED0033,LOC0121,WH-MP-002,B00331752,225,23-10-2028,100,06-08-2026 09:00
MED0048,LOC0121,WH-MP-002,B00481815,373,08-05-2027,50,06-08-2026 09:00
MED0036,LOC0121,WH-MP-002,B00361951,361,31-01-2028,50,06-08-2026 09:00
MED0098,LOC0121,WH-MP-002,B00982023,621,02-02-2027,75,06-08-2026 09:00
MED0009,LOC0121,WH-MP-002,B00092112,606,20-06-2027,30,06-08-2026 09:00
MED0003,LOC0121,WH-MP-002,B00032266,478,30-03-2027,50,06-08-2026 09:00
MED0112,LOC0121,WH-MP-002,B01122310,699,31-08-2026,50,06-08-2026 09:00
MED0013,LOC0121,WH-MP-002,B00132469,365,10-06-2028,100,06-08-2026 09:00
MED0056,LOC0121,WH-MP-002,B00562531,111,09-09-2028,20,06-08-2026 09:00
MED0051,LOC0121,WH-MP-002,B00512676,2840,30-10-2028,30,06-08-2026 09:00
MED0034,LOC0121,WH-MP-002,B00342735,62,27-03-2026,100,06-08-2026 09:00
MED0075,LOC0121,WH-MP-002,B00752895,697,17-03-2027,50,06-08-2026 09:00
MED0060,LOC0121,WH-MP-002,B00602939,528,11-11-2028,100,06-08-2026 09:00
MED0099,LOC0121,WH-MP-002,B00993024,507,20-02-2027,20,06-08-2026 09:00
MED0004,LOC0121,WH-MP-002,B00043171,585,19-08-2028,30,06-08-2026 09:00
MED0070,LOC0121,WH-MP-002,B00703291,608,13-08-2026,100,06-08-2026 09:00
MED0037,LOC0121,WH-MP-002,B00373337,49,17-06-2027,50,06-08-2026 09:00
MED0038,LOC0121,WH-MP-002,B00383496,766,18-04-2028,100,06-08-2026 09:00
MED0043,LOC0121,WH-MP-002,B00433592,149,24-11-2028,50,06-08-2026 09:00
MED0071,LOC0121,WH-MP-002,B00713623,524,01-09-2028,100,06-08-2026 09:00
MED0084,LOC0121,WH-MP-002,B00843769,264,15-06-2028,100,06-08-2026 09:00
MED0091,LOC0121,WH-MP-002,B00913811,52,08-06-2028,75,06-08-2026 09:00
MED0080,LOC0121,WH-MP-002,B00803984,508,26-07-2028,20,06-08-2026 09:00
MED0101,LOC0122,WH-MP-003,B01010174,586,11-11-2027,100,06-08-2026 09:00
MED0036,LOC0122,WH-MP-003,B00360273,774,22-09-2028,50,06-08-2026 09:00
MED0041,LOC0122,WH-MP-003,B00410377,565,06-09-2026,50,06-08-2026 09:00
MED0060,LOC0122,WH-MP-003,B00600414,223,27-09-2028,50,06-08-2026 09:00
MED0088,LOC0122,WH-MP-003,B00880593,710,31-01-2028,75,06-08-2026 09:00
MED0083,LOC0122,WH-MP-003,B00830622,477,06-12-2027,20,06-08-2026 09:00
MED0085,LOC0122,WH-MP-003,B00850772,26,06-11-2026,30,06-08-2026 09:00
MED0033,LOC0122,WH-MP-003,B00330834,397,05-04-2027,100,06-08-2026 09:00
MED0103,LOC0122,WH-MP-003,B01030940,513,17-11-2026,30,06-08-2026 09:00
MED0040,LOC0122,WH-MP-003,B00401080,601,17-03-2027,30,06-08-2026 09:00
MED0113,LOC0122,WH-MP-003,B01131121,44,21-06-2027,50,06-08-2026 09:00
MED0015,LOC0122,WH-MP-003,B00151235,699,22-09-2027,30,06-08-2026 09:00
MED0006,LOC0122,WH-MP-003,B00061352,321,31-10-2028,30,06-08-2026 09:00
MED0058,LOC0122,WH-MP-003,B00581498,461,04-07-2028,20,06-08-2026 09:00
MED0052,LOC0122,WH-MP-003,B00521572,131,11-03-2028,20,06-08-2026 09:00
MED0075,LOC0122,WH-MP-003,B00751684,627,08-12-2026,20,06-08-2026 09:00
MED0022,LOC0122,WH-MP-003,B00221767,321,15-10-2028,30,06-08-2026 09:00
MED0096,LOC0122,WH-MP-003,B00961824,152,22-04-2026,20,06-08-2026 09:00
MED0055,LOC0122,WH-MP-003,B00551943,199,16-09-2027,75,06-08-2026 09:00
MED0018,LOC0122,WH-MP-003,B00182030,481,25-02-2027,50,06-08-2026 09:00
MED0050,LOC0122,WH-MP-003,B00502121,255,07-07-2028,20,06-08-2026 09:00
MED0082,LOC0122,WH-MP-003,B00822263,749,18-11-2026,30,06-08-2026 09:00
MED0044,LOC0122,WH-MP-003,B00442329,0,17-02-2027,50,06-08-2026 09:00
MED0037,LOC0122,WH-MP-003,B00372490,554,05-09-2028,30,06-08-2026 09:00
MED0084,LOC0122,WH-MP-003,B00842598,303,27-05-2028,20,06-08-2026 09:00
MED0030,LOC0122,WH-MP-003,B00302657,4,18-11-2027,50,06-08-2026 09:00
MED0039,LOC0122,WH-MP-003,B00392726,348,26-12-2026,50,06-08-2026 09:00
MED0114,LOC0122,WH-MP-003,B01142873,340,29-03-2028,75,06-08-2026 09:00
MED0046,LOC0122,WH-MP-003,B00462937,620,19-09-2027,75,06-08-2026 09:00
MED0073,LOC0122,WH-MP-003,B00733083,499,19-05-2027,30,06-08-2026 09:00
MED0014,LOC0122,WH-MP-003,B00143113,4778,10-12-2026,100,06-08-2026 09:00
MED0051,LOC0122,WH-MP-003,B00513282,759,18-12-2027,100,06-08-2026 09:00
MED0004,LOC0122,WH-MP-003,B00043382,145,12-01-2028,75,06-08-2026 09:00
MED0034,LOC0122,WH-MP-003,B00343482,702,06-01-2027,20,06-08-2026 09:00
MED0032,LOC0122,WH-MP-003,B00323523,345,19-12-2027,75,06-08-2026 09:00
MED0092,LOC0122,WH-MP-003,B00923613,38,20-02-2028,75,06-08-2026 09:00
MED0099,LOC0122,WH-MP-003,B00993717,694,09-08-2026,20,06-08-2026 09:00
MED0066,LOC0122,WH-MP-003,B00663814,213,22-07-2028,30,06-08-2026 09:00
MED0027,LOC0122,WH-MP-003,B00273958,487,01-03-2027,75,06-08-2026 09:00
MED0067,LOC0122,WH-MP-003,B00674040,564,06-10-2028,30,06-08-2026 09:00
MED0043,LOC0122,WH-MP-003,B00434186,650,17-01-2027,30,06-08-2026 09:00
MED0108,LOC0122,WH-MP-003,B01084228,386,20-07-2028,30,06-08-2026 09:00
MED0007,LOC0122,WH-MP-003,B00074371,0,29-11-2026,20,06-08-2026 09:00
MED0111,LOC0122,WH-MP-003,B01114481,427,22-07-2026,20,06-08-2026 09:00
MED0114,LOC0123,WH-MP-004,B01140180,171,16-06-2028,20,06-08-2026 09:00
MED0019,LOC0123,WH-MP-004,B00190256,264,07-01-2028,20,06-08-2026 09:00
MED0066,LOC0123,WH-MP-004,B00660372,140,08-08-2027,100,06-08-2026 09:00
MED0030,LOC0123,WH-MP-004,B00300412,0,13-10-2028,75,06-08-2026 09:00
MED0084,LOC0123,WH-MP-004,B00840590,271,15-10-2028,75,06-08-2026 09:00
MED0060,LOC0123,WH-MP-004,B00600637,350,19-02-2028,50,06-08-2026 09:00
MED0057,LOC0123,WH-MP-004,B00570780,711,24-03-2028,75,06-08-2026 09:00
MED0096,LOC0123,WH-MP-004,B00960899,452,08-02-2026,100,06-08-2026 09:00
MED0036,LOC0123,WH-MP-004,B00360916,325,16-02-2028,100,06-08-2026 09:00
MED0024,LOC0123,WH-MP-004,B00241068,4518,17-07-2028,75,06-08-2026 09:00
MED0059,LOC0123,WH-MP-004,B00591186,158,05-01-2027,30,06-08-2026 09:00
MED0100,LOC0123,WH-MP-004,B01001219,150,07-10-2028,30,06-08-2026 09:00
MED0007,LOC0123,WH-MP-004,B00071335,448,10-05-2026,75,06-08-2026 09:00
MED0041,LOC0123,WH-MP-004,B00411452,4113,08-12-2026,75,06-08-2026 09:00
MED0037,LOC0123,WH-MP-004,B00371535,407,14-11-2026,75,06-08-2026 09:00
MED0080,LOC0123,WH-MP-004,B00801670,656,12-09-2027,20,06-08-2026 09:00
MED0072,LOC0123,WH-MP-004,B00721784,651,05-09-2026,100,06-08-2026 09:00
MED0042,LOC0123,WH-MP-004,B00421843,126,22-12-2028,100,06-08-2026 09:00
MED0063,LOC0123,WH-MP-004,B00631996,369,21-11-2027,30,06-08-2026 09:00
MED0095,LOC0123,WH-MP-004,B00952083,3633,29-01-2027,50,06-08-2026 09:00
MED0070,LOC0123,WH-MP-004,B00702181,4526,29-07-2027,100,06-08-2026 09:00
MED0069,LOC0123,WH-MP-004,B00692270,2,05-03-2027,20,06-08-2026 09:00
MED0108,LOC0123,WH-MP-004,B01082372,798,18-12-2027,20,06-08-2026 09:00
MED0022,LOC0123,WH-MP-004,B00222423,40,29-08-2028,20,06-08-2026 09:00
MED0071,LOC0123,WH-MP-004,B00712538,292,21-08-2026,20,06-08-2026 09:00
MED0113,LOC0123,WH-MP-004,B01132686,592,31-01-2028,75,06-08-2026 09:00
MED0008,LOC0123,WH-MP-004,B00082762,155,31-08-2027,75,06-08-2026 09:00
MED0052,LOC0123,WH-MP-004,B00522814,335,05-02-2027,20,06-08-2026 09:00
MED0025,LOC0123,WH-MP-004,B00252923,52,26-12-2026,100,06-08-2026 09:00
MED0020,LOC0123,WH-MP-004,B00203011,370,21-06-2026,75,06-08-2026 09:00
MED0021,LOC0123,WH-MP-004,B00213182,0,26-08-2027,50,06-08-2026 09:00
MED0067,LOC0123,WH-MP-004,B00673297,780,27-06-2027,75,06-08-2026 09:00
MED0004,LOC0123,WH-MP-004,B00043332,83,14-02-2026,100,06-08-2026 09:00
MED0047,LOC0124,WH-MP-005,B00470178,703,27-11-2027,100,06-08-2026 09:00
MED0080,LOC0124,WH-MP-005,B00800277,385,08-11-2026,20,06-08-2026 09:00
MED0102,LOC0124,WH-MP-005,B01020368,785,26-09-2026,50,06-08-2026 09:00
MED0078,LOC0124,WH-MP-005,B00780448,47,20-04-2028,50,06-08-2026 09:00
MED0061,LOC0124,WH-MP-005,B00610544,528,12-08-2027,100,06-08-2026 09:00
MED0035,LOC0124,WH-MP-005,B00350653,527,28-09-2026,100,06-08-2026 09:00
MED0083,LOC0124,WH-MP-005,B00830755,290,24-09-2028,100,06-08-2026 09:00
MED0059,LOC0124,WH-MP-005,B00590883,338,28-02-2026,75,06-08-2026 09:00
MED0087,LOC0124,WH-MP-005,B00870941,187,26-12-2028,100,06-08-2026 09:00
MED0089,LOC0124,WH-MP-005,B00891022,451,23-02-2027,50,06-08-2026 09:00
MED0084,LOC0124,WH-MP-005,B00841157,2232,17-04-2028,20,06-08-2026 09:00
MED0085,LOC0124,WH-MP-005,B00851275,256,12-01-2028,20,06-08-2026 09:00
MED0043,LOC0124,WH-MP-005,B00431331,744,19-06-2027,100,06-08-2026 09:00
MED0082,LOC0124,WH-MP-005,B00821495,590,30-03-2028,20,06-08-2026 09:00
MED0030,LOC0124,WH-MP-005,B00301598,0,13-11-2028,30,06-08-2026 09:00
MED0077,LOC0124,WH-MP-005,B00771611,709,01-05-2028,30,06-08-2026 09:00
MED0055,LOC0124,WH-MP-005,B00551743,151,06-01-2028,20,06-08-2026 09:00
MED0042,LOC0124,WH-MP-005,B00421811,507,21-03-2027,30,06-08-2026 09:00
MED0099,LOC0124,WH-MP-005,B00991983,303,20-04-2027,50,06-08-2026 09:00
MED0058,LOC0124,WH-MP-005,B00582023,495,18-05-2028,100,06-08-2026 09:00
MED0040,LOC0124,WH-MP-005,B00402170,65,19-08-2027,100,06-08-2026 09:00
MED0033,LOC0124,WH-MP-005,B00332259,552,12-09-2027,50,06-08-2026 09:00
MED0022,LOC0124,WH-MP-005,B00222323,597,13-02-2028,20,06-08-2026 09:00
MED0045,LOC0124,WH-MP-005,B00452420,258,07-05-2027,75,06-08-2026 09:00
MED0020,LOC0124,WH-MP-005,B00202578,469,14-10-2027,50,06-08-2026 09:00
MED0050,LOC0124,WH-MP-005,B00502633,352,01-08-2028,20,06-08-2026 09:00
MED0103,LOC0124,WH-MP-005,B01032776,438,02-04-2028,75,06-08-2026 09:00
MED0106,LOC0124,WH-MP-005,B01062852,554,28-02-2028,100,06-08-2026 09:00
MED0079,LOC0124,WH-MP-005,B00792947,525,09-02-2028,50,06-08-2026 09:00
MED0034,LOC0124,WH-MP-005,B00343027,4,15-09-2026,20,06-08-2026 09:00
MED0104,LOC0124,WH-MP-005,B01043198,218,07-11-2026,100,06-08-2026 09:00
MED0092,LOC0124,WH-MP-005,B00923252,445,11-02-2028,50,06-08-2026 09:00
MED0008,LOC0124,WH-MP-005,B00083341,595,24-11-2027,20,06-08-2026 09:00
MED0037,LOC0124,WH-MP-005,B00373477,113,16-08-2027,100,06-08-2026 09:00
MED0011,LOC0124,WH-MP-005,B00113595,490,10-01-2028,50,06-08-2026 09:00
MED0052,LOC0124,WH-MP-005,B00523680,71,28-12-2027,50,06-08-2026 09:00
MED0081,LOC0124,WH-MP-005,B00813717,2541,07-07-2027,75,06-08-2026 09:00
MED0015,LOC0124,WH-MP-005,B00153842,0,24-07-2028,75,06-08-2026 09:00
MED0091,LOC0124,WH-MP-005,B00913923,0,29-06-2027,100,06-08-2026 09:00
MED0028,LOC0124,WH-MP-005,B00284091,0,07-02-2028,75,06-08-2026 09:00
MED0057,LOC0124,WH-MP-005,B00574196,54,28-01-2028,50,06-08-2026 09:00
MED0038,LOC0124,WH-MP-005,B00384218,666,21-03-2028,30,06-08-2026 09:00
MED0006,LOC0124,WH-MP-005,B00064368,664,05-09-2027,100,06-08-2026 09:00
MED0114,LOC0124,WH-MP-005,B01144426,64,19-02-2027,50,06-08-2026 09:00
MED0012,LOC0124,WH-MP-005,B00124533,715,19-03-2026,20,06-08-2026 09:00
MED0025,LOC0124,WH-MP-005,B00254660,552,22-12-2026,100,06-08-2026 09:00
MED0031,LOC0124,WH-MP-005,B00314789,4854,25-10-2027,75,06-08-2026 09:00
MED0107,LOC0124,WH-MP-005,B01074865,410,01-11-2027,100,06-08-2026 09:00
MED0100,LOC0124,WH-MP-005,B01004913,303,05-10-2026,50,06-08-2026 09:00
MED0074,LOC0124,WH-MP-005,B00745053,564,03-05-2027,30,06-08-2026 09:00
MED0098,LOC0124,WH-MP-005,B00985179,2701,22-04-2028,30,06-08-2026 09:00
MED0051,LOC0124,WH-MP-005,B00515288,42,23-09-2027,75,06-08-2026 09:00
MED0049,LOC0124,WH-MP-005,B00495349,731,22-12-2028,50,06-08-2026 09:00
MED0026,LOC0124,WH-MP-005,B00265446,160,02-05-2028,30,06-08-2026 09:00
MED0048,LOC0124,WH-MP-005,B00485520,336,10-07-2027,75,06-08-2026 09:00
MED0108,LOC0125,WH-MP-006,B01080167,517,12-03-2028,30,06-08-2026 09:00
MED0087,LOC0125,WH-MP-006,B00870210,275,24-01-2027,100,06-08-2026 09:00
MED0022,LOC0125,WH-MP-006,B00220344,549,19-06-2027,75,06-08-2026 09:00
MED0105,LOC0125,WH-MP-006,B01050457,772,16-08-2028,50,06-08-2026 09:00
MED0079,LOC0125,WH-MP-006,B00790526,435,30-08-2028,75,06-08-2026 09:00
MED0070,LOC0125,WH-MP-006,B00700642,730,31-12-2026,75,06-08-2026 09:00
MED0072,LOC0125,WH-MP-006,B00720770,543,24-06-2028,50,06-08-2026 09:00
MED0059,LOC0125,WH-MP-006,B00590891,2515,17-06-2027,30,06-08-2026 09:00
MED0012,LOC0125,WH-MP-006,B00120912,352,05-02-2028,30,06-08-2026 09:00
MED0102,LOC0125,WH-MP-006,B01021052,260,27-06-2026,50,06-08-2026 09:00
MED0094,LOC0125,WH-MP-006,B00941199,420,16-11-2028,50,06-08-2026 09:00
MED0097,LOC0125,WH-MP-006,B00971293,460,16-02-2028,30,06-08-2026 09:00
MED0112,LOC0125,WH-MP-006,B01121378,106,28-05-2028,20,06-08-2026 09:00
MED0027,LOC0125,WH-MP-006,B00271446,597,15-01-2029,20,06-08-2026 09:00
MED0096,LOC0125,WH-MP-006,B00961553,471,09-12-2027,75,06-08-2026 09:00
MED0021,LOC0125,WH-MP-006,B00211675,304,16-08-2027,75,06-08-2026 09:00
MED0003,LOC0125,WH-MP-006,B00031736,441,25-06-2027,50,06-08-2026 09:00
MED0101,LOC0125,WH-MP-006,B01011830,638,10-10-2028,30,06-08-2026 09:00
MED0056,LOC0125,WH-MP-006,B00561998,338,23-02-2028,50,06-08-2026 09:00
MED0049,LOC0125,WH-MP-006,B00492030,0,11-01-2028,75,06-08-2026 09:00
MED0067,LOC0125,WH-MP-006,B00672185,268,22-06-2028,30,06-08-2026 09:00
MED0100,LOC0125,WH-MP-006,B01002262,431,17-03-2028,50,06-08-2026 09:00
MED0038,LOC0125,WH-MP-006,B00382320,608,03-01-2027,20,06-08-2026 09:00
MED0017,LOC0125,WH-MP-006,B00172483,48,12-07-2027,30,06-08-2026 09:00
MED0057,LOC0125,WH-MP-006,B00572574,0,22-09-2026,100,06-08-2026 09:00
MED0062,LOC0125,WH-MP-006,B00622641,3539,21-08-2026,75,06-08-2026 09:00
MED0109,LOC0125,WH-MP-006,B01092780,639,03-10-2026,50,06-08-2026 09:00
MED0050,LOC0125,WH-MP-006,B00502856,0,03-03-2027,20,06-08-2026 09:00
MED0018,LOC0125,WH-MP-006,B00182951,286,25-05-2027,30,06-08-2026 09:00
MED0055,LOC0125,WH-MP-006,B00553072,132,07-02-2028,75,06-08-2026 09:00
MED0088,LOC0125,WH-MP-006,B00883158,471,27-08-2026,30,06-08-2026 09:00
MED0044,LOC0125,WH-MP-006,B00443299,675,20-02-2028,50,06-08-2026 09:00
MED0024,LOC0125,WH-MP-006,B00243353,302,24-03-2028,100,06-08-2026 09:00
MED0061,LOC0125,WH-MP-006,B00613413,583,15-11-2027,100,06-08-2026 09:00
MED0019,LOC0125,WH-MP-006,B00193559,664,09-08-2028,50,06-08-2026 09:00
MED0068,LOC0125,WH-MP-006,B00683648,646,14-08-2026,30,06-08-2026 09:00
MED0060,LOC0125,WH-MP-006,B00603738,293,29-05-2028,100,06-08-2026 09:00
MED0095,LOC0125,WH-MP-006,B00953894,164,18-03-2027,100,06-08-2026 09:00
MED0004,LOC0125,WH-MP-006,B00043977,63,18-09-2028,50,06-08-2026 09:00
MED0021,LOC0126,WH-MP-007,B00210121,92,06-11-2028,20,06-08-2026 09:00
MED0100,LOC0126,WH-MP-007,B01000231,370,09-09-2028,100,06-08-2026 09:00
MED0098,LOC0126,WH-MP-007,B00980313,324,05-01-2027,50,06-08-2026 09:00
MED0010,LOC0126,WH-MP-007,B00100421,489,20-07-2027,50,06-08-2026 09:00
MED0051,LOC0126,WH-MP-007,B00510551,671,10-04-2027,30,06-08-2026 09:00
MED0084,LOC0126,WH-MP-007,B00840621,88,04-07-2028,50,06-08-2026 09:00
MED0041,LOC0126,WH-MP-007,B00410739,309,20-11-2028,20,06-08-2026 09:00
MED0013,LOC0126,WH-MP-007,B00130835,727,13-01-2027,50,06-08-2026 09:00
MED0009,LOC0126,WH-MP-007,B00090932,702,12-10-2028,30,06-08-2026 09:00
MED0079,LOC0126,WH-MP-007,B00791040,425,07-09-2026,75,06-08-2026 09:00
MED0081,LOC0126,WH-MP-007,B00811113,118,07-04-2027,50,06-08-2026 09:00
MED0091,LOC0126,WH-MP-007,B00911220,712,01-04-2028,30,06-08-2026 09:00
MED0024,LOC0126,WH-MP-007,B00241381,0,12-09-2027,30,06-08-2026 09:00
MED0012,LOC0126,WH-MP-007,B00121481,538,25-12-2026,20,06-08-2026 09:00
MED0039,LOC0126,WH-MP-007,B00391596,728,31-08-2026,100,06-08-2026 09:00
MED0048,LOC0126,WH-MP-007,B00481683,369,03-03-2027,75,06-08-2026 09:00
MED0063,LOC0126,WH-MP-007,B00631718,604,27-06-2026,20,06-08-2026 09:00
MED0038,LOC0126,WH-MP-007,B00381899,401,17-11-2028,30,06-08-2026 09:00
MED0103,LOC0126,WH-MP-007,B01031990,2620,19-01-2028,30,06-08-2026 09:00
MED0097,LOC0126,WH-MP-007,B00972099,307,01-11-2028,75,06-08-2026 09:00
MED0108,LOC0126,WH-MP-007,B01082137,87,19-02-2026,20,06-08-2026 09:00
MED0020,LOC0126,WH-MP-007,B00202271,94,05-04-2028,100,06-08-2026 09:00
MED0008,LOC0126,WH-MP-007,B00082324,0,04-12-2026,50,06-08-2026 09:00
MED0027,LOC0126,WH-MP-007,B00272441,800,24-12-2028,30,06-08-2026 09:00
MED0006,LOC0126,WH-MP-007,B00062513,269,18-01-2028,50,06-08-2026 09:00
MED0086,LOC0126,WH-MP-007,B00862654,4126,09-12-2027,75,06-08-2026 09:00
MED0018,LOC0126,WH-MP-007,B00182729,507,12-12-2028,20,06-08-2026 09:00
MED0061,LOC0126,WH-MP-007,B00612819,668,23-06-2027,50,06-08-2026 09:00
MED0104,LOC0126,WH-MP-007,B01042935,213,08-08-2026,75,06-08-2026 09:00
MED0050,LOC0126,WH-MP-007,B00503093,515,07-02-2027,75,06-08-2026 09:00
MED0080,LOC0126,WH-MP-007,B00803134,706,05-12-2026,20,06-08-2026 09:00
MED0034,LOC0126,WH-MP-007,B00343261,790,12-01-2028,100,06-08-2026 09:00
MED0060,LOC0126,WH-MP-007,B00603345,0,18-07-2028,75,06-08-2026 09:00
MED0026,LOC0126,WH-MP-007,B00263441,406,15-07-2028,75,06-08-2026 09:00
MED0004,LOC0126,WH-MP-007,B00043517,253,19-02-2028,30,06-08-2026 09:00
MED0066,LOC0126,WH-MP-007,B00663611,760,22-04-2028,20,06-08-2026 09:00
MED0071,LOC0126,WH-MP-007,B00713781,67,23-12-2026,20,06-08-2026 09:00
MED0019,LOC0126,WH-MP-007,B00193813,186,12-06-2027,75,06-08-2026 09:00
MED0113,LOC0126,WH-MP-007,B01133946,547,31-08-2027,75,06-08-2026 09:00
MED0092,LOC0126,WH-MP-007,B00924031,565,31-08-2028,100,06-08-2026 09:00
MED0025,LOC0126,WH-MP-007,B00254173,614,17-06-2028,30,06-08-2026 09:00
MED0047,LOC0126,WH-MP-007,B00474228,332,13-10-2028,30,06-08-2026 09:00
MED0031,LOC0126,WH-MP-007,B00314350,345,03-11-2027,50,06-08-2026 09:00
MED0023,LOC0126,WH-MP-007,B00234463,787,12-09-2026,20,06-08-2026 09:00
MED0101,LOC0126,WH-MP-007,B01014540,318,22-04-2027,20,06-08-2026 09:00
MED0022,LOC0126,WH-MP-007,B00224672,574,17-05-2028,75,06-08-2026 09:00
MED0037,LOC0126,WH-MP-007,B00374728,576,20-05-2027,30,06-08-2026 09:00
MED0068,LOC0126,WH-MP-007,B00684862,33,03-07-2027,30,06-08-2026 09:00
MED0002,LOC0126,WH-MP-007,B00024945,531,09-01-2028,50,06-08-2026 09:00
MED0078,LOC0126,WH-MP-007,B00785022,491,03-08-2027,100,06-08-2026 09:00
MED0089,LOC0126,WH-MP-007,B00895161,785,09-08-2026,75,06-08-2026 09:00
MED0085,LOC0126,WH-MP-007,B00855283,3363,25-04-2027,30,06-08-2026 09:00
MED0028,LOC0126,WH-MP-007,B00285375,38,29-08-2026,75,06-08-2026 09:00
MED0015,LOC0126,WH-MP-007,B00155444,0,23-09-2026,50,06-08-2026 09:00
MED0077,LOC0126,WH-MP-007,B00775524,378,14-05-2028,50,06-08-2026 09:00
MED0042,LOC0126,WH-MP-007,B00425619,719,13-01-2027,50,06-08-2026 09:00
MED0054,LOC0126,WH-MP-007,B00545713,121,31-08-2026,75,06-08-2026 09:00
MED0113,LOC0127,WH-MP-008,B01130196,346,01-11-2027,50,06-08-2026 09:00
MED0049,LOC0127,WH-MP-008,B00490221,29,04-08-2026,75,06-08-2026 09:00
MED0010,LOC0127,WH-MP-008,B00100329,423,24-03-2027,20,06-08-2026 09:00
MED0012,LOC0127,WH-MP-008,B00120485,225,24-11-2027,75,06-08-2026 09:00
MED0067,LOC0127,WH-MP-008,B00670593,703,13-08-2026,75,06-08-2026 09:00
MED0078,LOC0127,WH-MP-008,B00780639,212,30-04-2028,75,06-08-2026 09:00
MED0022,LOC0127,WH-MP-008,B00220796,56,02-10-2027,100,06-08-2026 09:00
MED0052,LOC0127,WH-MP-008,B00520843,0,21-05-2027,75,06-08-2026 09:00
MED0096,LOC0127,WH-MP-008,B00960997,619,25-12-2027,20,06-08-2026 09:00
MED0106,LOC0127,WH-MP-008,B01061062,0,19-08-2026,50,06-08-2026 09:00
MED0003,LOC0127,WH-MP-008,B00031140,771,23-11-2026,50,06-08-2026 09:00
MED0101,LOC0127,WH-MP-008,B01011234,643,09-08-2027,50,06-08-2026 09:00
MED0043,LOC0127,WH-MP-008,B00431332,34,20-04-2026,75,06-08-2026 09:00
MED0044,LOC0127,WH-MP-008,B00441452,338,16-06-2028,75,06-08-2026 09:00
MED0103,LOC0127,WH-MP-008,B01031542,185,02-11-2027,20,06-08-2026 09:00
MED0091,LOC0127,WH-MP-008,B00911647,396,07-10-2027,50,06-08-2026 09:00
MED0081,LOC0127,WH-MP-008,B00811799,759,05-03-2028,30,06-08-2026 09:00
MED0035,LOC0127,WH-MP-008,B00351874,133,25-04-2027,50,06-08-2026 09:00
MED0114,LOC0127,WH-MP-008,B01141918,114,03-12-2028,20,06-08-2026 09:00
MED0045,LOC0127,WH-MP-008,B00452046,313,12-09-2028,75,06-08-2026 09:00
MED0034,LOC0127,WH-MP-008,B00342162,239,04-03-2027,50,06-08-2026 09:00
MED0023,LOC0127,WH-MP-008,B00232275,166,22-11-2028,30,06-08-2026 09:00
MED0051,LOC0127,WH-MP-008,B00512315,93,03-10-2028,100,06-08-2026 09:00
MED0065,LOC0127,WH-MP-008,B00652426,2052,17-02-2027,20,06-08-2026 09:00
MED0032,LOC0127,WH-MP-008,B00322519,671,23-12-2027,100,06-08-2026 09:00
MED0105,LOC0127,WH-MP-008,B01052682,0,08-01-2029,30,06-08-2026 09:00
MED0099,LOC0127,WH-MP-008,B00992732,92,26-08-2027,50,06-08-2026 09:00
MED0033,LOC0127,WH-MP-008,B00332879,359,18-01-2029,30,06-08-2026 09:00
MED0030,LOC0127,WH-MP-008,B00302970,494,04-05-2028,30,06-08-2026 09:00
MED0064,LOC0127,WH-MP-008,B00643025,674,25-05-2028,50,06-08-2026 09:00
MED0058,LOC0127,WH-MP-008,B00583151,0,02-10-2026,30,06-08-2026 09:00
MED0111,LOC0127,WH-MP-008,B01113222,467,01-03-2028,75,06-08-2026 09:00
MED0097,LOC0127,WH-MP-008,B00973318,573,22-09-2026,20,06-08-2026 09:00
MED0004,LOC0127,WH-MP-008,B00043476,479,25-09-2028,100,06-08-2026 09:00
MED0026,LOC0127,WH-MP-008,B00263583,738,17-03-2028,100,06-08-2026 09:00
MED0038,LOC0127,WH-MP-008,B00383661,3706,26-08-2026,20,06-08-2026 09:00
MED0082,LOC0127,WH-MP-008,B00823784,729,17-02-2027,50,06-08-2026 09:00
MED0031,LOC0128,WH-MP-009,B00310136,440,09-11-2028,20,06-08-2026 09:00
MED0008,LOC0128,WH-MP-009,B00080268,584,08-11-2027,100,06-08-2026 09:00
MED0098,LOC0128,WH-MP-009,B00980377,412,18-09-2028,20,06-08-2026 09:00
MED0074,LOC0128,WH-MP-009,B00740434,786,18-11-2026,30,06-08-2026 09:00
MED0059,LOC0128,WH-MP-009,B00590512,0,03-07-2028,75,06-08-2026 09:00
MED0047,LOC0128,WH-MP-009,B00470617,0,19-04-2028,75,06-08-2026 09:00
MED0103,LOC0128,WH-MP-009,B01030765,769,03-11-2028,100,06-08-2026 09:00
MED0039,LOC0128,WH-MP-009,B00390814,37,13-12-2028,100,06-08-2026 09:00
MED0023,LOC0128,WH-MP-009,B00230944,527,03-04-2028,100,06-08-2026 09:00
MED0094,LOC0128,WH-MP-009,B00941048,711,21-03-2028,100,06-08-2026 09:00
MED0099,LOC0128,WH-MP-009,B00991188,419,03-05-2027,100,06-08-2026 09:00
MED0107,LOC0128,WH-MP-009,B01071244,486,23-09-2028,75,06-08-2026 09:00
MED0063,LOC0128,WH-MP-009,B00631360,452,06-09-2026,50,06-08-2026 09:00
MED0028,LOC0128,WH-MP-009,B00281430,91,09-04-2028,50,06-08-2026 09:00
MED0105,LOC0128,WH-MP-009,B01051583,4400,06-03-2028,100,06-08-2026 09:00
MED0104,LOC0128,WH-MP-009,B01041634,0,15-12-2026,50,06-08-2026 09:00
MED0086,LOC0128,WH-MP-009,B00861733,135,05-01-2027,50,06-08-2026 09:00
MED0067,LOC0128,WH-MP-009,B00671817,406,23-06-2027,75,06-08-2026 09:00
MED0070,LOC0128,WH-MP-009,B00701954,3593,23-07-2027,30,06-08-2026 09:00
MED0084,LOC0128,WH-MP-009,B00842040,380,20-06-2027,30,06-08-2026 09:00
MED0044,LOC0128,WH-MP-009,B00442143,732,19-02-2028,20,06-08-2026 09:00
MED0091,LOC0128,WH-MP-009,B00912275,232,21-01-2028,20,06-08-2026 09:00
MED0024,LOC0128,WH-MP-009,B00242371,152,18-12-2027,50,06-08-2026 09:00
MED0114,LOC0128,WH-MP-009,B01142471,3403,27-05-2027,50,06-08-2026 09:00
MED0064,LOC0128,WH-MP-009,B00642555,25,27-09-2026,100,06-08-2026 09:00
MED0112,LOC0128,WH-MP-009,B01122634,785,05-06-2027,30,06-08-2026 09:00
MED0062,LOC0128,WH-MP-009,B00622726,236,26-07-2027,30,06-08-2026 09:00
MED0038,LOC0128,WH-MP-009,B00382876,363,16-04-2027,30,06-08-2026 09:00
MED0072,LOC0128,WH-MP-009,B00722933,224,03-05-2027,30,06-08-2026 09:00
MED0090,LOC0128,WH-MP-009,B00903039,212,21-08-2026,50,06-08-2026 09:00
MED0110,LOC0128,WH-MP-009,B01103110,750,28-12-2026,75,06-08-2026 09:00
MED0001,LOC0128,WH-MP-009,B00013242,319,20-08-2026,100,06-08-2026 09:00
MED0113,LOC0128,WH-MP-009,B01133334,456,16-06-2026,20,06-08-2026 09:00
MED0061,LOC0128,WH-MP-009,B00613490,201,12-08-2028,30,06-08-2026 09:00
MED0089,LOC0128,WH-MP-009,B00893556,526,18-08-2027,100,06-08-2026 09:00
MED0080,LOC0128,WH-MP-009,B00803672,84,17-09-2026,75,06-08-2026 09:00
MED0016,LOC0128,WH-MP-009,B00163766,12,16-06-2027,100,06-08-2026 09:00
MED0019,LOC0128,WH-MP-009,B00193897,727,19-11-2027,20,06-08-2026 09:00
MED0100,LOC0128,WH-MP-009,B01003979,431,03-12-2027,20,06-08-2026 09:00
MED0032,LOC0128,WH-MP-009,B00324057,668,02-09-2027,20,06-08-2026 09:00
MED0106,LOC0128,WH-MP-009,B01064122,745,31-03-2027,50,06-08-2026 09:00
MED0043,LOC0128,WH-MP-009,B00434269,713,19-06-2027,50,06-08-2026 09:00
MED0013,LOC0128,WH-MP-009,B00134336,445,30-09-2027,100,06-08-2026 09:00
MED0021,LOC0128,WH-MP-009,B00214464,461,12-07-2028,30,06-08-2026 09:00
MED0012,LOC0128,WH-MP-009,B00124526,631,16-11-2028,100,06-08-2026 09:00
MED0004,LOC0128,WH-MP-009,B00044614,218,11-06-2028,100,06-08-2026 09:00
MED0071,LOC0128,WH-MP-009,B00714796,628,26-02-2028,30,06-08-2026 09:00
MED0022,LOC0128,WH-MP-009,B00224857,693,14-10-2028,100,06-08-2026 09:00
MED0052,LOC0128,WH-MP-009,B00524984,96,22-11-2027,20,06-08-2026 09:00
MED0088,LOC0128,WH-MP-009,B00885097,371,01-10-2028,75,06-08-2026 09:00
MED0082,LOC0128,WH-MP-009,B00825193,2047,22-01-2028,20,06-08-2026 09:00
MED0040,LOC0128,WH-MP-009,B00405292,687,21-12-2027,100,06-08-2026 09:00
MED0027,LOC0128,WH-MP-009,B00275321,304,29-02-2028,75,06-08-2026 09:00
MED0073,LOC0128,WH-MP-009,B00735441,590,16-01-2028,50,06-08-2026 09:00
MED0026,LOC0128,WH-MP-009,B00265510,366,03-02-2027,30,06-08-2026 09:00
MED0065,LOC0128,WH-MP-009,B00655658,189,27-02-2028,30,06-08-2026 09:00
MED0109,LOC0128,WH-MP-009,B01095761,333,20-12-2028,30,06-08-2026 09:00
MED0087,LOC0129,WH-MP-010,B00870195,478,28-11-2027,30,06-08-2026 09:00
MED0057,LOC0129,WH-MP-010,B00570259,760,29-10-2027,75,06-08-2026 09:00
MED0038,LOC0129,WH-MP-010,B00380336,721,27-04-2027,75,06-08-2026 09:00
MED0027,LOC0129,WH-MP-010,B00270486,462,10-06-2027,50,06-08-2026 09:00
MED0074,LOC0129,WH-MP-010,B00740584,400,12-07-2026,20,06-08-2026 09:00
MED0114,LOC0129,WH-MP-010,B01140676,0,18-03-2026,20,06-08-2026 09:00
MED0054,LOC0129,WH-MP-010,B00540736,744,14-04-2026,75,06-08-2026 09:00
MED0030,LOC0129,WH-MP-010,B00300881,311,05-02-2028,30,06-08-2026 09:00
MED0077,LOC0129,WH-MP-010,B00770955,202,13-04-2028,100,06-08-2026 09:00
MED0078,LOC0129,WH-MP-010,B00781017,286,03-09-2026,100,06-08-2026 09:00
MED0033,LOC0129,WH-MP-010,B00331163,613,11-02-2027,100,06-08-2026 09:00
MED0079,LOC0129,WH-MP-010,B00791256,789,11-09-2028,50,06-08-2026 09:00
MED0044,LOC0129,WH-MP-010,B00441341,3169,20-03-2028,100,06-08-2026 09:00
MED0106,LOC0129,WH-MP-010,B01061473,588,23-07-2027,50,06-08-2026 09:00
MED0037,LOC0129,WH-MP-010,B00371580,239,29-12-2028,30,06-08-2026 09:00
MED0001,LOC0129,WH-MP-010,B00011683,728,31-03-2028,20,06-08-2026 09:00
MED0026,LOC0129,WH-MP-010,B00261780,398,01-02-2027,20,06-08-2026 09:00
MED0072,LOC0129,WH-MP-010,B00721821,310,31-01-2028,30,06-08-2026 09:00
MED0073,LOC0129,WH-MP-010,B00731966,771,04-07-2027,100,06-08-2026 09:00
MED0045,LOC0129,WH-MP-010,B00452061,270,16-07-2028,50,06-08-2026 09:00
MED0042,LOC0129,WH-MP-010,B00422130,219,13-12-2027,100,06-08-2026 09:00
MED0100,LOC0129,WH-MP-010,B01002283,0,10-04-2028,50,06-08-2026 09:00
MED0108,LOC0129,WH-MP-010,B01082391,399,18-07-2028,100,06-08-2026 09:00
MED0047,LOC0129,WH-MP-010,B00472455,227,29-06-2027,30,06-08-2026 09:00
MED0056,LOC0129,WH-MP-010,B00562533,609,26-02-2027,50,06-08-2026 09:00
MED0085,LOC0129,WH-MP-010,B00852674,398,06-06-2026,20,06-08-2026 09:00
MED0084,LOC0129,WH-MP-010,B00842752,4134,06-06-2027,75,06-08-2026 09:00
MED0048,LOC0129,WH-MP-010,B00482848,297,04-11-2026,50,06-08-2026 09:00
MED0098,LOC0129,WH-MP-010,B00982966,217,27-07-2027,100,06-08-2026 09:00
MED0010,LOC0129,WH-MP-010,B00103094,752,09-03-2027,50,06-08-2026 09:00
MED0061,LOC0129,WH-MP-010,B00613115,190,16-10-2027,20,06-08-2026 09:00
MED0008,LOC0129,WH-MP-010,B00083254,696,20-09-2027,30,06-08-2026 09:00
MED0066,LOC0129,WH-MP-010,B00663318,727,22-10-2028,100,06-08-2026 09:00
MED0063,LOC0129,WH-MP-010,B00633425,45,20-05-2026,100,06-08-2026 09:00
MED0028,LOC0129,WH-MP-010,B00283526,226,20-11-2027,50,06-08-2026 09:00
MED0005,LOC0129,WH-MP-010,B00053622,732,05-11-2026,100,06-08-2026 09:00
MED0007,LOC0129,WH-MP-010,B00073713,323,27-12-2028,30,06-08-2026 09:00
MED0020,LOC0129,WH-MP-010,B00203811,493,18-04-2028,30,06-08-2026 09:00
MED0012,LOC0129,WH-MP-010,B00123947,31,30-09-2026,20,06-08-2026 09:00
MED0003,LOC0129,WH-MP-010,B00034057,96,06-02-2027,50,06-08-2026 09:00
MED0008,LOC0130,WH-MP-011,B00080182,167,17-12-2026,50,06-08-2026 09:00
MED0050,LOC0130,WH-MP-011,B00500237,0,28-09-2026,50,06-08-2026 09:00
MED0096,LOC0130,WH-MP-011,B00960373,74,29-02-2028,75,06-08-2026 09:00
MED0084,LOC0130,WH-MP-011,B00840467,357,06-11-2028,50,06-08-2026 09:00
MED0104,LOC0130,WH-MP-011,B01040598,397,12-01-2027,50,06-08-2026 09:00
MED0012,LOC0130,WH-MP-011,B00120693,758,09-08-2026,30,06-08-2026 09:00
MED0077,LOC0130,WH-MP-011,B00770719,397,18-11-2027,30,06-08-2026 09:00
MED0038,LOC0130,WH-MP-011,B00380825,689,14-08-2026,75,06-08-2026 09:00
MED0078,LOC0130,WH-MP-011,B00780925,658,12-08-2026,100,06-08-2026 09:00
MED0073,LOC0130,WH-MP-011,B00731096,727,27-06-2027,30,06-08-2026 09:00
MED0099,LOC0130,WH-MP-011,B00991151,226,09-05-2027,100,06-08-2026 09:00
MED0075,LOC0130,WH-MP-011,B00751284,763,25-03-2028,50,06-08-2026 09:00
MED0015,LOC0130,WH-MP-011,B00151324,0,18-06-2027,30,06-08-2026 09:00
MED0025,LOC0130,WH-MP-011,B00251494,349,25-05-2028,50,06-08-2026 09:00
MED0052,LOC0130,WH-MP-011,B00521559,107,22-06-2028,100,06-08-2026 09:00
MED0081,LOC0130,WH-MP-011,B00811646,414,23-12-2026,20,06-08-2026 09:00
MED0093,LOC0130,WH-MP-011,B00931728,0,09-01-2027,50,06-08-2026 09:00
MED0048,LOC0130,WH-MP-011,B00481861,432,05-07-2026,20,06-08-2026 09:00
MED0005,LOC0130,WH-MP-011,B00051911,705,30-12-2028,50,06-08-2026 09:00
MED0046,LOC0130,WH-MP-011,B00462099,416,11-05-2028,50,06-08-2026 09:00
MED0044,LOC0130,WH-MP-011,B00442114,511,24-07-2027,20,06-08-2026 09:00
MED0016,LOC0130,WH-MP-011,B00162243,279,03-10-2027,100,06-08-2026 09:00
MED0074,LOC0130,WH-MP-011,B00742311,360,24-04-2026,50,06-08-2026 09:00
MED0013,LOC0130,WH-MP-011,B00132414,757,31-03-2028,100,06-08-2026 09:00
MED0086,LOC0130,WH-MP-011,B00862553,708,30-07-2027,75,06-08-2026 09:00
MED0076,LOC0130,WH-MP-011,B00762691,570,29-07-2028,75,06-08-2026 09:00
MED0029,LOC0130,WH-MP-011,B00292772,356,15-12-2026,100,06-08-2026 09:00
MED0092,LOC0130,WH-MP-011,B00922895,280,16-08-2026,50,06-08-2026 09:00
MED0053,LOC0130,WH-MP-011,B00532993,297,12-02-2028,100,06-08-2026 09:00
MED0069,LOC0130,WH-MP-011,B00693096,183,18-05-2027,75,06-08-2026 09:00
MED0057,LOC0130,WH-MP-011,B00573120,415,15-07-2028,100,06-08-2026 09:00
MED0011,LOC0130,WH-MP-011,B00113246,199,27-04-2026,100,06-08-2026 09:00
MED0065,LOC0130,WH-MP-011,B00653347,4580,27-02-2028,75,06-08-2026 09:00
MED0056,LOC0130,WH-MP-011,B00563427,327,18-11-2026,75,06-08-2026 09:00
MED0064,LOC0130,WH-MP-011,B00643525,3826,29-01-2027,75,06-08-2026 09:00
MED0010,LOC0130,WH-MP-011,B00103665,787,17-12-2027,75,06-08-2026 09:00
MED0062,LOC0130,WH-MP-011,B00623744,315,14-03-2027,20,06-08-2026 09:00
MED0001,LOC0130,WH-MP-011,B00013896,608,16-01-2029,75,06-08-2026 09:00
MED0085,LOC0130,WH-MP-011,B00853958,47,30-08-2026,75,06-08-2026 09:00
MED0002,LOC0130,WH-MP-011,B00024047,763,04-10-2028,30,06-08-2026 09:00
MED0040,LOC0130,WH-MP-011,B00404126,372,27-03-2028,20,06-08-2026 09:00
MED0019,LOC0130,WH-MP-011,B00194232,2604,11-08-2027,30,06-08-2026 09:00
MED0027,LOC0130,WH-MP-011,B00274314,349,08-12-2027,30,06-08-2026 09:00
MED0021,LOC0130,WH-MP-011,B00214449,763,30-07-2028,20,06-08-2026 09:00
MED0047,LOC0130,WH-MP-011,B00474556,64,22-02-2027,100,06-08-2026 09:00
MED0003,LOC0130,WH-MP-011,B00034639,153,05-05-2026,20,06-08-2026 09:00
MED0063,LOC0130,WH-MP-011,B00634775,89,05-03-2027,50,06-08-2026 09:00
MED0091,LOC0130,WH-MP-011,B00914889,423,02-03-2026,50,06-08-2026 09:00
MED0055,LOC0130,WH-MP-011,B00554925,152,13-03-2027,30,06-08-2026 09:00
MED0083,LOC0130,WH-MP-011,B00835044,150,18-06-2028,20,06-08-2026 09:00
MED0020,LOC0130,WH-MP-011,B00205199,231,14-08-2027,50,06-08-2026 09:00
MED0106,LOC0130,WH-MP-011,B01065272,31,08-05-2028,20,06-08-2026 09:00
MED0107,LOC0130,WH-MP-011,B01075397,711,24-05-2027,100,06-08-2026 09:00
MED0102,LOC0130,WH-MP-011,B01025429,493,14-05-2028,75,06-08-2026 09:00
MED0014,LOC0130,WH-MP-011,B00145524,0,05-10-2026,50,06-08-2026 09:00
MED0090,LOC0130,WH-MP-011,B00905672,150,14-06-2027,75,06-08-2026 09:00
MED0009,LOC0130,WH-MP-011,B00095720,697,16-04-2028,100,06-08-2026 09:00
MED0112,LOC0130,WH-MP-011,B01125882,2063,01-10-2028,100,06-08-2026 09:00
MED0049,LOC0130,WH-MP-011,B00495954,318,27-12-2027,75,06-08-2026 09:00
MED0067,LOC0130,WH-MP-011,B00676037,631,23-01-2028,75,06-08-2026 09:00
MED0047,LOC0131,WH-MP-012,B00470130,191,01-03-2028,100,06-08-2026 09:00
MED0065,LOC0131,WH-MP-012,B00650258,451,23-01-2028,20,06-08-2026 09:00
MED0061,LOC0131,WH-MP-012,B00610373,545,10-09-2026,75,06-08-2026 09:00
MED0058,LOC0131,WH-MP-012,B00580420,713,04-02-2028,50,06-08-2026 09:00
MED0037,LOC0131,WH-MP-012,B00370519,0,04-06-2027,30,06-08-2026 09:00
MED0100,LOC0131,WH-MP-012,B01000634,399,14-07-2028,30,06-08-2026 09:00
MED0045,LOC0131,WH-MP-012,B00450726,768,14-12-2027,20,06-08-2026 09:00
MED0017,LOC0131,WH-MP-012,B00170820,35,02-09-2027,20,06-08-2026 09:00
MED0054,LOC0131,WH-MP-012,B00540925,269,15-08-2028,50,06-08-2026 09:00
MED0028,LOC0131,WH-MP-012,B00281055,83,24-08-2027,20,06-08-2026 09:00
MED0099,LOC0131,WH-MP-012,B00991155,611,13-09-2027,30,06-08-2026 09:00
MED0090,LOC0131,WH-MP-012,B00901288,209,05-07-2028,75,06-08-2026 09:00
MED0039,LOC0131,WH-MP-012,B00391339,2501,10-11-2027,75,06-08-2026 09:00
MED0113,LOC0131,WH-MP-012,B01131431,283,08-02-2028,30,06-08-2026 09:00
MED0067,LOC0131,WH-MP-012,B00671513,630,06-02-2027,100,06-08-2026 09:00
MED0069,LOC0131,WH-MP-012,B00691648,648,01-09-2027,20,06-08-2026 09:00
MED0019,LOC0131,WH-MP-012,B00191799,373,12-05-2028,100,06-08-2026 09:00
MED0026,LOC0131,WH-MP-012,B00261877,734,13-01-2027,50,06-08-2026 09:00
MED0096,LOC0131,WH-MP-012,B00961926,487,28-12-2026,100,06-08-2026 09:00
MED0064,LOC0131,WH-MP-012,B00642042,604,17-07-2028,20,06-08-2026 09:00
MED0081,LOC0131,WH-MP-012,B00812146,224,20-03-2028,30,06-08-2026 09:00
MED0020,LOC0131,WH-MP-012,B00202231,215,17-04-2027,100,06-08-2026 09:00
MED0041,LOC0131,WH-MP-012,B00412315,616,27-05-2028,30,06-08-2026 09:00
MED0040,LOC0131,WH-MP-012,B00402425,0,06-10-2028,75,06-08-2026 09:00
MED0038,LOC0131,WH-MP-012,B00382537,755,24-04-2028,50,06-08-2026 09:00
MED0024,LOC0131,WH-MP-012,B00242673,317,13-11-2028,75,06-08-2026 09:00
MED0107,LOC0131,WH-MP-012,B01072759,0,24-04-2026,50,06-08-2026 09:00
MED0082,LOC0131,WH-MP-012,B00822810,780,16-11-2026,75,06-08-2026 09:00
MED0042,LOC0131,WH-MP-012,B00422980,734,30-09-2026,75,06-08-2026 09:00
MED0097,LOC0131,WH-MP-012,B00973078,2741,25-08-2028,30,06-08-2026 09:00
MED0086,LOC0131,WH-MP-012,B00863163,2870,02-04-2028,30,06-08-2026 09:00
MED0015,LOC0131,WH-MP-012,B00153266,568,23-12-2028,100,06-08-2026 09:00
MED0009,LOC0131,WH-MP-012,B00093336,725,09-07-2028,30,06-08-2026 09:00
MED0060,LOC0131,WH-MP-012,B00603492,306,07-11-2027,30,06-08-2026 09:00
MED0068,LOC0131,WH-MP-012,B00683514,441,12-09-2028,100,06-08-2026 09:00
MED0072,LOC0131,WH-MP-012,B00723679,406,28-05-2026,75,06-08-2026 09:00
MED0089,LOC0131,WH-MP-012,B00893793,96,20-07-2027,50,06-08-2026 09:00
MED0071,LOC0131,WH-MP-012,B00713845,348,17-11-2028,50,06-08-2026 09:00
MED0004,LOC0131,WH-MP-012,B00043994,575,09-09-2026,100,06-08-2026 09:00
MED0043,LOC0131,WH-MP-012,B00434043,443,10-04-2027,50,06-08-2026 09:00
MED0006,LOC0131,WH-MP-012,B00064181,3592,25-02-2028,30,06-08-2026 09:00
MED0032,LOC0131,WH-MP-012,B00324238,724,15-03-2026,20,06-08-2026 09:00
MED0033,LOC0131,WH-MP-012,B00334362,541,20-09-2026,75,06-08-2026 09:00
MED0044,LOC0131,WH-MP-012,B00444490,370,22-05-2028,50,06-08-2026 09:00
MED0114,LOC0131,WH-MP-012,B01144541,264,02-08-2028,50,06-08-2026 09:00
MED0030,LOC0131,WH-MP-012,B00304662,202,05-06-2027,75,06-08-2026 09:00
MED0089,LOC0132,WH-M-001,B00890187,133,18-07-2028,75,06-08-2026 09:00
MED0051,LOC0132,WH-M-001,B00510256,501,01-03-2027,20,06-08-2026 09:00
MED0044,LOC0132,WH-M-001,B00440388,0,21-08-2026,20,06-08-2026 09:00
MED0074,LOC0132,WH-M-001,B00740446,538,15-09-2027,20,06-08-2026 09:00
MED0064,LOC0132,WH-M-001,B00640589,422,29-03-2028,30,06-08-2026 09:00
MED0023,LOC0132,WH-M-001,B00230611,267,14-07-2028,30,06-08-2026 09:00
MED0063,LOC0132,WH-M-001,B00630722,0,12-12-2027,20,06-08-2026 09:00
MED0052,LOC0132,WH-M-001,B00520887,256,24-10-2028,75,06-08-2026 09:00
MED0060,LOC0132,WH-M-001,B00600987,643,08-09-2028,20,06-08-2026 09:00
MED0055,LOC0132,WH-M-001,B00551038,350,10-03-2028,100,06-08-2026 09:00
MED0067,LOC0132,WH-M-001,B00671183,27,23-07-2028,100,06-08-2026 09:00
MED0110,LOC0132,WH-M-001,B01101214,236,08-05-2027,75,06-08-2026 09:00
MED0061,LOC0132,WH-M-001,B00611334,121,20-06-2026,100,06-08-2026 09:00
MED0108,LOC0132,WH-M-001,B01081417,312,30-04-2027,75,06-08-2026 09:00
MED0047,LOC0132,WH-M-001,B00471530,396,27-01-2028,50,06-08-2026 09:00
MED0073,LOC0132,WH-M-001,B00731695,635,18-02-2027,50,06-08-2026 09:00
MED0027,LOC0132,WH-M-001,B00271730,698,23-05-2027,50,06-08-2026 09:00
MED0100,LOC0132,WH-M-001,B01001849,121,28-08-2026,75,06-08-2026 09:00
MED0072,LOC0132,WH-M-001,B00721990,3910,02-06-2027,100,06-08-2026 09:00
MED0105,LOC0132,WH-M-001,B01052064,423,08-03-2026,30,06-08-2026 09:00
MED0010,LOC0132,WH-M-001,B00102192,520,05-05-2028,100,06-08-2026 09:00
MED0098,LOC0132,WH-M-001,B00982253,64,24-03-2026,100,06-08-2026 09:00
MED0040,LOC0132,WH-M-001,B00402385,355,08-03-2028,100,06-08-2026 09:00
MED0012,LOC0132,WH-M-001,B00122445,713,29-12-2027,50,06-08-2026 09:00
MED0101,LOC0132,WH-M-001,B01012529,52,28-05-2027,50,06-08-2026 09:00
MED0033,LOC0132,WH-M-001,B00332654,504,26-12-2028,75,06-08-2026 09:00
MED0077,LOC0132,WH-M-001,B00772766,270,17-04-2028,100,06-08-2026 09:00
MED0094,LOC0132,WH-M-001,B00942843,265,13-08-2028,75,06-08-2026 09:00
MED0075,LOC0132,WH-M-001,B00752940,357,08-08-2028,75,06-08-2026 09:00
MED0045,LOC0132,WH-M-001,B00453014,258,28-08-2028,50,06-08-2026 09:00
MED0029,LOC0132,WH-M-001,B00293173,793,31-01-2028,30,06-08-2026 09:00
MED0096,LOC0132,WH-M-001,B00963296,5,10-08-2027,30,06-08-2026 09:00
MED0004,LOC0132,WH-M-001,B00043389,322,22-08-2028,100,06-08-2026 09:00
MED0071,LOC0132,WH-M-001,B00713445,27,27-10-2027,50,06-08-2026 09:00
MED0070,LOC0132,WH-M-001,B00703577,33,11-03-2028,100,06-08-2026 09:00
MED0039,LOC0132,WH-M-001,B00393678,544,19-11-2028,20,06-08-2026 09:00
MED0109,LOC0132,WH-M-001,B01093787,594,11-11-2028,50,06-08-2026 09:00
MED0032,LOC0133,WH-M-002,B00320165,545,21-06-2028,50,06-08-2026 09:00
MED0053,LOC0133,WH-M-002,B00530245,298,25-02-2028,30,06-08-2026 09:00
MED0077,LOC0133,WH-M-002,B00770314,403,06-12-2028,75,06-08-2026 09:00
MED0049,LOC0133,WH-M-002,B00490483,139,24-05-2027,30,06-08-2026 09:00
MED0039,LOC0133,WH-M-002,B00390516,114,03-04-2027,100,06-08-2026 09:00
MED0095,LOC0133,WH-M-002,B00950612,71,12-08-2026,100,06-08-2026 09:00
MED0068,LOC0133,WH-M-002,B00680724,446,22-03-2026,30,06-08-2026 09:00
MED0006,LOC0133,WH-M-002,B00060843,401,17-04-2028,100,06-08-2026 09:00
MED0090,LOC0133,WH-M-002,B00900935,487,27-02-2028,100,06-08-2026 09:00
MED0036,LOC0133,WH-M-002,B00361064,241,26-11-2026,100,06-08-2026 09:00
MED0104,LOC0133,WH-M-002,B01041193,220,04-02-2028,20,06-08-2026 09:00
MED0100,LOC0133,WH-M-002,B01001253,484,07-06-2027,50,06-08-2026 09:00
MED0004,LOC0133,WH-M-002,B00041392,352,29-12-2028,20,06-08-2026 09:00
MED0061,LOC0133,WH-M-002,B00611461,190,03-12-2026,30,06-08-2026 09:00
MED0029,LOC0133,WH-M-002,B00291571,443,04-01-2027,100,06-08-2026 09:00
MED0059,LOC0133,WH-M-002,B00591630,716,06-03-2027,20,06-08-2026 09:00
MED0027,LOC0133,WH-M-002,B00271737,736,09-02-2027,100,06-08-2026 09:00
MED0008,LOC0133,WH-M-002,B00081856,2768,21-07-2027,100,06-08-2026 09:00
MED0105,LOC0133,WH-M-002,B01051923,533,22-09-2028,100,06-08-2026 09:00
MED0012,LOC0133,WH-M-002,B00122067,254,30-03-2028,30,06-08-2026 09:00
MED0046,LOC0133,WH-M-002,B00462172,710,15-11-2026,20,06-08-2026 09:00
MED0001,LOC0133,WH-M-002,B00012261,2183,14-12-2028,100,06-08-2026 09:00
MED0050,LOC0133,WH-M-002,B00502315,2122,04-08-2027,50,06-08-2026 09:00
MED0028,LOC0133,WH-M-002,B00282478,0,01-06-2027,75,06-08-2026 09:00
MED0023,LOC0133,WH-M-002,B00232511,748,23-05-2027,50,06-08-2026 09:00
MED0033,LOC0133,WH-M-002,B00332665,787,10-06-2027,30,06-08-2026 09:00
MED0102,LOC0133,WH-M-002,B01022743,706,29-08-2027,50,06-08-2026 09:00
MED0041,LOC0133,WH-M-002,B00412811,2756,25-07-2028,100,06-08-2026 09:00
MED0014,LOC0133,WH-M-002,B00142941,3850,05-04-2028,30,06-08-2026 09:00
MED0107,LOC0133,WH-M-002,B01073064,262,27-01-2027,75,06-08-2026 09:00
MED0019,LOC0133,WH-M-002,B00193144,333,01-04-2028,75,06-08-2026 09:00
MED0113,LOC0133,WH-M-002,B01133283,42,08-09-2028,50,06-08-2026 09:00
MED0096,LOC0134,WH-M-003,B00960145,658,31-10-2027,20,06-08-2026 09:00
MED0076,LOC0134,WH-M-003,B00760213,699,20-04-2027,20,06-08-2026 09:00
MED0028,LOC0134,WH-M-003,B00280321,643,12-06-2027,20,06-08-2026 09:00
MED0004,LOC0134,WH-M-003,B00040426,334,23-05-2026,100,06-08-2026 09:00
MED0026,LOC0134,WH-M-003,B00260598,4177,09-08-2026,30,06-08-2026 09:00
MED0024,LOC0134,WH-M-003,B00240648,129,30-12-2026,75,06-08-2026 09:00
MED0081,LOC0134,WH-M-003,B00810740,800,06-06-2028,100,06-08-2026 09:00
MED0005,LOC0134,WH-M-003,B00050867,354,25-08-2027,20,06-08-2026 09:00
MED0060,LOC0134,WH-M-003,B00600986,367,15-03-2028,30,06-08-2026 09:00
MED0108,LOC0134,WH-M-003,B01081029,600,09-12-2028,75,06-08-2026 09:00
MED0048,LOC0134,WH-M-003,B00481140,337,05-10-2027,50,06-08-2026 09:00
MED0056,LOC0134,WH-M-003,B00561230,383,05-05-2028,100,06-08-2026 09:00
MED0001,LOC0134,WH-M-003,B00011327,694,14-04-2028,75,06-08-2026 09:00
MED0092,LOC0134,WH-M-003,B00921474,134,12-02-2027,75,06-08-2026 09:00
MED0044,LOC0134,WH-M-003,B00441597,371,25-02-2028,50,06-08-2026 09:00
MED0020,LOC0134,WH-M-003,B00201653,538,24-01-2027,75,06-08-2026 09:00
MED0055,LOC0134,WH-M-003,B00551725,249,08-09-2026,50,06-08-2026 09:00
MED0080,LOC0134,WH-M-003,B00801852,744,31-07-2028,100,06-08-2026 09:00
MED0097,LOC0134,WH-M-003,B00971996,513,17-02-2027,50,06-08-2026 09:00
MED0007,LOC0134,WH-M-003,B00072075,0,01-09-2027,50,06-08-2026 09:00
MED0016,LOC0134,WH-M-003,B00162151,757,21-09-2026,100,06-08-2026 09:00
MED0047,LOC0134,WH-M-003,B00472262,139,26-08-2027,20,06-08-2026 09:00
MED0021,LOC0134,WH-M-003,B00212366,0,01-12-2026,50,06-08-2026 09:00
MED0027,LOC0134,WH-M-003,B00272486,369,30-10-2027,75,06-08-2026 09:00
MED0084,LOC0134,WH-M-003,B00842517,340,22-01-2027,30,06-08-2026 09:00
MED0107,LOC0134,WH-M-003,B01072666,137,04-02-2028,100,06-08-2026 09:00
MED0017,LOC0134,WH-M-003,B00172773,786,07-08-2028,50,06-08-2026 09:00
MED0078,LOC0134,WH-M-003,B00782846,588,17-11-2027,75,06-08-2026 09:00
MED0077,LOC0134,WH-M-003,B00772985,4106,26-08-2027,20,06-08-2026 09:00
MED0085,LOC0134,WH-M-003,B00853073,481,21-11-2026,30,06-08-2026 09:00
MED0114,LOC0134,WH-M-003,B01143146,338,10-07-2028,20,06-08-2026 09:00
MED0052,LOC0134,WH-M-003,B00523269,582,04-01-2028,100,06-08-2026 09:00
MED0049,LOC0134,WH-M-003,B00493335,108,19-03-2027,50,06-08-2026 09:00
MED0110,LOC0134,WH-M-003,B01103425,431,18-03-2028,100,06-08-2026 09:00
MED0029,LOC0134,WH-M-003,B00293531,600,04-12-2026,30,06-08-2026 09:00
MED0003,LOC0134,WH-M-003,B00033612,269,22-01-2029,75,06-08-2026 09:00
MED0086,LOC0134,WH-M-003,B00863772,158,09-04-2027,75,06-08-2026 09:00
MED0022,LOC0134,WH-M-003,B00223846,406,07-01-2027,30,06-08-2026 09:00
MED0032,LOC0134,WH-M-003,B00323923,710,13-08-2027,50,06-08-2026 09:00
MED0046,LOC0134,WH-M-003,B00464053,652,31-12-2026,75,06-08-2026 09:00
MED0083,LOC0134,WH-M-003,B00834147,344,21-01-2029,50,06-08-2026 09:00
MED0075,LOC0134,WH-M-003,B00754265,344,11-11-2027,50,06-08-2026 09:00
MED0034,LOC0134,WH-M-003,B00344337,434,13-09-2028,30,06-08-2026 09:00
MED0102,LOC0134,WH-M-003,B01024463,673,25-12-2028,30,06-08-2026 09:00
MED0113,LOC0134,WH-M-003,B01134555,573,23-07-2028,75,06-08-2026 09:00
MED0039,LOC0135,WH-M-004,B00390159,237,26-05-2028,100,06-08-2026 09:00
MED0103,LOC0135,WH-M-004,B01030218,630,10-07-2027,20,06-08-2026 09:00
MED0096,LOC0135,WH-M-004,B00960374,0,17-04-2028,75,06-08-2026 09:00
MED0075,LOC0135,WH-M-004,B00750414,695,14-07-2026,100,06-08-2026 09:00
MED0012,LOC0135,WH-M-004,B00120520,780,07-07-2028,50,06-08-2026 09:00
MED0004,LOC0135,WH-M-004,B00040661,2838,18-04-2027,20,06-08-2026 09:00
MED0065,LOC0135,WH-M-004,B00650797,0,17-05-2027,50,06-08-2026 09:00
MED0054,LOC0135,WH-M-004,B00540885,584,29-03-2028,30,06-08-2026 09:00
MED0098,LOC0135,WH-M-004,B00980979,2,03-07-2027,20,06-08-2026 09:00
MED0092,LOC0135,WH-M-004,B00921018,531,04-09-2028,100,06-08-2026 09:00
MED0007,LOC0135,WH-M-004,B00071167,216,21-08-2027,100,06-08-2026 09:00
MED0038,LOC0135,WH-M-004,B00381261,3688,20-01-2028,100,06-08-2026 09:00
MED0026,LOC0135,WH-M-004,B00261311,279,22-03-2027,30,06-08-2026 09:00
MED0011,LOC0135,WH-M-004,B00111447,524,13-05-2027,100,06-08-2026 09:00
MED0061,LOC0135,WH-M-004,B00611545,414,10-03-2028,30,06-08-2026 09:00
MED0110,LOC0135,WH-M-004,B01101642,422,04-12-2026,30,06-08-2026 09:00
MED0048,LOC0135,WH-M-004,B00481731,198,26-12-2028,75,06-08-2026 09:00
MED0043,LOC0135,WH-M-004,B00431886,444,30-01-2028,75,06-08-2026 09:00
MED0088,LOC0135,WH-M-004,B00881966,699,03-03-2028,50,06-08-2026 09:00
MED0100,LOC0135,WH-M-004,B01002077,580,06-12-2027,50,06-08-2026 09:00
MED0072,LOC0135,WH-M-004,B00722159,313,25-07-2027,75,06-08-2026 09:00
MED0042,LOC0135,WH-M-004,B00422241,582,12-10-2027,100,06-08-2026 09:00
MED0021,LOC0135,WH-M-004,B00212349,338,22-12-2027,20,06-08-2026 09:00
MED0099,LOC0135,WH-M-004,B00992490,285,27-06-2026,30,06-08-2026 09:00
MED0081,LOC0135,WH-M-004,B00812582,597,25-05-2028,75,06-08-2026 09:00
MED0035,LOC0136,WH-M-005,B00350151,0,07-10-2027,30,06-08-2026 09:00
MED0099,LOC0136,WH-M-005,B00990294,333,07-02-2028,100,06-08-2026 09:00
MED0076,LOC0136,WH-M-005,B00760368,682,19-11-2027,75,06-08-2026 09:00
MED0050,LOC0136,WH-M-005,B00500453,693,07-05-2026,100,06-08-2026 09:00
MED0111,LOC0136,WH-M-005,B01110571,134,17-08-2028,20,06-08-2026 09:00
MED0054,LOC0136,WH-M-005,B00540637,261,01-08-2027,75,06-08-2026 09:00
MED0086,LOC0136,WH-M-005,B00860762,169,15-11-2027,75,06-08-2026 09:00
MED0104,LOC0136,WH-M-005,B01040842,444,19-07-2027,20,06-08-2026 09:00
MED0067,LOC0136,WH-M-005,B00670997,0,01-02-2027,30,06-08-2026 09:00
MED0009,LOC0136,WH-M-005,B00091057,256,14-02-2027,100,06-08-2026 09:00
MED0016,LOC0136,WH-M-005,B00161183,0,11-08-2028,30,06-08-2026 09:00
MED0085,LOC0136,WH-M-005,B00851212,540,07-09-2028,20,06-08-2026 09:00
MED0069,LOC0136,WH-M-005,B00691350,642,21-08-2026,50,06-08-2026 09:00
MED0024,LOC0136,WH-M-005,B00241434,556,23-08-2026,100,06-08-2026 09:00
MED0018,LOC0136,WH-M-005,B00181564,726,05-03-2028,30,06-08-2026 09:00
MED0074,LOC0136,WH-M-005,B00741695,209,19-03-2028,75,06-08-2026 09:00
MED0019,LOC0136,WH-M-005,B00191736,48,15-03-2027,100,06-08-2026 09:00
MED0032,LOC0136,WH-M-005,B00321874,1,04-12-2028,30,06-08-2026 09:00
MED0108,LOC0136,WH-M-005,B01081914,754,18-12-2026,100,06-08-2026 09:00
MED0084,LOC0136,WH-M-005,B00842054,617,24-08-2026,50,06-08-2026 09:00
MED0081,LOC0136,WH-M-005,B00812184,670,02-09-2027,75,06-08-2026 09:00
MED0083,LOC0136,WH-M-005,B00832270,612,03-07-2026,75,06-08-2026 09:00
MED0100,LOC0136,WH-M-005,B01002322,359,17-01-2028,20,06-08-2026 09:00
MED0114,LOC0136,WH-M-005,B01142434,220,02-04-2028,20,06-08-2026 09:00
MED0110,LOC0136,WH-M-005,B01102556,6,08-03-2028,20,06-08-2026 09:00
MED0072,LOC0136,WH-M-005,B00722629,438,14-09-2026,20,06-08-2026 09:00
MED0063,LOC0136,WH-M-005,B00632753,4251,25-08-2027,30,06-08-2026 09:00
MED0092,LOC0136,WH-M-005,B00922840,112,04-02-2028,30,06-08-2026 09:00
MED0101,LOC0136,WH-M-005,B01012926,0,20-07-2028,30,06-08-2026 09:00
MED0007,LOC0136,WH-M-005,B00073062,89,13-01-2028,75,06-08-2026 09:00
MED0029,LOC0136,WH-M-005,B00293161,44,29-05-2027,50,06-08-2026 09:00
MED0060,LOC0136,WH-M-005,B00603263,364,26-11-2026,20,06-08-2026 09:00
MED0027,LOC0136,WH-M-005,B00273363,333,06-04-2027,30,06-08-2026 09:00
MED0030,LOC0136,WH-M-005,B00303490,55,23-12-2027,75,06-08-2026 09:00
MED0088,LOC0136,WH-M-005,B00883524,147,21-09-2027,75,06-08-2026 09:00
MED0089,LOC0136,WH-M-005,B00893697,0,09-12-2028,20,06-08-2026 09:00
MED0091,LOC0136,WH-M-005,B00913750,42,06-11-2026,75,06-08-2026 09:00
MED0103,LOC0136,WH-M-005,B01033820,791,18-08-2026,75,06-08-2026 09:00
MED0090,LOC0136,WH-M-005,B00903986,3569,08-10-2028,100,06-08-2026 09:00
MED0105,LOC0136,WH-M-005,B01054083,246,15-05-2027,30,06-08-2026 09:00
MED0082,LOC0136,WH-M-005,B00824144,236,03-05-2026,30,06-08-2026 09:00
MED0066,LOC0136,WH-M-005,B00664263,596,26-01-2027,100,06-08-2026 09:00
MED0053,LOC0136,WH-M-005,B00534347,57,21-06-2028,50,06-08-2026 09:00
MED0080,LOC0136,WH-M-005,B00804414,110,24-06-2027,30,06-08-2026 09:00
MED0039,LOC0136,WH-M-005,B00394577,405,31-12-2027,30,06-08-2026 09:00
MED0106,LOC0136,WH-M-005,B01064683,700,25-02-2027,50,06-08-2026 09:00
MED0042,LOC0136,WH-M-005,B00424793,35,05-01-2029,20,06-08-2026 09:00
MED0064,LOC0136,WH-M-005,B00644850,312,07-12-2026,20,06-08-2026 09:00
MED0065,LOC0136,WH-M-005,B00654960,0,22-08-2027,20,06-08-2026 09:00
MED0093,LOC0137,WH-M-006,B00930123,552,28-04-2028,75,06-08-2026 09:00
MED0032,LOC0137,WH-M-006,B00320287,455,02-11-2027,75,06-08-2026 09:00
MED0029,LOC0137,WH-M-006,B00290382,757,09-10-2028,20,06-08-2026 09:00
MED0054,LOC0137,WH-M-006,B00540497,0,01-01-2027,30,06-08-2026 09:00
MED0026,LOC0137,WH-M-006,B00260587,603,31-08-2026,50,06-08-2026 09:00
MED0098,LOC0137,WH-M-006,B00980685,734,17-03-2028,100,06-08-2026 09:00
MED0031,LOC0137,WH-M-006,B00310713,384,29-03-2028,30,06-08-2026 09:00
MED0001,LOC0137,WH-M-006,B00010859,263,18-12-2026,100,06-08-2026 09:00
MED0041,LOC0137,WH-M-006,B00410929,644,02-11-2027,50,06-08-2026 09:00
MED0062,LOC0137,WH-M-006,B00621073,377,13-09-2028,50,06-08-2026 09:00
MED0091,LOC0137,WH-M-006,B00911133,6,10-12-2027,75,06-08-2026 09:00
MED0099,LOC0137,WH-M-006,B00991293,663,03-04-2027,20,06-08-2026 09:00
MED0048,LOC0137,WH-M-006,B00481362,594,16-04-2027,30,06-08-2026 09:00
MED0090,LOC0137,WH-M-006,B00901418,646,18-01-2029,20,06-08-2026 09:00
MED0039,LOC0137,WH-M-006,B00391525,524,24-11-2026,20,06-08-2026 09:00
MED0025,LOC0137,WH-M-006,B00251685,225,07-11-2026,20,06-08-2026 09:00
MED0060,LOC0137,WH-M-006,B00601718,585,16-03-2026,20,06-08-2026 09:00
MED0101,LOC0137,WH-M-006,B01011873,0,23-03-2027,75,06-08-2026 09:00
MED0007,LOC0137,WH-M-006,B00071995,540,15-02-2026,75,06-08-2026 09:00
MED0107,LOC0137,WH-M-006,B01072016,502,15-01-2029,100,06-08-2026 09:00
MED0074,LOC0137,WH-M-006,B00742159,602,18-10-2028,20,06-08-2026 09:00
MED0070,LOC0137,WH-M-006,B00702264,2411,28-08-2026,100,06-08-2026 09:00
MED0037,LOC0137,WH-M-006,B00372367,313,20-03-2028,100,06-08-2026 09:00
MED0016,LOC0137,WH-M-006,B00162482,608,16-10-2028,30,06-08-2026 09:00
MED0052,LOC0137,WH-M-006,B00522525,171,29-08-2026,20,06-08-2026 09:00
MED0034,LOC0137,WH-M-006,B00342682,245,19-11-2028,30,06-08-2026 09:00
MED0030,LOC0137,WH-M-006,B00302788,748,20-09-2028,75,06-08-2026 09:00
MED0058,LOC0137,WH-M-006,B00582864,49,20-02-2027,30,06-08-2026 09:00
MED0087,LOC0137,WH-M-006,B00872970,739,19-08-2028,75,06-08-2026 09:00
MED0005,LOC0137,WH-M-006,B00053024,123,21-11-2028,30,06-08-2026 09:00
MED0082,LOC0137,WH-M-006,B00823173,268,19-08-2027,75,06-08-2026 09:00
MED0083,LOC0137,WH-M-006,B00833289,382,24-07-2028,75,06-08-2026 09:00
MED0019,LOC0137,WH-M-006,B00193357,314,02-07-2027,50,06-08-2026 09:00
MED0013,LOC0137,WH-M-006,B00133432,604,11-03-2027,75,06-08-2026 09:00
MED0109,LOC0137,WH-M-006,B01093535,36,22-07-2028,50,06-08-2026 09:00
MED0002,LOC0137,WH-M-006,B00023625,260,17-06-2028,20,06-08-2026 09:00
MED0035,LOC0137,WH-M-006,B00353782,502,12-08-2026,30,06-08-2026 09:00
MED0057,LOC0137,WH-M-006,B00573840,589,17-11-2027,75,06-08-2026 09:00
MED0008,LOC0137,WH-M-006,B00083971,78,25-05-2028,20,06-08-2026 09:00
MED0015,LOC0137,WH-M-006,B00154026,328,30-04-2028,100,06-08-2026 09:00
MED0024,LOC0137,WH-M-006,B00244139,741,21-11-2027,100,06-08-2026 09:00
MED0044,LOC0137,WH-M-006,B00444231,339,10-10-2028,30,06-08-2026 09:00
MED0022,LOC0137,WH-M-006,B00224372,4766,19-05-2028,20,06-08-2026 09:00
MED0071,LOC0137,WH-M-006,B00714430,126,11-09-2026,50,06-08-2026 09:00
MED0112,LOC0137,WH-M-006,B01124557,680,28-08-2027,75,06-08-2026 09:00
MED0028,LOC0137,WH-M-006,B00284627,584,14-03-2027,20,06-08-2026 09:00
MED0061,LOC0137,WH-M-006,B00614765,451,09-04-2028,100,06-08-2026 09:00
MED0012,LOC0137,WH-M-006,B00124893,8,07-06-2028,50,06-08-2026 09:00
MED0088,LOC0138,WH-M-007,B00880144,470,29-07-2028,100,06-08-2026 09:00
MED0093,LOC0138,WH-M-007,B00930285,0,28-11-2027,100,06-08-2026 09:00
MED0104,LOC0138,WH-M-007,B01040388,360,13-05-2027,50,06-08-2026 09:00
MED0109,LOC0138,WH-M-007,B01090458,590,10-09-2026,50,06-08-2026 09:00
MED0057,LOC0138,WH-M-007,B00570512,533,02-10-2027,75,06-08-2026 09:00
MED0048,LOC0138,WH-M-007,B00480692,278,19-06-2028,75,06-08-2026 09:00
MED0108,LOC0138,WH-M-007,B01080718,108,21-09-2026,50,06-08-2026 09:00
MED0098,LOC0138,WH-M-007,B00980870,498,03-07-2028,20,06-08-2026 09:00
MED0083,LOC0138,WH-M-007,B00830929,357,24-06-2028,50,06-08-2026 09:00
MED0106,LOC0138,WH-M-007,B01061019,1,09-09-2026,20,06-08-2026 09:00
MED0008,LOC0138,WH-M-007,B00081189,655,21-07-2028,100,06-08-2026 09:00
MED0041,LOC0138,WH-M-007,B00411285,159,07-08-2028,20,06-08-2026 09:00
MED0042,LOC0138,WH-M-007,B00421374,328,14-09-2027,30,06-08-2026 09:00
MED0062,LOC0138,WH-M-007,B00621434,3330,12-12-2026,20,06-08-2026 09:00
MED0089,LOC0138,WH-M-007,B00891562,405,12-08-2026,50,06-08-2026 09:00
MED0085,LOC0138,WH-M-007,B00851648,703,14-05-2027,50,06-08-2026 09:00
MED0064,LOC0138,WH-M-007,B00641710,290,19-04-2027,50,06-08-2026 09:00
MED0113,LOC0138,WH-M-007,B01131859,236,18-07-2027,30,06-08-2026 09:00
MED0101,LOC0138,WH-M-007,B01011982,173,22-08-2026,100,06-08-2026 09:00
MED0073,LOC0138,WH-M-007,B00732066,0,28-01-2027,50,06-08-2026 09:00
MED0011,LOC0138,WH-M-007,B00112117,234,01-12-2027,30,06-08-2026 09:00
MED0059,LOC0138,WH-M-007,B00592294,265,24-12-2026,100,06-08-2026 09:00
MED0039,LOC0138,WH-M-007,B00392319,255,25-04-2028,20,06-08-2026 09:00
MED0027,LOC0138,WH-M-007,B00272434,792,09-12-2027,20,06-08-2026 09:00
MED0010,LOC0138,WH-M-007,B00102520,3063,28-11-2028,50,06-08-2026 09:00
MED0017,LOC0138,WH-M-007,B00172691,0,29-08-2027,30,06-08-2026 09:00
MED0086,LOC0138,WH-M-007,B00862715,408,08-09-2026,20,06-08-2026 09:00
MED0092,LOC0138,WH-M-007,B00922877,259,30-01-2027,100,06-08-2026 09:00
MED0028,LOC0138,WH-M-007,B00282965,196,24-05-2027,50,06-08-2026 09:00
MED0087,LOC0138,WH-M-007,B00873086,12,28-08-2026,75,06-08-2026 09:00
MED0105,LOC0138,WH-M-007,B01053180,441,27-09-2027,20,06-08-2026 09:00
MED0103,LOC0138,WH-M-007,B01033270,627,30-08-2026,20,06-08-2026 09:00
MED0091,LOC0138,WH-M-007,B00913348,60,04-05-2027,100,06-08-2026 09:00
MED0045,LOC0138,WH-M-007,B00453492,87,02-03-2027,100,06-08-2026 09:00
MED0032,LOC0138,WH-M-007,B00323544,163,18-07-2028,20,06-08-2026 09:00
MED0065,LOC0138,WH-M-007,B00653620,2451,12-12-2028,100,06-08-2026 09:00
MED0090,LOC0138,WH-M-007,B00903783,370,15-12-2027,30,06-08-2026 09:00
MED0009,LOC0138,WH-M-007,B00093862,123,25-04-2027,100,06-08-2026 09:00
MED0043,LOC0138,WH-M-007,B00433913,123,31-10-2028,50,06-08-2026 09:00
MED0107,LOC0138,WH-M-007,B01074074,43,30-07-2028,20,06-08-2026 09:00
MED0046,LOC0138,WH-M-007,B00464175,446,02-04-2028,50,06-08-2026 09:00
MED0005,LOC0138,WH-M-007,B00054219,372,13-05-2028,100,06-08-2026 09:00
MED0019,LOC0139,WH-M-008,B00190142,0,22-08-2026,30,06-08-2026 09:00
MED0060,LOC0139,WH-M-008,B00600267,434,14-12-2026,30,06-08-2026 09:00
MED0024,LOC0139,WH-M-008,B00240335,318,29-07-2028,75,06-08-2026 09:00
MED0103,LOC0139,WH-M-008,B01030460,505,14-01-2028,100,06-08-2026 09:00
MED0077,LOC0139,WH-M-008,B00770572,552,29-03-2028,75,06-08-2026 09:00
MED0016,LOC0139,WH-M-008,B00160647,3838,05-05-2027,30,06-08-2026 09:00
MED0032,LOC0139,WH-M-008,B00320714,0,19-10-2028,20,06-08-2026 09:00
MED0085,LOC0139,WH-M-008,B00850886,19,15-12-2028,50,06-08-2026 09:00
MED0050,LOC0139,WH-M-008,B00500927,148,20-02-2028,75,06-08-2026 09:00
MED0059,LOC0139,WH-M-008,B00591065,442,09-01-2027,50,06-08-2026 09:00
MED0086,LOC0139,WH-M-008,B00861165,212,15-03-2028,100,06-08-2026 09:00
MED0042,LOC0139,WH-M-008,B00421281,326,16-06-2027,30,06-08-2026 09:00
MED0078,LOC0139,WH-M-008,B00781383,173,10-04-2028,20,06-08-2026 09:00
MED0014,LOC0139,WH-M-008,B00141490,663,20-09-2028,30,06-08-2026 09:00
MED0054,LOC0139,WH-M-008,B00541576,470,14-01-2028,30,06-08-2026 09:00
MED0040,LOC0139,WH-M-008,B00401633,755,11-08-2027,20,06-08-2026 09:00
MED0035,LOC0139,WH-M-008,B00351720,467,28-06-2027,30,06-08-2026 09:00
MED0089,LOC0139,WH-M-008,B00891820,376,15-01-2027,100,06-08-2026 09:00
MED0082,LOC0139,WH-M-008,B00821993,607,25-01-2027,75,06-08-2026 09:00
MED0074,LOC0139,WH-M-008,B00742017,319,10-11-2028,30,06-08-2026 09:00
MED0109,LOC0139,WH-M-008,B01092110,0,05-09-2028,50,06-08-2026 09:00
MED0041,LOC0139,WH-M-008,B00412248,6,21-05-2028,75,06-08-2026 09:00
MED0025,LOC0139,WH-M-008,B00252335,591,18-12-2027,100,06-08-2026 09:00
MED0020,LOC0139,WH-M-008,B00202426,516,02-01-2028,50,06-08-2026 09:00
MED0015,LOC0139,WH-M-008,B00152555,11,18-06-2028,20,06-08-2026 09:00
MED0072,LOC0139,WH-M-008,B00722655,263,30-11-2028,20,06-08-2026 09:00
MED0084,LOC0139,WH-M-008,B00842752,166,22-06-2028,50,06-08-2026 09:00
MED0004,LOC0139,WH-M-008,B00042851,2773,03-12-2028,50,06-08-2026 09:00
MED0013,LOC0139,WH-M-008,B00132936,3204,02-09-2026,100,06-08-2026 09:00
MED0104,LOC0139,WH-M-008,B01043013,4883,13-02-2027,50,06-08-2026 09:00
MED0092,LOC0139,WH-M-008,B00923139,316,22-09-2028,100,06-08-2026 09:00
MED0008,LOC0139,WH-M-008,B00083211,774,15-07-2028,75,06-08-2026 09:00
MED0067,LOC0139,WH-M-008,B00673373,257,22-08-2026,50,06-08-2026 09:00
MED0093,LOC0139,WH-M-008,B00933499,267,01-10-2026,30,06-08-2026 09:00
MED0018,LOC0139,WH-M-008,B00183535,477,14-12-2026,75,06-08-2026 09:00
MED0028,LOC0139,WH-M-008,B00283620,558,09-09-2026,30,06-08-2026 09:00
MED0101,LOC0139,WH-M-008,B01013782,4155,03-09-2028,75,06-08-2026 09:00
MED0046,LOC0139,WH-M-008,B00463897,314,02-12-2028,30,06-08-2026 09:00
MED0052,LOC0139,WH-M-008,B00523966,122,17-08-2026,50,06-08-2026 09:00
MED0069,LOC0139,WH-M-008,B00694037,433,27-03-2028,50,06-08-2026 09:00
MED0022,LOC0139,WH-M-008,B00224140,4483,02-06-2027,20,06-08-2026 09:00
MED0031,LOC0139,WH-M-008,B00314240,547,18-04-2027,20,06-08-2026 09:00
MED0038,LOC0139,WH-M-008,B00384384,749,12-01-2029,20,06-08-2026 09:00
MED0112,LOC0139,WH-M-008,B01124422,26,22-03-2026,50,06-08-2026 09:00
MED0070,LOC0139,WH-M-008,B00704580,249,04-09-2027,100,06-08-2026 09:00
MED0033,LOC0139,WH-M-008,B00334626,693,25-07-2026,50,06-08-2026 09:00
MED0002,LOC0139,WH-M-008,B00024713,311,23-08-2026,20,06-08-2026 09:00
MED0017,LOC0139,WH-M-008,B00174864,2186,23-08-2026,100,06-08-2026 09:00
MED0114,LOC0139,WH-M-008,B01144992,563,03-02-2028,20,06-08-2026 09:00
MED0075,LOC0139,WH-M-008,B00755083,65,17-07-2028,30,06-08-2026 09:00
MED0051,LOC0139,WH-M-008,B00515112,11,15-03-2027,75,06-08-2026 09:00
MED0012,LOC0139,WH-M-008,B00125237,318,23-07-2027,50,06-08-2026 09:00
MED0061,LOC0139,WH-M-008,B00615356,132,02-09-2026,30,06-08-2026 09:00
MED0026,LOC0139,WH-M-008,B00265410,21,13-12-2027,20,06-08-2026 09:00
MED0073,LOC0139,WH-M-008,B00735525,0,27-05-2027,20,06-08-2026 09:00
MED0100,LOC0139,WH-M-008,B01005683,341,13-02-2028,30,06-08-2026 09:00
MED0006,LOC0139,WH-M-008,B00065797,4952,03-04-2027,50,06-08-2026 09:00
MED0081,LOC0139,WH-M-008,B00815898,611,11-01-2028,30,06-08-2026 09:00
MED0094,LOC0139,WH-M-008,B00945919,2348,11-01-2029,75,06-08-2026 09:00
MED0103,LOC0140,WH-M-009,B01030149,592,09-01-2029,20,06-08-2026 09:00
MED0098,LOC0140,WH-M-009,B00980272,648,26-10-2027,20,06-08-2026 09:00
MED0077,LOC0140,WH-M-009,B00770323,634,08-06-2028,50,06-08-2026 09:00
MED0113,LOC0140,WH-M-009,B01130427,244,10-11-2028,100,06-08-2026 09:00
MED0072,LOC0140,WH-M-009,B00720534,285,11-07-2028,20,06-08-2026 09:00
MED0075,LOC0140,WH-M-009,B00750650,458,12-09-2026,30,06-08-2026 09:00
MED0071,LOC0140,WH-M-009,B00710750,0,15-04-2028,50,06-08-2026 09:00
MED0064,LOC0140,WH-M-009,B00640869,8,10-08-2026,75,06-08-2026 09:00
MED0092,LOC0140,WH-M-009,B00920945,201,06-09-2028,20,06-08-2026 09:00
MED0108,LOC0140,WH-M-009,B01081097,0,06-11-2027,30,06-08-2026 09:00
MED0059,LOC0140,WH-M-009,B00591144,773,27-09-2027,50,06-08-2026 09:00
MED0063,LOC0140,WH-M-009,B00631285,36,15-04-2028,50,06-08-2026 09:00
MED0055,LOC0140,WH-M-009,B00551378,715,25-04-2028,75,06-08-2026 09:00
MED0061,LOC0140,WH-M-009,B00611427,168,20-11-2028,100,06-08-2026 09:00
MED0095,LOC0140,WH-M-009,B00951527,32,13-02-2028,20,06-08-2026 09:00
MED0057,LOC0140,WH-M-009,B00571649,22,29-07-2028,20,06-08-2026 09:00
MED0048,LOC0140,WH-M-009,B00481732,69,13-01-2029,75,06-08-2026 09:00
MED0009,LOC0140,WH-M-009,B00091872,704,18-09-2028,50,06-08-2026 09:00
MED0028,LOC0140,WH-M-009,B00281912,286,02-10-2026,100,06-08-2026 09:00
MED0065,LOC0140,WH-M-009,B00652063,418,21-04-2028,50,06-08-2026 09:00
MED0062,LOC0140,WH-M-009,B00622147,152,13-03-2027,50,06-08-2026 09:00
MED0060,LOC0140,WH-M-009,B00602282,509,23-08-2026,50,06-08-2026 09:00
MED0085,LOC0140,WH-M-009,B00852325,84,08-08-2026,100,06-08-2026 09:00
MED0010,LOC0140,WH-M-009,B00102430,797,04-06-2026,100,06-08-2026 09:00
MED0017,LOC0140,WH-M-009,B00172547,48,09-09-2028,50,06-08-2026 09:00
MED0096,LOC0140,WH-M-009,B00962649,29,21-03-2027,30,06-08-2026 09:00
MED0078,LOC0140,WH-M-009,B00782771,791,24-07-2028,75,06-08-2026 09:00
MED0069,LOC0140,WH-M-009,B00692891,695,20-08-2026,50,06-08-2026 09:00
MED0011,LOC0140,WH-M-009,B00112969,233,15-02-2027,20,06-08-2026 09:00
MED0087,LOC0140,WH-M-009,B00873083,758,30-06-2028,75,06-08-2026 09:00
MED0074,LOC0140,WH-M-009,B00743112,587,25-02-2028,30,06-08-2026 09:00
MED0029,LOC0140,WH-M-009,B00293297,124,05-10-2026,50,06-08-2026 09:00
MED0079,LOC0140,WH-M-009,B00793346,0,29-12-2028,30,06-08-2026 09:00
MED0104,LOC0140,WH-M-009,B01043498,2342,04-11-2027,30,06-08-2026 09:00
MED0021,LOC0140,WH-M-009,B00213531,99,11-03-2027,75,06-08-2026 09:00
MED0006,LOC0140,WH-M-009,B00063617,82,04-03-2028,75,06-08-2026 09:00
MED0036,LOC0140,WH-M-009,B00363744,247,18-02-2028,20,06-08-2026 09:00
MED0100,LOC0140,WH-M-009,B01003897,158,29-11-2027,30,06-08-2026 09:00
MED0101,LOC0140,WH-M-009,B01013958,800,07-06-2027,75,06-08-2026 09:00
MED0083,LOC0140,WH-M-009,B00834025,664,02-06-2027,30,06-08-2026 09:00
MED0005,LOC0140,WH-M-009,B00054124,264,11-08-2026,20,06-08-2026 09:00
MED0088,LOC0140,WH-M-009,B00884258,27,02-12-2026,100,06-08-2026 09:00
MED0047,LOC0140,WH-M-009,B00474384,253,30-08-2028,20,06-08-2026 09:00
MED0015,LOC0140,WH-M-009,B00154432,0,04-07-2026,30,06-08-2026 09:00
MED0033,LOC0140,WH-M-009,B00334564,316,27-08-2028,20,06-08-2026 09:00
MED0041,LOC0140,WH-M-009,B00414635,250,13-11-2027,75,06-08-2026 09:00
MED0044,LOC0140,WH-M-009,B00444725,139,12-01-2028,100,06-08-2026 09:00
MED0112,LOC0140,WH-M-009,B01124895,111,20-09-2027,20,06-08-2026 09:00
MED0053,LOC0140,WH-M-009,B00534928,625,25-11-2028,100,06-08-2026 09:00
MED0086,LOC0140,WH-M-009,B00865050,87,07-10-2027,75,06-08-2026 09:00
MED0081,LOC0140,WH-M-009,B00815178,792,24-09-2027,30,06-08-2026 09:00
MED0054,LOC0140,WH-M-009,B00545257,130,04-08-2028,30,06-08-2026 09:00
MED0110,LOC0140,WH-M-009,B01105394,276,20-06-2028,20,06-08-2026 09:00
MED0105,LOC0140,WH-M-009,B01055434,187,20-03-2027,50,06-08-2026 09:00
MED0018,LOC0140,WH-M-009,B00185575,607,26-10-2027,50,06-08-2026 09:00
MED0008,LOC0140,WH-M-009,B00085652,685,08-08-2028,20,06-08-2026 09:00
MED0035,LOC0140,WH-M-009,B00355750,30,25-03-2028,30,06-08-2026 09:00
MED0073,LOC0140,WH-M-009,B00735884,733,02-02-2027,20,06-08-2026 09:00
MED0104,LOC0141,WH-M-010,B01040158,667,02-09-2028,100,06-08-2026 09:00
MED0028,LOC0141,WH-M-010,B00280242,143,02-10-2026,20,06-08-2026 09:00
MED0047,LOC0141,WH-M-010,B00470335,369,01-11-2027,20,06-08-2026 09:00
MED0034,LOC0141,WH-M-010,B00340483,94,04-01-2027,100,06-08-2026 09:00
MED0101,LOC0141,WH-M-010,B01010542,227,16-09-2026,100,06-08-2026 09:00
MED0102,LOC0141,WH-M-010,B01020627,0,15-12-2027,75,06-08-2026 09:00
MED0106,LOC0141,WH-M-010,B01060735,106,03-09-2027,50,06-08-2026 09:00
MED0038,LOC0141,WH-M-010,B00380857,792,15-08-2026,20,06-08-2026 09:00
MED0017,LOC0141,WH-M-010,B00170984,236,13-10-2028,20,06-08-2026 09:00
MED0046,LOC0141,WH-M-010,B00461043,649,30-04-2028,50,06-08-2026 09:00
MED0024,LOC0141,WH-M-010,B00241129,470,05-11-2027,50,06-08-2026 09:00
MED0036,LOC0141,WH-M-010,B00361282,511,01-08-2027,30,06-08-2026 09:00
MED0091,LOC0141,WH-M-010,B00911387,344,13-09-2027,75,06-08-2026 09:00
MED0090,LOC0141,WH-M-010,B00901474,362,23-11-2028,50,06-08-2026 09:00
MED0061,LOC0141,WH-M-010,B00611573,742,23-02-2027,20,06-08-2026 09:00
MED0064,LOC0141,WH-M-010,B00641623,674,27-01-2028,50,06-08-2026 09:00
MED0063,LOC0141,WH-M-010,B00631713,148,17-08-2027,100,06-08-2026 09:00
MED0062,LOC0141,WH-M-010,B00621826,213,15-09-2028,30,06-08-2026 09:00
MED0033,LOC0141,WH-M-010,B00331913,472,08-08-2027,75,06-08-2026 09:00
MED0037,LOC0141,WH-M-010,B00372053,284,07-12-2027,50,06-08-2026 09:00
MED0103,LOC0141,WH-M-010,B01032174,2669,28-06-2027,50,06-08-2026 09:00
MED0073,LOC0141,WH-M-010,B00732226,16,23-03-2027,20,06-08-2026 09:00
MED0050,LOC0141,WH-M-010,B00502347,165,20-02-2026,100,06-08-2026 09:00
MED0111,LOC0141,WH-M-010,B01112427,173,25-04-2028,50,06-08-2026 09:00
MED0076,LOC0141,WH-M-010,B00762533,430,10-08-2027,75,06-08-2026 09:00
MED0032,LOC0141,WH-M-010,B00322639,325,14-06-2027,30,06-08-2026 09:00
MED0005,LOC0141,WH-M-010,B00052737,136,19-04-2028,75,06-08-2026 09:00
MED0040,LOC0141,WH-M-010,B00402854,764,24-01-2027,100,06-08-2026 09:00
MED0055,LOC0141,WH-M-010,B00552972,0,07-08-2026,20,06-08-2026 09:00
MED0095,LOC0141,WH-M-010,B00953090,69,08-08-2028,75,06-08-2026 09:00
MED0007,LOC0141,WH-M-010,B00073195,713,08-06-2028,50,06-08-2026 09:00
MED0084,LOC0141,WH-M-010,B00843218,351,26-03-2028,75,06-08-2026 09:00
MED0056,LOC0141,WH-M-010,B00563355,487,30-11-2026,50,06-08-2026 09:00
MED0002,LOC0141,WH-M-010,B00023418,0,22-05-2027,30,06-08-2026 09:00
MED0092,LOC0141,WH-M-010,B00923556,31,07-06-2028,100,06-08-2026 09:00
MED0093,LOC0141,WH-M-010,B00933667,214,25-02-2028,20,06-08-2026 09:00
MED0069,LOC0141,WH-M-010,B00693745,2533,20-05-2027,30,06-08-2026 09:00
MED0066,LOC0141,WH-M-010,B00663830,529,28-12-2028,20,06-08-2026 09:00
MED0018,LOC0141,WH-M-010,B00183913,382,17-10-2028,75,06-08-2026 09:00
MED0080,LOC0141,WH-M-010,B00804087,557,04-11-2026,100,06-08-2026 09:00
MED0039,LOC0141,WH-M-010,B00394190,176,19-02-2026,20,06-08-2026 09:00
MED0070,LOC0141,WH-M-010,B00704276,2641,08-03-2027,75,06-08-2026 09:00
MED0082,LOC0141,WH-M-010,B00824386,285,13-07-2027,100,06-08-2026 09:00
MED0108,LOC0141,WH-M-010,B01084436,790,06-06-2026,50,06-08-2026 09:00
MED0059,LOC0141,WH-M-010,B00594576,635,03-08-2028,20,06-08-2026 09:00
MED0112,LOC0141,WH-M-010,B01124689,117,03-02-2028,75,06-08-2026 09:00
MED0078,LOC0141,WH-M-010,B00784777,201,17-03-2026,20,06-08-2026 09:00
MED0027,LOC0141,WH-M-010,B00274887,0,07-11-2026,100,06-08-2026 09:00
MED0099,LOC0141,WH-M-010,B00994945,476,26-04-2027,50,06-08-2026 09:00
MED0060,LOC0141,WH-M-010,B00605090,24,27-03-2026,20,06-08-2026 09:00
MED0030,LOC0141,WH-M-010,B00305172,665,21-10-2028,100,06-08-2026 09:00
MED0051,LOC0141,WH-M-010,B00515285,554,09-11-2026,50,06-08-2026 09:00
MED0057,LOC0141,WH-M-010,B00575347,99,18-12-2026,50,06-08-2026 09:00
MED0023,LOC0142,WH-M-011,B00230165,2352,17-09-2026,100,06-08-2026 09:00
MED0032,LOC0142,WH-M-011,B00320274,439,05-02-2027,75,06-08-2026 09:00
MED0051,LOC0142,WH-M-011,B00510388,668,07-05-2028,75,06-08-2026 09:00
MED0053,LOC0142,WH-M-011,B00530445,484,17-08-2026,50,06-08-2026 09:00
MED0080,LOC0142,WH-M-011,B00800555,112,03-08-2027,100,06-08-2026 09:00
MED0038,LOC0142,WH-M-011,B00380641,150,26-07-2027,100,06-08-2026 09:00
MED0087,LOC0142,WH-M-011,B00870715,276,30-08-2027,75,06-08-2026 09:00
MED0112,LOC0142,WH-M-011,B01120875,205,12-01-2027,75,06-08-2026 09:00
MED0017,LOC0142,WH-M-011,B00170999,593,20-01-2028,75,06-08-2026 09:00
MED0058,LOC0142,WH-M-011,B00581038,2205,04-01-2029,100,06-08-2026 09:00
MED0114,LOC0142,WH-M-011,B01141173,213,06-01-2029,30,06-08-2026 09:00
MED0065,LOC0142,WH-M-011,B00651219,398,12-05-2027,20,06-08-2026 09:00
MED0055,LOC0142,WH-M-011,B00551368,4,10-05-2026,30,06-08-2026 09:00
MED0044,LOC0142,WH-M-011,B00441457,357,01-03-2027,100,06-08-2026 09:00
MED0014,LOC0142,WH-M-011,B00141559,312,06-01-2029,30,06-08-2026 09:00
MED0070,LOC0142,WH-M-011,B00701610,0,15-01-2029,75,06-08-2026 09:00
MED0016,LOC0142,WH-M-011,B00161787,550,03-09-2028,50,06-08-2026 09:00
MED0037,LOC0142,WH-M-011,B00371819,210,29-05-2026,20,06-08-2026 09:00
MED0089,LOC0142,WH-M-011,B00891926,415,16-05-2027,30,06-08-2026 09:00
MED0018,LOC0142,WH-M-011,B00182044,444,05-05-2028,100,06-08-2026 09:00
MED0006,LOC0142,WH-M-011,B00062166,616,01-02-2028,100,06-08-2026 09:00
MED0040,LOC0142,WH-M-011,B00402273,44,29-11-2026,20,06-08-2026 09:00
MED0029,LOC0142,WH-M-011,B00292340,101,18-01-2029,50,06-08-2026 09:00
MED0084,LOC0142,WH-M-011,B00842445,32,14-01-2029,30,06-08-2026 09:00
MED0071,LOC0142,WH-M-011,B00712546,4705,16-09-2027,100,06-08-2026 09:00
MED0035,LOC0142,WH-M-011,B00352691,448,22-09-2026,30,06-08-2026 09:00
MED0085,LOC0142,WH-M-011,B00852720,719,13-05-2027,75,06-08-2026 09:00
MED0042,LOC0142,WH-M-011,B00422810,724,08-09-2027,50,06-08-2026 09:00
MED0094,LOC0142,WH-M-011,B00942964,383,25-01-2028,50,06-08-2026 09:00
MED0034,LOC0142,WH-M-011,B00343073,297,14-11-2028,20,06-08-2026 09:00
MED0052,LOC0142,WH-M-011,B00523139,2697,09-11-2027,50,06-08-2026 09:00
MED0019,LOC0142,WH-M-011,B00193274,743,02-04-2028,20,06-08-2026 09:00
MED0100,LOC0142,WH-M-011,B01003383,212,06-10-2028,75,06-08-2026 09:00
MED0063,LOC0142,WH-M-011,B00633438,2659,21-09-2026,30,06-08-2026 09:00
MED0050,LOC0142,WH-M-011,B00503525,536,16-04-2027,100,06-08-2026 09:00
MED0088,LOC0142,WH-M-011,B00883625,24,08-02-2026,50,06-08-2026 09:00
MED0025,LOC0142,WH-M-011,B00253747,141,10-11-2026,30,06-08-2026 09:00
MED0109,LOC0142,WH-M-011,B01093863,264,29-10-2027,50,06-08-2026 09:00
MED0026,LOC0142,WH-M-011,B00263995,494,29-09-2026,75,06-08-2026 09:00
MED0074,LOC0142,WH-M-011,B00744059,3903,27-11-2027,50,06-08-2026 09:00
MED0097,LOC0142,WH-M-011,B00974183,427,28-06-2027,20,06-08-2026 09:00
MED0082,LOC0142,WH-M-011,B00824249,411,29-11-2028,20,06-08-2026 09:00
MED0102,LOC0142,WH-M-011,B01024395,410,17-01-2029,50,06-08-2026 09:00
MED0049,LOC0142,WH-M-011,B00494465,409,03-03-2028,75,06-08-2026 09:00
MED0105,LOC0142,WH-M-011,B01054515,257,12-12-2027,75,06-08-2026 09:00
MED0033,LOC0142,WH-M-011,B00334653,8,28-11-2028,100,06-08-2026 09:00
MED0005,LOC0142,WH-M-011,B00054733,318,28-09-2027,30,06-08-2026 09:00
MED0057,LOC0142,WH-M-011,B00574878,63,03-08-2028,20,06-08-2026 09:00
MED0054,LOC0142,WH-M-011,B00544972,137,31-03-2028,100,06-08-2026 09:00
MED0047,LOC0142,WH-M-011,B00475031,306,29-03-2027,30,06-08-2026 09:00
MED0041,LOC0142,WH-M-011,B00415198,703,09-11-2027,20,06-08-2026 09:00
MED0092,LOC0142,WH-M-011,B00925269,621,06-05-2028,20,06-08-2026 09:00
MED0095,LOC0142,WH-M-011,B00955314,442,13-08-2027,30,06-08-2026 09:00
MED0049,LOC0143,WH-M-012,B00490174,21,19-07-2027,100,06-08-2026 09:00
MED0103,LOC0143,WH-M-012,B01030227,535,19-11-2027,100,06-08-2026 09:00
MED0062,LOC0143,WH-M-012,B00620319,583,21-10-2027,50,06-08-2026 09:00
MED0018,LOC0143,WH-M-012,B00180454,623,21-07-2027,50,06-08-2026 09:00
MED0040,LOC0143,WH-M-012,B00400567,535,17-01-2027,75,06-08-2026 09:00
MED0054,LOC0143,WH-M-012,B00540621,204,14-02-2028,100,06-08-2026 09:00
MED0056,LOC0143,WH-M-012,B00560765,406,28-07-2028,30,06-08-2026 09:00
MED0026,LOC0143,WH-M-012,B00260883,208,12-05-2028,30,06-08-2026 09:00
MED0075,LOC0143,WH-M-012,B00750942,762,14-09-2028,50,06-08-2026 09:00
MED0005,LOC0143,WH-M-012,B00051097,546,04-10-2027,20,06-08-2026 09:00
MED0032,LOC0143,WH-M-012,B00321184,709,15-09-2026,75,06-08-2026 09:00
MED0021,LOC0143,WH-M-012,B00211264,752,01-08-2027,20,06-08-2026 09:00
MED0012,LOC0143,WH-M-012,B00121385,481,25-04-2027,100,06-08-2026 09:00
MED0033,LOC0143,WH-M-012,B00331427,700,21-08-2027,30,06-08-2026 09:00
MED0104,LOC0143,WH-M-012,B01041585,370,14-03-2028,75,06-08-2026 09:00
MED0008,LOC0143,WH-M-012,B00081616,492,16-07-2028,75,06-08-2026 09:00
MED0025,LOC0143,WH-M-012,B00251773,4,05-10-2026,20,06-08-2026 09:00
MED0102,LOC0143,WH-M-012,B01021850,59,31-07-2028,20,06-08-2026 09:00
MED0070,LOC0143,WH-M-012,B00701968,192,10-09-2028,30,06-08-2026 09:00
MED0090,LOC0143,WH-M-012,B00902056,2526,01-10-2026,30,06-08-2026 09:00
MED0098,LOC0143,WH-M-012,B00982158,649,30-10-2027,20,06-08-2026 09:00
MED0073,LOC0143,WH-M-012,B00732233,740,09-10-2028,30,06-08-2026 09:00
MED0031,LOC0143,WH-M-012,B00312362,0,13-01-2028,30,06-08-2026 09:00
MED0092,LOC0143,WH-M-012,B00922455,241,28-09-2028,30,06-08-2026 09:00
MED0003,LOC0143,WH-M-012,B00032559,294,18-03-2027,20,06-08-2026 09:00
MED0011,LOC0143,WH-M-012,B00112611,689,14-08-2027,30,06-08-2026 09:00
MED0014,LOC0143,WH-M-012,B00142786,0,20-09-2027,30,06-08-2026 09:00
MED0015,LOC0143,WH-M-012,B00152817,67,16-04-2027,100,06-08-2026 09:00
MED0114,LOC0144,WH-M-013,B01140195,12,10-02-2027,20,06-08-2026 09:00
MED0037,LOC0144,WH-M-013,B00370240,693,10-10-2028,100,06-08-2026 09:00
MED0068,LOC0144,WH-M-013,B00680338,500,23-08-2028,30,06-08-2026 09:00
MED0039,LOC0144,WH-M-013,B00390418,351,16-12-2027,75,06-08-2026 09:00
MED0025,LOC0144,WH-M-013,B00250553,3462,22-06-2027,75,06-08-2026 09:00
MED0097,LOC0144,WH-M-013,B00970633,109,11-02-2027,50,06-08-2026 09:00
MED0045,LOC0144,WH-M-013,B00450741,108,03-10-2028,75,06-08-2026 09:00
MED0007,LOC0144,WH-M-013,B00070887,790,14-03-2027,100,06-08-2026 09:00
MED0063,LOC0144,WH-M-013,B00630918,724,15-08-2026,50,06-08-2026 09:00
MED0036,LOC0144,WH-M-013,B00361042,0,04-06-2027,50,06-08-2026 09:00
MED0048,LOC0144,WH-M-013,B00481170,583,17-08-2026,30,06-08-2026 09:00
MED0002,LOC0144,WH-M-013,B00021252,552,24-08-2028,100,06-08-2026 09:00
MED0098,LOC0144,WH-M-013,B00981334,294,02-03-2028,100,06-08-2026 09:00
MED0096,LOC0144,WH-M-013,B00961487,578,15-08-2026,30,06-08-2026 09:00
MED0077,LOC0144,WH-M-013,B00771598,226,26-02-2027,100,06-08-2026 09:00
MED0028,LOC0144,WH-M-013,B00281682,3808,10-07-2027,100,06-08-2026 09:00
MED0095,LOC0144,WH-M-013,B00951733,683,25-08-2027,50,06-08-2026 09:00
MED0032,LOC0144,WH-M-013,B00321833,91,23-09-2028,20,06-08-2026 09:00
MED0024,LOC0144,WH-M-013,B00241993,0,09-12-2027,30,06-08-2026 09:00
MED0066,LOC0144,WH-M-013,B00662042,46,27-05-2026,50,06-08-2026 09:00
MED0107,LOC0144,WH-M-013,B01072142,220,28-08-2027,30,06-08-2026 09:00
MED0075,LOC0144,WH-M-013,B00752285,766,06-01-2028,30,06-08-2026 09:00
MED0082,LOC0144,WH-M-013,B00822310,160,28-10-2028,20,06-08-2026 09:00
MED0073,LOC0144,WH-M-013,B00732460,153,30-01-2028,20,06-08-2026 09:00
MED0078,LOC0144,WH-M-013,B00782590,160,22-12-2026,100,06-08-2026 09:00
MED0060,LOC0144,WH-M-013,B00602695,456,27-09-2027,100,06-08-2026 09:00
MED0004,LOC0144,WH-M-013,B00042779,4464,15-05-2027,75,06-08-2026 09:00
MED0018,LOC0144,WH-M-013,B00182817,14,25-07-2026,50,06-08-2026 09:00
MED0034,LOC0144,WH-M-013,B00342964,143,21-11-2028,75,06-08-2026 09:00
MED0035,LOC0144,WH-M-013,B00353080,338,17-11-2027,75,06-08-2026 09:00
MED0001,LOC0144,WH-M-013,B00013169,2678,16-09-2027,75,06-08-2026 09:00
MED0111,LOC0144,WH-M-013,B01113237,280,18-08-2028,20,06-08-2026 09:00
MED0026,LOC0144,WH-M-013,B00263393,293,01-11-2027,30,06-08-2026 09:00
MED0012,LOC0144,WH-M-013,B00123418,541,01-01-2029,75,06-08-2026 09:00
MED0038,LOC0145,WH-M-014,B00380151,188,14-03-2027,20,06-08-2026 09:00
MED0096,LOC0145,WH-M-014,B00960291,346,27-06-2028,20,06-08-2026 09:00
MED0053,LOC0145,WH-M-014,B00530339,202,17-03-2027,50,06-08-2026 09:00
MED0095,LOC0145,WH-M-014,B00950428,46,22-08-2027,75,06-08-2026 09:00
MED0026,LOC0145,WH-M-014,B00260515,58,01-03-2028,75,06-08-2026 09:00
MED0043,LOC0145,WH-M-014,B00430681,3993,30-06-2028,100,06-08-2026 09:00
MED0016,LOC0145,WH-M-014,B00160791,4539,09-11-2027,30,06-08-2026 09:00
MED0060,LOC0145,WH-M-014,B00600831,687,09-04-2027,30,06-08-2026 09:00
MED0041,LOC0145,WH-M-014,B00410995,33,19-09-2026,100,06-08-2026 09:00
MED0064,LOC0145,WH-M-014,B00641068,136,30-11-2026,50,06-08-2026 09:00
MED0027,LOC0145,WH-M-014,B00271135,683,06-10-2027,75,06-08-2026 09:00
MED0106,LOC0145,WH-M-014,B01061237,0,08-05-2028,100,06-08-2026 09:00
MED0097,LOC0145,WH-M-014,B00971313,412,03-08-2028,50,06-08-2026 09:00
MED0009,LOC0145,WH-M-014,B00091448,448,18-09-2027,20,06-08-2026 09:00
MED0066,LOC0145,WH-M-014,B00661598,401,16-09-2027,75,06-08-2026 09:00
MED0047,LOC0145,WH-M-014,B00471682,700,30-09-2028,100,06-08-2026 09:00
MED0014,LOC0145,WH-M-014,B00141755,418,02-10-2028,50,06-08-2026 09:00
MED0094,LOC0145,WH-M-014,B00941891,343,12-10-2027,20,06-08-2026 09:00
MED0105,LOC0145,WH-M-014,B01051958,488,25-11-2027,75,06-08-2026 09:00
MED0051,LOC0145,WH-M-014,B00512028,149,08-01-2029,100,06-08-2026 09:00
MED0073,LOC0145,WH-M-014,B00732148,162,12-08-2028,50,06-08-2026 09:00
MED0087,LOC0145,WH-M-014,B00872270,734,22-04-2027,75,06-08-2026 09:00
MED0050,LOC0145,WH-M-014,B00502396,276,20-05-2027,20,06-08-2026 09:00
MED0046,LOC0145,WH-M-014,B00462463,257,18-01-2028,30,06-08-2026 09:00
MED0102,LOC0145,WH-M-014,B01022586,3447,26-08-2026,75,06-08-2026 09:00
MED0099,LOC0145,WH-M-014,B00992660,2197,12-04-2028,75,06-08-2026 09:00
MED0075,LOC0145,WH-M-014,B00752776,562,29-11-2028,30,06-08-2026 09:00
MED0112,LOC0145,WH-M-014,B01122842,630,09-08-2027,100,06-08-2026 09:00
MED0042,LOC0145,WH-M-014,B00422941,260,15-12-2028,100,06-08-2026 09:00
MED0093,LOC0145,WH-M-014,B00933051,532,01-08-2028,100,06-08-2026 09:00
MED0002,LOC0145,WH-M-014,B00023116,235,10-08-2027,75,06-08-2026 09:00
MED0006,LOC0145,WH-M-014,B00063222,233,02-07-2027,100,06-08-2026 09:00
MED0082,LOC0145,WH-M-014,B00823334,28,13-09-2026,100,06-08-2026 09:00
MED0030,LOC0145,WH-M-014,B00303492,599,15-08-2026,50,06-08-2026 09:00
MED0029,LOC0145,WH-M-014,B00293541,505,15-01-2029,30,06-08-2026 09:00
MED0058,LOC0145,WH-M-014,B00583630,2,19-09-2026,100,06-08-2026 09:00
MED0103,LOC0145,WH-M-014,B01033722,28,20-08-2026,30,06-08-2026 09:00
MED0020,LOC0145,WH-M-014,B00203829,184,26-02-2026,100,06-08-2026 09:00
MED0024,LOC0145,WH-M-014,B00243934,372,17-01-2027,30,06-08-2026 09:00
MED0090,LOC0145,WH-M-014,B00904037,404,06-10-2028,30,06-08-2026 09:00
MED0111,LOC0145,WH-M-014,B01114120,4,04-05-2027,20,06-08-2026 09:00
MED0035,LOC0145,WH-M-014,B00354286,187,19-05-2028,30,06-08-2026 09:00
MED0067,LOC0145,WH-M-014,B00674389,35,10-05-2027,75,06-08-2026 09:00
MED0033,LOC0145,WH-M-014,B00334468,250,25-09-2026,50,06-08-2026 09:00
MED0018,LOC0145,WH-M-014,B00184598,408,18-10-2028,75,06-08-2026 09:00
MED0012,LOC0145,WH-M-014,B00124693,0,10-07-2026,20,06-08-2026 09:00
MED0060,LOC0146,WH-M-015,B00600127,706,15-11-2026,20,06-08-2026 09:00
MED0049,LOC0146,WH-M-015,B00490216,190,22-07-2027,75,06-08-2026 09:00
MED0112,LOC0146,WH-M-015,B01120376,672,09-11-2028,20,06-08-2026 09:00
MED0044,LOC0146,WH-M-015,B00440446,558,29-05-2027,20,06-08-2026 09:00
MED0108,LOC0146,WH-M-015,B01080524,183,24-04-2027,100,06-08-2026 09:00
MED0028,LOC0146,WH-M-015,B00280637,12,05-03-2026,75,06-08-2026 09:00
MED0106,LOC0146,WH-M-015,B01060797,77,26-03-2027,30,06-08-2026 09:00
MED0097,LOC0146,WH-M-015,B00970828,461,08-11-2027,50,06-08-2026 09:00
MED0023,LOC0146,WH-M-015,B00230965,90,13-02-2027,20,06-08-2026 09:00
MED0038,LOC0146,WH-M-015,B00381037,742,28-04-2028,75,06-08-2026 09:00
MED0040,LOC0146,WH-M-015,B00401120,505,15-02-2027,30,06-08-2026 09:00
MED0068,LOC0146,WH-M-015,B00681269,113,03-09-2026,75,06-08-2026 09:00
MED0031,LOC0146,WH-M-015,B00311332,138,11-11-2026,100,06-08-2026 09:00
MED0033,LOC0146,WH-M-015,B00331431,2773,24-07-2027,50,06-08-2026 09:00
MED0109,LOC0146,WH-M-015,B01091515,798,23-06-2026,75,06-08-2026 09:00
MED0066,LOC0146,WH-M-015,B00661636,85,16-10-2027,100,06-08-2026 09:00
MED0062,LOC0146,WH-M-015,B00621719,689,16-06-2026,20,06-08-2026 09:00
MED0015,LOC0146,WH-M-015,B00151853,798,18-09-2026,100,06-08-2026 09:00
MED0048,LOC0146,WH-M-015,B00481974,327,31-05-2026,20,06-08-2026 09:00
MED0010,LOC0146,WH-M-015,B00102067,298,19-03-2028,50,06-08-2026 09:00
MED0041,LOC0146,WH-M-015,B00412167,508,24-01-2028,20,06-08-2026 09:00
MED0037,LOC0146,WH-M-015,B00372239,751,19-02-2026,100,06-08-2026 09:00
MED0064,LOC0146,WH-M-015,B00642315,402,01-09-2027,20,06-08-2026 09:00
MED0039,LOC0146,WH-M-015,B00392410,237,08-11-2028,50,06-08-2026 09:00
MED0056,LOC0146,WH-M-015,B00562592,167,12-02-2028,20,06-08-2026 09:00
MED0080,LOC0146,WH-M-015,B00802680,248,24-03-2027,100,06-08-2026 09:00
MED0107,LOC0146,WH-M-015,B01072740,120,17-05-2028,30,06-08-2026 09:00
MED0088,LOC0146,WH-M-015,B00882830,0,24-09-2026,30,06-08-2026 09:00
MED0114,LOC0146,WH-M-015,B01142959,261,16-06-2026,20,06-08-2026 09:00
MED0081,LOC0146,WH-M-015,B00813015,0,06-07-2028,100,06-08-2026 09:00
MED0004,LOC0147,WH-M-016,B00040199,280,13-10-2027,20,06-08-2026 09:00
MED0023,LOC0147,WH-M-016,B00230263,711,27-01-2028,75,06-08-2026 09:00
MED0039,LOC0147,WH-M-016,B00390361,346,12-09-2026,20,06-08-2026 09:00
MED0006,LOC0147,WH-M-016,B00060422,2159,21-01-2029,20,06-08-2026 09:00
MED0052,LOC0147,WH-M-016,B00520571,339,03-10-2026,75,06-08-2026 09:00
MED0041,LOC0147,WH-M-016,B00410695,41,16-08-2026,75,06-08-2026 09:00
MED0009,LOC0147,WH-M-016,B00090739,257,28-10-2027,30,06-08-2026 09:00
MED0108,LOC0147,WH-M-016,B01080827,166,06-09-2028,50,06-08-2026 09:00
MED0087,LOC0147,WH-M-016,B00870955,746,15-09-2026,50,06-08-2026 09:00
MED0061,LOC0147,WH-M-016,B00611082,186,23-04-2028,100,06-08-2026 09:00
MED0082,LOC0147,WH-M-016,B00821173,241,01-04-2028,100,06-08-2026 09:00
MED0092,LOC0147,WH-M-016,B00921237,175,17-05-2027,30,06-08-2026 09:00
MED0035,LOC0147,WH-M-016,B00351399,700,20-04-2027,50,06-08-2026 09:00
MED0105,LOC0147,WH-M-016,B01051483,0,10-07-2027,50,06-08-2026 09:00
MED0010,LOC0147,WH-M-016,B00101577,433,16-07-2028,100,06-08-2026 09:00
MED0093,LOC0147,WH-M-016,B00931627,293,03-08-2027,50,06-08-2026 09:00
MED0012,LOC0147,WH-M-016,B00121760,570,13-11-2028,75,06-08-2026 09:00
MED0059,LOC0147,WH-M-016,B00591880,2982,23-05-2028,50,06-08-2026 09:00
MED0007,LOC0147,WH-M-016,B00071970,414,12-04-2027,75,06-08-2026 09:00
MED0086,LOC0147,WH-M-016,B00862010,231,19-09-2027,30,06-08-2026 09:00
MED0051,LOC0147,WH-M-016,B00512164,57,29-12-2027,75,06-08-2026 09:00
MED0102,LOC0147,WH-M-016,B01022298,798,23-08-2026,30,06-08-2026 09:00
MED0070,LOC0147,WH-M-016,B00702398,3631,23-07-2027,30,06-08-2026 09:00
MED0046,LOC0147,WH-M-016,B00462477,425,28-04-2027,50,06-08-2026 09:00
MED0057,LOC0147,WH-M-016,B00572514,222,17-02-2028,100,06-08-2026 09:00
MED0073,LOC0147,WH-M-016,B00732625,372,06-11-2028,50,06-08-2026 09:00
MED0056,LOC0147,WH-M-016,B00562719,297,29-01-2027,50,06-08-2026 09:00
MED0066,LOC0147,WH-M-016,B00662847,271,02-08-2027,20,06-08-2026 09:00
MED0072,LOC0147,WH-M-016,B00722920,656,26-12-2028,100,06-08-2026 09:00
MED0110,LOC0147,WH-M-016,B01103048,306,05-08-2028,100,06-08-2026 09:00
MED0025,LOC0147,WH-M-016,B00253130,112,19-01-2027,75,06-08-2026 09:00
MED0081,LOC0147,WH-M-016,B00813292,3670,20-03-2028,100,06-08-2026 09:00
MED0098,LOC0147,WH-M-016,B00983332,257,26-08-2027,100,06-08-2026 09:00
MED0021,LOC0147,WH-M-016,B00213442,513,30-04-2027,100,06-08-2026 09:00
MED0033,LOC0147,WH-M-016,B00333589,330,01-08-2028,75,06-08-2026 09:00
MED0008,LOC0147,WH-M-016,B00083625,383,09-06-2028,100,06-08-2026 09:00
MED0058,LOC0147,WH-M-016,B00583725,2,27-08-2026,50,06-08-2026 09:00
MED0114,LOC0147,WH-M-016,B01143838,666,09-09-2026,50,06-08-2026 09:00
MED0040,LOC0147,WH-M-016,B00403940,582,07-10-2028,50,06-08-2026 09:00
MED0112,LOC0147,WH-M-016,B01124031,476,28-05-2028,20,06-08-2026 09:00
MED0103,LOC0147,WH-M-016,B01034174,201,30-11-2026,50,06-08-2026 09:00
MED0011,LOC0147,WH-M-016,B00114271,414,06-07-2027,20,06-08-2026 09:00
MED0032,LOC0147,WH-M-016,B00324336,393,15-09-2027,100,06-08-2026 09:00
MED0074,LOC0147,WH-M-016,B00744490,650,24-08-2026,20,06-08-2026 09:00
MED0067,LOC0147,WH-M-016,B00674585,0,04-12-2028,75,06-08-2026 09:00
MED0016,LOC0147,WH-M-016,B00164690,2108,05-07-2028,75,06-08-2026 09:00
MED0079,LOC0147,WH-M-016,B00794723,456,17-07-2028,75,06-08-2026 09:00
MED0069,LOC0147,WH-M-016,B00694886,65,20-03-2028,30,06-08-2026 09:00
MED0050,LOC0148,WH-M-017,B00500179,492,31-07-2028,30,06-08-2026 09:00
MED0044,LOC0148,WH-M-017,B00440227,523,19-08-2028,75,06-08-2026 09:00
MED0002,LOC0148,WH-M-017,B00020343,61,24-01-2027,20,06-08-2026 09:00
MED0055,LOC0148,WH-M-017,B00550489,144,20-02-2028,100,06-08-2026 09:00
MED0010,LOC0148,WH-M-017,B00100567,632,16-08-2028,75,06-08-2026 09:00
MED0109,LOC0148,WH-M-017,B01090692,167,21-07-2026,100,06-08-2026 09:00
MED0099,LOC0148,WH-M-017,B00990742,284,23-03-2027,20,06-08-2026 09:00
MED0035,LOC0148,WH-M-017,B00350831,0,18-03-2028,75,06-08-2026 09:00
MED0057,LOC0148,WH-M-017,B00570955,546,12-01-2027,30,06-08-2026 09:00
MED0011,LOC0148,WH-M-017,B00111086,531,29-09-2027,100,06-08-2026 09:00
MED0045,LOC0148,WH-M-017,B00451165,331,18-10-2028,100,06-08-2026 09:00
MED0075,LOC0148,WH-M-017,B00751274,501,19-07-2028,30,06-08-2026 09:00
MED0112,LOC0148,WH-M-017,B01121371,29,28-03-2028,30,06-08-2026 09:00
MED0014,LOC0148,WH-M-017,B00141459,615,05-06-2027,100,06-08-2026 09:00
MED0101,LOC0148,WH-M-017,B01011522,480,05-08-2028,75,06-08-2026 09:00
MED0022,LOC0148,WH-M-017,B00221696,223,20-11-2028,20,06-08-2026 09:00
MED0041,LOC0148,WH-M-017,B00411782,2018,27-06-2027,100,06-08-2026 09:00
MED0001,LOC0148,WH-M-017,B00011813,349,22-01-2028,20,06-08-2026 09:00
MED0018,LOC0148,WH-M-017,B00181989,785,28-12-2027,30,06-08-2026 09:00
MED0094,LOC0148,WH-M-017,B00942037,15,07-01-2028,75,06-08-2026 09:00
MED0025,LOC0148,WH-M-017,B00252112,479,11-12-2027,50,06-08-2026 09:00
MED0105,LOC0148,WH-M-017,B01052217,83,01-02-2027,75,06-08-2026 09:00
MED0054,LOC0148,WH-M-017,B00542327,132,13-09-2028,20,06-08-2026 09:00
MED0006,LOC0148,WH-M-017,B00062477,671,18-02-2027,75,06-08-2026 09:00
MED0097,LOC0148,WH-M-017,B00972584,133,23-10-2027,20,06-08-2026 09:00
MED0033,LOC0148,WH-M-017,B00332691,3429,17-07-2028,50,06-08-2026 09:00
MED0007,LOC0148,WH-M-017,B00072745,382,14-04-2027,30,06-08-2026 09:00
MED0061,LOC0149,WH-M-018,B00610197,179,02-06-2028,100,06-08-2026 09:00
MED0099,LOC0149,WH-M-018,B00990260,165,04-08-2028,75,06-08-2026 09:00
MED0059,LOC0149,WH-M-018,B00590388,598,03-06-2028,75,06-08-2026 09:00
MED0098,LOC0149,WH-M-018,B00980444,229,17-10-2027,20,06-08-2026 09:00
MED0094,LOC0149,WH-M-018,B00940521,60,20-12-2028,20,06-08-2026 09:00
MED0076,LOC0149,WH-M-018,B00760628,84,20-08-2027,50,06-08-2026 09:00
MED0043,LOC0149,WH-M-018,B00430738,327,27-09-2027,75,06-08-2026 09:00
MED0005,LOC0149,WH-M-018,B00050887,724,25-09-2028,100,06-08-2026 09:00
MED0106,LOC0149,WH-M-018,B01060946,253,25-07-2028,75,06-08-2026 09:00
MED0058,LOC0149,WH-M-018,B00581031,2535,08-12-2028,75,06-08-2026 09:00
MED0093,LOC0149,WH-M-018,B00931160,523,26-11-2026,20,06-08-2026 09:00
MED0054,LOC0149,WH-M-018,B00541286,417,09-09-2026,30,06-08-2026 09:00
MED0088,LOC0149,WH-M-018,B00881332,193,20-04-2028,75,06-08-2026 09:00
MED0047,LOC0149,WH-M-018,B00471494,617,16-05-2027,75,06-08-2026 09:00
MED0100,LOC0149,WH-M-018,B01001588,42,01-11-2028,30,06-08-2026 09:00
MED0042,LOC0149,WH-M-018,B00421635,393,04-06-2026,20,06-08-2026 09:00
MED0112,LOC0149,WH-M-018,B01121777,3530,31-01-2027,30,06-08-2026 09:00
MED0029,LOC0149,WH-M-018,B00291816,668,18-01-2028,50,06-08-2026 09:00
MED0063,LOC0149,WH-M-018,B00631921,645,26-05-2027,30,06-08-2026 09:00
MED0033,LOC0149,WH-M-018,B00332030,566,21-11-2028,30,06-08-2026 09:00
MED0072,LOC0149,WH-M-018,B00722172,0,03-01-2028,20,06-08-2026 09:00
MED0046,LOC0149,WH-M-018,B00462240,468,12-02-2028,75,06-08-2026 09:00
MED0020,LOC0149,WH-M-018,B00202354,467,04-11-2027,75,06-08-2026 09:00
MED0108,LOC0149,WH-M-018,B01082424,59,03-04-2028,50,06-08-2026 09:00
MED0010,LOC0149,WH-M-018,B00102524,712,05-11-2027,100,06-08-2026 09:00
MED0022,LOC0149,WH-M-018,B00222683,143,01-06-2027,20,06-08-2026 09:00
MED0089,LOC0149,WH-M-018,B00892789,240,07-05-2028,50,06-08-2026 09:00
MED0091,LOC0149,WH-M-018,B00912836,255,27-01-2027,30,06-08-2026 09:00
MED0071,LOC0149,WH-M-018,B00712976,71,04-09-2028,50,06-08-2026 09:00
MED0038,LOC0149,WH-M-018,B00383058,29,30-03-2027,50,06-08-2026 09:00
MED0103,LOC0149,WH-M-018,B01033164,0,26-09-2026,50,06-08-2026 09:00
MED0111,LOC0149,WH-M-018,B01113290,288,27-09-2027,20,06-08-2026 09:00
MED0109,LOC0149,WH-M-018,B01093371,304,06-04-2028,20,06-08-2026 09:00
MED0007,LOC0149,WH-M-018,B00073441,430,01-06-2028,75,06-08-2026 09:00
MED0011,LOC0149,WH-M-018,B00113568,464,18-06-2028,50,06-08-2026 09:00
MED0096,LOC0149,WH-M-018,B00963665,0,28-12-2026,30,06-08-2026 09:00
MED0113,LOC0149,WH-M-018,B01133731,489,23-10-2027,100,06-08-2026 09:00
MED0102,LOC0149,WH-M-018,B01023874,758,08-11-2027,20,06-08-2026 09:00
MED0021,LOC0149,WH-M-018,B00213957,473,17-04-2027,100,06-08-2026 09:00
MED0062,LOC0149,WH-M-018,B00624081,270,27-12-2028,100,06-08-2026 09:00
MED0076,LOC0150,WH-M-019,B00760119,598,31-05-2026,30,06-08-2026 09:00
MED0086,LOC0150,WH-M-019,B00860277,159,28-11-2028,50,06-08-2026 09:00
MED0106,LOC0150,WH-M-019,B01060311,374,23-03-2028,75,06-08-2026 09:00
MED0092,LOC0150,WH-M-019,B00920497,481,09-07-2028,20,06-08-2026 09:00
MED0114,LOC0150,WH-M-019,B01140558,127,08-09-2027,50,06-08-2026 09:00
MED0039,LOC0150,WH-M-019,B00390639,766,29-09-2028,75,06-08-2026 09:00
MED0107,LOC0150,WH-M-019,B01070715,776,21-10-2027,75,06-08-2026 09:00
MED0078,LOC0150,WH-M-019,B00780849,714,10-02-2026,30,06-08-2026 09:00
MED0046,LOC0150,WH-M-019,B00460973,728,24-02-2026,20,06-08-2026 09:00
MED0011,LOC0150,WH-M-019,B00111023,433,03-06-2026,30,06-08-2026 09:00
MED0050,LOC0150,WH-M-019,B00501172,4718,07-12-2028,75,06-08-2026 09:00
MED0087,LOC0150,WH-M-019,B00871244,701,03-12-2027,100,06-08-2026 09:00
MED0093,LOC0150,WH-M-019,B00931392,181,26-08-2027,50,06-08-2026 09:00
MED0043,LOC0150,WH-M-019,B00431426,728,29-05-2027,30,06-08-2026 09:00
MED0080,LOC0150,WH-M-019,B00801553,501,01-04-2028,100,06-08-2026 09:00
MED0075,LOC0150,WH-M-019,B00751660,696,04-10-2026,20,06-08-2026 09:00
MED0009,LOC0150,WH-M-019,B00091769,71,03-12-2028,100,06-08-2026 09:00
MED0096,LOC0150,WH-M-019,B00961863,373,27-09-2028,20,06-08-2026 09:00
MED0091,LOC0150,WH-M-019,B00911948,424,22-06-2028,20,06-08-2026 09:00
MED0090,LOC0150,WH-M-019,B00902059,430,06-07-2027,20,06-08-2026 09:00
MED0099,LOC0150,WH-M-019,B00992150,14,18-11-2027,50,06-08-2026 09:00
MED0036,LOC0150,WH-M-019,B00362238,119,16-01-2027,20,06-08-2026 09:00
MED0041,LOC0150,WH-M-019,B00412326,425,14-05-2027,30,06-08-2026 09:00
MED0051,LOC0150,WH-M-019,B00512460,76,21-11-2027,50,06-08-2026 09:00
MED0085,LOC0150,WH-M-019,B00852592,607,16-08-2026,100,06-08-2026 09:00
MED0038,LOC0150,WH-M-019,B00382681,461,19-09-2027,75,06-08-2026 09:00
MED0109,LOC0150,WH-M-019,B01092783,566,11-03-2028,75,06-08-2026 09:00
MED0056,LOC0150,WH-M-019,B00562883,418,30-01-2027,100,06-08-2026 09:00
MED0033,LOC0150,WH-M-019,B00332990,59,24-03-2028,75,06-08-2026 09:00
MED0042,LOC0150,WH-M-019,B00423033,209,10-05-2027,20,06-08-2026 09:00
MED0105,LOC0151,WH-M-020,B01050160,361,21-11-2027,30,06-08-2026 09:00
MED0073,LOC0151,WH-M-020,B00730249,170,20-04-2028,100,06-08-2026 09:00
MED0094,LOC0151,WH-M-020,B00940314,0,12-11-2026,20,06-08-2026 09:00
MED0011,LOC0151,WH-M-020,B00110437,163,22-11-2026,30,06-08-2026 09:00
MED0055,LOC0151,WH-M-020,B00550548,536,02-02-2028,30,06-08-2026 09:00
MED0033,LOC0151,WH-M-020,B00330639,332,22-09-2026,75,06-08-2026 09:00
MED0018,LOC0151,WH-M-020,B00180798,82,08-09-2026,50,06-08-2026 09:00
MED0031,LOC0151,WH-M-020,B00310810,0,10-05-2028,30,06-08-2026 09:00
MED0001,LOC0151,WH-M-020,B00010952,688,22-06-2028,75,06-08-2026 09:00
MED0016,LOC0151,WH-M-020,B00161018,422,11-09-2028,100,06-08-2026 09:00
MED0108,LOC0151,WH-M-020,B01081123,665,08-01-2027,100,06-08-2026 09:00
MED0062,LOC0151,WH-M-020,B00621269,167,23-01-2027,20,06-08-2026 09:00
MED0037,LOC0151,WH-M-020,B00371391,30,06-06-2027,75,06-08-2026 09:00
MED0052,LOC0151,WH-M-020,B00521488,402,31-08-2028,75,06-08-2026 09:00
MED0076,LOC0151,WH-M-020,B00761530,519,22-08-2026,50,06-08-2026 09:00
MED0092,LOC0151,WH-M-020,B00921653,334,17-08-2027,75,06-08-2026 09:00
MED0002,LOC0151,WH-M-020,B00021732,700,24-12-2026,20,06-08-2026 09:00
MED0015,LOC0151,WH-M-020,B00151856,31,20-03-2028,100,06-08-2026 09:00
MED0063,LOC0151,WH-M-020,B00631923,705,03-12-2028,30,06-08-2026 09:00
MED0050,LOC0151,WH-M-020,B00502098,256,13-03-2027,30,06-08-2026 09:00
MED0027,LOC0151,WH-M-020,B00272184,337,12-02-2027,75,06-08-2026 09:00
MED0014,LOC0151,WH-M-020,B00142241,0,14-01-2029,50,06-08-2026 09:00
MED0078,LOC0151,WH-M-020,B00782368,513,06-01-2027,20,06-08-2026 09:00
MED0012,LOC0151,WH-M-020,B00122489,3630,21-08-2027,20,06-08-2026 09:00
MED0074,LOC0151,WH-M-020,B00742530,618,29-08-2026,50,06-08-2026 09:00
MED0065,LOC0151,WH-M-020,B00652610,243,26-04-2027,100,06-08-2026 09:00
MED0110,LOC0151,WH-M-020,B01102773,283,30-01-2028,20,06-08-2026 09:00
MED0032,LOC0151,WH-M-020,B00322820,91,16-11-2028,75,06-08-2026 09:00
MED0060,LOC0151,WH-M-020,B00602927,451,24-10-2027,75,06-08-2026 09:00
MED0084,LOC0151,WH-M-020,B00843059,170,24-10-2028,100,06-08-2026 09:00
MED0003,LOC0151,WH-M-020,B00033182,671,06-08-2027,20,06-08-2026 09:00
MED0068,LOC0151,WH-M-020,B00683243,134,01-06-2028,20,06-08-2026 09:00
MED0047,LOC0151,WH-M-020,B00473342,194,05-12-2028,100,06-08-2026 09:00
MED0045,LOC0151,WH-M-020,B00453440,419,21-01-2027,50,06-08-2026 09:00
MED0029,LOC0151,WH-M-020,B00293512,447,18-10-2027,100,06-08-2026 09:00
MED0095,LOC0151,WH-M-020,B00953657,596,18-10-2028,20,06-08-2026 09:00
MED0106,LOC0151,WH-M-020,B01063734,409,14-04-2028,100,06-08-2026 09:00
MED0054,LOC0151,WH-M-020,B00543856,577,02-12-2028,30,06-08-2026 09:00
MED0020,LOC0151,WH-M-020,B00203984,392,03-03-2027,100,06-08-2026 09:00
MED0023,LOC0151,WH-M-020,B00234059,4609,03-01-2028,50,06-08-2026 09:00
MED0025,LOC0151,WH-M-020,B00254114,335,28-12-2027,20,06-08-2026 09:00
MED0098,LOC0151,WH-M-020,B00984227,42,26-01-2028,100,06-08-2026 09:00
MED0053,LOC0151,WH-M-020,B00534391,29,20-06-2027,20,06-08-2026 09:00
MED0090,LOC0151,WH-M-020,B00904430,562,11-08-2026,30,06-08-2026 09:00
MED0081,LOC0151,WH-M-020,B00814571,591,14-12-2027,20,06-08-2026 09:00
MED0077,LOC0151,WH-M-020,B00774635,453,21-11-2026,75,06-08-2026 09:00
MED0061,LOC0151,WH-M-020,B00614758,792,21-06-2027,75,06-08-2026 09:00
MED0054,LOC0152,WH-M-021,B00540127,338,08-02-2027,20,06-08-2026 09:00
MED0062,LOC0152,WH-M-021,B00620226,432,07-01-2028,100,06-08-2026 09:00
MED0001,LOC0152,WH-M-021,B00010397,507,23-12-2026,50,06-08-2026 09:00
MED0059,LOC0152,WH-M-021,B00590421,528,07-08-2026,20,06-08-2026 09:00
MED0082,LOC0152,WH-M-021,B00820511,323,25-02-2028,50,06-08-2026 09:00
MED0013,LOC0152,WH-M-021,B00130617,0,21-09-2028,20,06-08-2026 09:00
MED0075,LOC0152,WH-M-021,B00750742,531,27-09-2027,20,06-08-2026 09:00
MED0081,LOC0152,WH-M-021,B00810849,776,10-08-2028,75,06-08-2026 09:00
MED0090,LOC0152,WH-M-021,B00900983,411,29-06-2027,75,06-08-2026 09:00
MED0112,LOC0152,WH-M-021,B01121083,282,13-08-2026,20,06-08-2026 09:00
MED0045,LOC0152,WH-M-021,B00451177,589,12-01-2027,100,06-08-2026 09:00
MED0052,LOC0152,WH-M-021,B00521247,205,28-10-2027,30,06-08-2026 09:00
MED0085,LOC0152,WH-M-021,B00851332,554,04-09-2028,30,06-08-2026 09:00
MED0042,LOC0152,WH-M-021,B00421484,106,03-10-2026,50,06-08-2026 09:00
MED0063,LOC0152,WH-M-021,B00631511,361,08-12-2028,20,06-08-2026 09:00
MED0037,LOC0152,WH-M-021,B00371633,677,07-01-2027,100,06-08-2026 09:00
MED0025,LOC0152,WH-M-021,B00251714,636,29-06-2028,50,06-08-2026 09:00
MED0076,LOC0152,WH-M-021,B00761867,142,12-05-2028,30,06-08-2026 09:00
MED0053,LOC0152,WH-M-021,B00531990,398,11-12-2026,75,06-08-2026 09:00
MED0100,LOC0152,WH-M-021,B01002019,745,27-09-2027,75,06-08-2026 09:00
MED0113,LOC0152,WH-M-021,B01132182,317,12-06-2026,30,06-08-2026 09:00
MED0005,LOC0152,WH-M-021,B00052269,481,03-05-2028,100,06-08-2026 09:00
MED0041,LOC0152,WH-M-021,B00412377,716,25-11-2026,50,06-08-2026 09:00
MED0034,LOC0152,WH-M-021,B00342482,417,11-10-2028,20,06-08-2026 09:00
MED0051,LOC0152,WH-M-021,B00512511,700,26-10-2028,30,06-08-2026 09:00
MED0058,LOC0152,WH-M-021,B00582610,391,23-04-2027,30,06-08-2026 09:00
MED0026,LOC0152,WH-M-021,B00262751,3265,21-05-2028,75,06-08-2026 09:00
MED0077,LOC0152,WH-M-021,B00772875,107,06-09-2026,20,06-08-2026 09:00
MED0032,LOC0152,WH-M-021,B00322961,0,06-02-2028,75,06-08-2026 09:00
MED0010,LOC0152,WH-M-021,B00103095,607,21-09-2026,75,06-08-2026 09:00
MED0106,LOC0152,WH-M-021,B01063117,138,25-06-2027,100,06-08-2026 09:00
MED0033,LOC0152,WH-M-021,B00333244,454,26-01-2028,30,06-08-2026 09:00
MED0087,LOC0152,WH-M-021,B00873340,639,13-05-2027,20,06-08-2026 09:00
MED0105,LOC0152,WH-M-021,B01053477,13,18-03-2028,20,06-08-2026 09:00
MED0097,LOC0152,WH-M-021,B00973586,4635,20-12-2028,75,06-08-2026 09:00
MED0044,LOC0152,WH-M-021,B00443669,179,19-10-2027,75,06-08-2026 09:00
MED0035,LOC0152,WH-M-021,B00353771,414,02-01-2028,20,06-08-2026 09:00
MED0055,LOC0152,WH-M-021,B00553850,97,16-09-2027,50,06-08-2026 09:00
MED0071,LOC0152,WH-M-021,B00713948,783,01-02-2028,30,06-08-2026 09:00
MED0069,LOC0152,WH-M-021,B00694027,530,30-09-2027,50,06-08-2026 09:00
MED0064,LOC0152,WH-M-021,B00644124,618,23-12-2026,75,06-08-2026 09:00
MED0031,LOC0152,WH-M-021,B00314224,106,17-02-2027,100,06-08-2026 09:00
MED0007,LOC0152,WH-M-021,B00074339,487,18-01-2029,50,06-08-2026 09:00
MED0046,LOC0152,WH-M-021,B00464446,76,16-01-2028,100,06-08-2026 09:00
MED0067,LOC0152,WH-M-021,B00674594,37,04-01-2027,75,06-08-2026 09:00
MED0065,LOC0152,WH-M-021,B00654679,544,03-03-2026,75,06-08-2026 09:00
MED0110,LOC0152,WH-M-021,B01104738,214,22-06-2028,30,06-08-2026 09:00
MED0016,LOC0152,WH-M-021,B00164872,719,24-09-2026,50,06-08-2026 09:00
MED0066,LOC0153,WH-M-022,B00660130,4151,08-12-2027,75,06-08-2026 09:00
MED0055,LOC0153,WH-M-022,B00550242,386,20-02-2028,100,06-08-2026 09:00
MED0007,LOC0153,WH-M-022,B00070390,184,12-06-2027,75,06-08-2026 09:00
MED0032,LOC0153,WH-M-022,B00320493,0,22-10-2027,75,06-08-2026 09:00
MED0081,LOC0153,WH-M-022,B00810533,775,15-10-2028,50,06-08-2026 09:00
MED0039,LOC0153,WH-M-022,B00390625,584,16-05-2027,75,06-08-2026 09:00
MED0096,LOC0153,WH-M-022,B00960721,741,18-08-2027,100,06-08-2026 09:00
MED0108,LOC0153,WH-M-022,B01080899,718,09-04-2028,30,06-08-2026 09:00
MED0045,LOC0153,WH-M-022,B00450933,782,10-12-2027,20,06-08-2026 09:00
MED0049,LOC0153,WH-M-022,B00491022,593,22-11-2028,50,06-08-2026 09:00
MED0026,LOC0153,WH-M-022,B00261179,349,08-01-2027,100,06-08-2026 09:00
MED0089,LOC0153,WH-M-022,B00891220,551,06-07-2027,100,06-08-2026 09:00
MED0031,LOC0153,WH-M-022,B00311361,52,25-10-2027,50,06-08-2026 09:00
MED0027,LOC0153,WH-M-022,B00271474,0,15-04-2027,30,06-08-2026 09:00
MED0100,LOC0153,WH-M-022,B01001588,195,10-09-2027,30,06-08-2026 09:00
MED0070,LOC0153,WH-M-022,B00701679,457,16-12-2028,20,06-08-2026 09:00
MED0074,LOC0153,WH-M-022,B00741784,102,02-04-2028,75,06-08-2026 09:00
MED0020,LOC0153,WH-M-022,B00201856,94,10-01-2029,75,06-08-2026 09:00
MED0111,LOC0153,WH-M-022,B01111978,176,26-12-2027,20,06-08-2026 09:00
MED0109,LOC0153,WH-M-022,B01092059,640,26-01-2028,50,06-08-2026 09:00
MED0080,LOC0153,WH-M-022,B00802132,536,08-05-2028,20,06-08-2026 09:00
MED0047,LOC0153,WH-M-022,B00472279,0,09-11-2027,30,06-08-2026 09:00
MED0018,LOC0153,WH-M-022,B00182347,612,20-08-2028,75,06-08-2026 09:00
MED0036,LOC0153,WH-M-022,B00362419,680,06-06-2027,75,06-08-2026 09:00
MED0042,LOC0153,WH-M-022,B00422559,16,31-08-2027,75,06-08-2026 09:00
MED0058,LOC0153,WH-M-022,B00582675,2645,08-04-2027,20,06-08-2026 09:00
MED0112,LOC0153,WH-M-022,B01122749,212,23-12-2027,20,06-08-2026 09:00
MED0044,LOC0153,WH-M-022,B00442895,0,21-08-2027,100,06-08-2026 09:00
MED0010,LOC0153,WH-M-022,B00102940,82,21-01-2028,75,06-08-2026 09:00
MED0041,LOC0153,WH-M-022,B00413014,724,30-09-2028,50,06-08-2026 09:00
MED0087,LOC0153,WH-M-022,B00873122,62,10-10-2028,30,06-08-2026 09:00
MED0061,LOC0153,WH-M-022,B00613228,787,06-05-2027,75,06-08-2026 09:00
MED0068,LOC0153,WH-M-022,B00683310,325,28-08-2027,100,06-08-2026 09:00
MED0092,LOC0153,WH-M-022,B00923429,464,26-11-2027,100,06-08-2026 09:00
MED0052,LOC0153,WH-M-022,B00523523,360,29-09-2026,30,06-08-2026 09:00
MED0025,LOC0153,WH-M-022,B00253658,539,11-12-2026,20,06-08-2026 09:00
MED0069,LOC0153,WH-M-022,B00693733,757,04-01-2027,75,06-08-2026 09:00
MED0099,LOC0153,WH-M-022,B00993891,303,22-11-2026,75,06-08-2026 09:00
MED0001,LOC0153,WH-M-022,B00013975,627,27-05-2027,20,06-08-2026 09:00
MED0104,LOC0153,WH-M-022,B01044049,4945,21-03-2027,100,06-08-2026 09:00
MED0022,LOC0153,WH-M-022,B00224172,2097,06-08-2028,50,06-08-2026 09:00
MED0035,LOC0153,WH-M-022,B00354228,327,18-06-2027,100,06-08-2026 09:00
MED0019,LOC0153,WH-M-022,B00194345,57,03-10-2028,20,06-08-2026 09:00
MED0060,LOC0153,WH-M-022,B00604454,792,22-05-2027,30,06-08-2026 09:00
MED0012,LOC0153,WH-M-022,B00124592,14,12-01-2027,50,06-08-2026 09:00
MED0088,LOC0154,WH-M-023,B00880120,794,24-09-2026,30,06-08-2026 09:00
MED0060,LOC0154,WH-M-023,B00600218,778,23-07-2027,50,06-08-2026 09:00
MED0097,LOC0154,WH-M-023,B00970384,565,30-08-2027,30,06-08-2026 09:00
MED0022,LOC0154,WH-M-023,B00220480,184,21-09-2028,30,06-08-2026 09:00
MED0079,LOC0154,WH-M-023,B00790585,669,08-04-2028,20,06-08-2026 09:00
MED0067,LOC0154,WH-M-023,B00670610,3804,17-05-2028,50,06-08-2026 09:00
MED0048,LOC0154,WH-M-023,B00480731,161,18-01-2028,20,06-08-2026 09:00
MED0004,LOC0154,WH-M-023,B00040839,335,06-03-2028,50,06-08-2026 09:00
MED0111,LOC0154,WH-M-023,B01110986,614,02-10-2026,30,06-08-2026 09:00
MED0032,LOC0154,WH-M-023,B00321031,252,08-10-2028,50,06-08-2026 09:00
MED0085,LOC0154,WH-M-023,B00851142,0,16-03-2028,50,06-08-2026 09:00
MED0104,LOC0154,WH-M-023,B01041281,155,07-07-2027,100,06-08-2026 09:00
MED0107,LOC0154,WH-M-023,B01071396,288,19-12-2028,30,06-08-2026 09:00
MED0045,LOC0154,WH-M-023,B00451486,402,07-06-2027,30,06-08-2026 09:00
MED0082,LOC0154,WH-M-023,B00821555,158,01-06-2028,100,06-08-2026 09:00
MED0096,LOC0154,WH-M-023,B00961676,0,30-11-2026,100,06-08-2026 09:00
MED0102,LOC0154,WH-M-023,B01021793,98,30-12-2027,75,06-08-2026 09:00
MED0055,LOC0154,WH-M-023,B00551850,604,14-04-2028,30,06-08-2026 09:00
MED0056,LOC0154,WH-M-023,B00561995,58,09-08-2027,20,06-08-2026 09:00
MED0057,LOC0154,WH-M-023,B00572013,676,13-09-2026,100,06-08-2026 09:00
MED0013,LOC0154,WH-M-023,B00132172,2513,24-02-2028,50,06-08-2026 09:00
MED0033,LOC0154,WH-M-023,B00332246,4516,23-08-2026,30,06-08-2026 09:00
MED0070,LOC0154,WH-M-023,B00702398,707,21-02-2027,50,06-08-2026 09:00
MED0044,LOC0154,WH-M-023,B00442411,496,04-11-2028,20,06-08-2026 09:00
MED0030,LOC0154,WH-M-023,B00302596,262,27-04-2028,20,06-08-2026 09:00
MED0089,LOC0155,WH-N-001,B00890165,451,10-10-2028,50,06-08-2026 09:00
MED0036,LOC0155,WH-N-001,B00360295,572,14-06-2027,75,06-08-2026 09:00
MED0068,LOC0155,WH-N-001,B00680368,409,14-01-2027,20,06-08-2026 09:00
MED0051,LOC0155,WH-N-001,B00510453,663,16-07-2027,50,06-08-2026 09:00
MED0043,LOC0155,WH-N-001,B00430539,274,14-04-2028,30,06-08-2026 09:00
MED0087,LOC0155,WH-N-001,B00870655,214,24-12-2028,100,06-08-2026 09:00
MED0063,LOC0155,WH-N-001,B00630715,138,15-12-2027,30,06-08-2026 09:00
MED0097,LOC0155,WH-N-001,B00970881,354,10-07-2028,100,06-08-2026 09:00
MED0027,LOC0155,WH-N-001,B00270921,297,04-12-2026,75,06-08-2026 09:00
MED0062,LOC0155,WH-N-001,B00621048,616,10-11-2028,20,06-08-2026 09:00
MED0038,LOC0155,WH-N-001,B00381196,278,29-05-2027,75,06-08-2026 09:00
MED0100,LOC0155,WH-N-001,B01001288,37,28-06-2028,75,06-08-2026 09:00
MED0113,LOC0155,WH-N-001,B01131387,427,12-01-2027,20,06-08-2026 09:00
MED0077,LOC0155,WH-N-001,B00771483,398,14-10-2027,50,06-08-2026 09:00
MED0049,LOC0155,WH-N-001,B00491514,238,08-02-2027,75,06-08-2026 09:00
MED0052,LOC0155,WH-N-001,B00521636,256,07-04-2026,30,06-08-2026 09:00
MED0103,LOC0155,WH-N-001,B01031776,746,26-12-2026,75,06-08-2026 09:00
MED0001,LOC0155,WH-N-001,B00011850,112,26-03-2028,20,06-08-2026 09:00
MED0057,LOC0155,WH-N-001,B00571970,284,06-12-2026,75,06-08-2026 09:00
MED0018,LOC0155,WH-N-001,B00182068,701,05-04-2028,30,06-08-2026 09:00
MED0029,LOC0155,WH-N-001,B00292185,693,16-06-2028,75,06-08-2026 09:00
MED0111,LOC0155,WH-N-001,B01112262,518,29-06-2027,20,06-08-2026 09:00
MED0098,LOC0155,WH-N-001,B00982378,71,23-08-2026,30,06-08-2026 09:00
MED0008,LOC0155,WH-N-001,B00082467,569,07-01-2028,50,06-08-2026 09:00
MED0104,LOC0155,WH-N-001,B01042598,394,06-03-2028,20,06-08-2026 09:00
MED0061,LOC0155,WH-N-001,B00612685,68,31-03-2027,30,06-08-2026 09:00
MED0034,LOC0155,WH-N-001,B00342792,502,03-08-2028,20,06-08-2026 09:00
MED0014,LOC0155,WH-N-001,B00142896,664,17-06-2028,100,06-08-2026 09:00
MED0019,LOC0155,WH-N-001,B00192947,3656,23-03-2026,100,06-08-2026 09:00
MED0107,LOC0155,WH-N-001,B01073052,356,30-05-2028,20,06-08-2026 09:00
MED0072,LOC0155,WH-N-001,B00723145,730,27-10-2028,50,06-08-2026 09:00
MED0109,LOC0155,WH-N-001,B01093251,426,29-04-2028,30,06-08-2026 09:00
MED0070,LOC0155,WH-N-001,B00703365,505,05-07-2026,50,06-08-2026 09:00
MED0085,LOC0155,WH-N-001,B00853444,261,09-02-2027,100,06-08-2026 09:00
MED0025,LOC0155,WH-N-001,B00253544,0,22-09-2026,50,06-08-2026 09:00
MED0056,LOC0155,WH-N-001,B00563640,378,05-04-2027,20,06-08-2026 09:00
MED0067,LOC0155,WH-N-001,B00673715,0,06-01-2029,20,06-08-2026 09:00
MED0101,LOC0155,WH-N-001,B01013862,621,24-06-2028,75,06-08-2026 09:00
MED0106,LOC0155,WH-N-001,B01063994,180,02-04-2028,100,06-08-2026 09:00
MED0065,LOC0155,WH-N-001,B00654044,312,03-06-2027,50,06-08-2026 09:00
MED0020,LOC0155,WH-N-001,B00204186,728,01-12-2028,50,06-08-2026 09:00
MED0046,LOC0155,WH-N-001,B00464292,383,30-09-2026,30,06-08-2026 09:00
MED0017,LOC0155,WH-N-001,B00174390,199,26-12-2027,100,06-08-2026 09:00
MED0069,LOC0155,WH-N-001,B00694475,456,14-11-2027,50,06-08-2026 09:00
MED0037,LOC0155,WH-N-001,B00374541,719,17-09-2028,75,06-08-2026 09:00
MED0081,LOC0155,WH-N-001,B00814634,61,30-09-2027,75,06-08-2026 09:00
MED0040,LOC0155,WH-N-001,B00404785,146,04-11-2028,100,06-08-2026 09:00
MED0028,LOC0155,WH-N-001,B00284825,709,17-02-2028,20,06-08-2026 09:00
MED0032,LOC0155,WH-N-001,B00324991,731,29-12-2028,100,06-08-2026 09:00
MED0047,LOC0155,WH-N-001,B00475017,229,25-07-2027,20,06-08-2026 09:00
MED0015,LOC0155,WH-N-001,B00155135,60,06-07-2026,30,06-08-2026 09:00
MED0026,LOC0155,WH-N-001,B00265255,406,23-02-2028,20,06-08-2026 09:00
MED0002,LOC0155,WH-N-001,B00025367,0,12-04-2027,30,06-08-2026 09:00
MED0009,LOC0155,WH-N-001,B00095466,752,17-02-2027,100,06-08-2026 09:00
MED0108,LOC0155,WH-N-001,B01085532,333,22-05-2026,75,06-08-2026 09:00
MED0039,LOC0155,WH-N-001,B00395698,737,28-11-2026,75,06-08-2026 09:00
MED0050,LOC0155,WH-N-001,B00505762,560,16-03-2028,50,06-08-2026 09:00
MED0051,LOC0156,WH-N-002,B00510165,729,27-01-2028,20,06-08-2026 09:00
MED0018,LOC0156,WH-N-002,B00180239,293,02-10-2027,75,06-08-2026 09:00
MED0111,LOC0156,WH-N-002,B01110398,642,28-02-2027,30,06-08-2026 09:00
MED0022,LOC0156,WH-N-002,B00220499,284,21-06-2027,75,06-08-2026 09:00
MED0109,LOC0156,WH-N-002,B01090569,512,18-01-2027,30,06-08-2026 09:00
MED0057,LOC0156,WH-N-002,B00570640,374,12-01-2027,100,06-08-2026 09:00
MED0005,LOC0156,WH-N-002,B00050733,0,21-06-2027,100,06-08-2026 09:00
MED0019,LOC0156,WH-N-002,B00190893,794,28-05-2028,20,06-08-2026 09:00
MED0095,LOC0156,WH-N-002,B00950927,365,20-11-2027,100,06-08-2026 09:00
MED0045,LOC0156,WH-N-002,B00451054,2488,03-08-2026,75,06-08-2026 09:00
MED0040,LOC0156,WH-N-002,B00401189,8,13-04-2027,50,06-08-2026 09:00
MED0032,LOC0156,WH-N-002,B00321244,0,22-03-2028,50,06-08-2026 09:00
MED0010,LOC0156,WH-N-002,B00101385,2782,23-09-2028,50,06-08-2026 09:00
MED0114,LOC0156,WH-N-002,B01141493,715,22-01-2028,100,06-08-2026 09:00
MED0082,LOC0156,WH-N-002,B00821529,325,07-07-2028,30,06-08-2026 09:00
MED0030,LOC0156,WH-N-002,B00301692,441,29-04-2026,75,06-08-2026 09:00
MED0074,LOC0156,WH-N-002,B00741771,354,12-08-2026,30,06-08-2026 09:00
MED0009,LOC0156,WH-N-002,B00091819,457,10-11-2027,100,06-08-2026 09:00
MED0041,LOC0156,WH-N-002,B00411937,533,12-10-2027,100,06-08-2026 09:00
MED0066,LOC0156,WH-N-002,B00662044,176,25-05-2027,20,06-08-2026 09:00
MED0104,LOC0156,WH-N-002,B01042195,342,24-11-2026,50,06-08-2026 09:00
MED0054,LOC0156,WH-N-002,B00542224,504,16-04-2027,20,06-08-2026 09:00
MED0035,LOC0156,WH-N-002,B00352345,426,15-12-2027,30,06-08-2026 09:00
MED0062,LOC0156,WH-N-002,B00622452,2609,19-01-2028,75,06-08-2026 09:00
MED0017,LOC0156,WH-N-002,B00172543,144,19-09-2026,30,06-08-2026 09:00
MED0043,LOC0156,WH-N-002,B00432610,0,09-02-2027,75,06-08-2026 09:00
MED0093,LOC0156,WH-N-002,B00932766,707,13-09-2026,20,06-08-2026 09:00
MED0007,LOC0156,WH-N-002,B00072881,548,04-01-2029,20,06-08-2026 09:00
MED0037,LOC0156,WH-N-002,B00372948,674,05-02-2028,100,06-08-2026 09:00
MED0050,LOC0156,WH-N-002,B00503025,663,23-11-2028,100,06-08-2026 09:00
MED0060,LOC0156,WH-N-002,B00603186,527,24-09-2026,30,06-08-2026 09:00
MED0106,LOC0156,WH-N-002,B01063251,0,01-08-2026,30,06-08-2026 09:00
MED0021,LOC0156,WH-N-002,B00213352,606,16-11-2026,100,06-08-2026 09:00
MED0006,LOC0156,WH-N-002,B00063434,0,08-08-2026,100,06-08-2026 09:00
MED0027,LOC0156,WH-N-002,B00273580,25,08-12-2026,30,06-08-2026 09:00
MED0056,LOC0156,WH-N-002,B00563638,49,31-10-2028,20,06-08-2026 09:00
MED0003,LOC0156,WH-N-002,B00033765,530,07-09-2028,50,06-08-2026 09:00
MED0101,LOC0156,WH-N-002,B01013840,649,20-02-2027,100,06-08-2026 09:00
MED0014,LOC0156,WH-N-002,B00143963,4873,10-09-2027,20,06-08-2026 09:00
MED0096,LOC0156,WH-N-002,B00964047,651,04-10-2026,20,06-08-2026 09:00
MED0105,LOC0156,WH-N-002,B01054174,432,31-03-2027,75,06-08-2026 09:00
MED0108,LOC0156,WH-N-002,B01084282,701,25-10-2027,20,06-08-2026 09:00
MED0024,LOC0156,WH-N-002,B00244368,406,26-12-2026,100,06-08-2026 09:00
MED0077,LOC0156,WH-N-002,B00774484,573,31-07-2027,50,06-08-2026 09:00
MED0097,LOC0156,WH-N-002,B00974529,176,18-06-2028,50,06-08-2026 09:00
MED0031,LOC0156,WH-N-002,B00314665,80,27-07-2027,20,06-08-2026 09:00
MED0033,LOC0156,WH-N-002,B00334725,703,05-11-2028,50,06-08-2026 09:00
MED0004,LOC0156,WH-N-002,B00044890,502,11-04-2028,75,06-08-2026 09:00
MED0061,LOC0156,WH-N-002,B00614954,292,03-08-2028,20,06-08-2026 09:00
MED0029,LOC0156,WH-N-002,B00295060,513,14-12-2028,20,06-08-2026 09:00
MED0012,LOC0156,WH-N-002,B00125177,407,14-12-2026,50,06-08-2026 09:00
MED0079,LOC0156,WH-N-002,B00795251,741,03-06-2028,75,06-08-2026 09:00
MED0070,LOC0156,WH-N-002,B00705312,133,23-06-2027,30,06-08-2026 09:00
MED0102,LOC0156,WH-N-002,B01025472,277,22-05-2028,75,06-08-2026 09:00
MED0033,LOC0157,WH-O-001,B00330163,379,08-07-2028,100,06-08-2026 09:00
MED0013,LOC0157,WH-O-001,B00130240,446,26-03-2027,30,06-08-2026 09:00
MED0024,LOC0157,WH-O-001,B00240353,84,28-02-2028,75,06-08-2026 09:00
MED0053,LOC0157,WH-O-001,B00530487,125,23-07-2028,30,06-08-2026 09:00
MED0113,LOC0157,WH-O-001,B01130514,650,31-05-2028,50,06-08-2026 09:00
MED0028,LOC0157,WH-O-001,B00280621,137,22-11-2026,30,06-08-2026 09:00
MED0086,LOC0157,WH-O-001,B00860726,694,08-01-2028,75,06-08-2026 09:00
MED0073,LOC0157,WH-O-001,B00730894,18,31-08-2026,100,06-08-2026 09:00
MED0047,LOC0157,WH-O-001,B00470995,465,12-11-2027,100,06-08-2026 09:00
MED0105,LOC0157,WH-O-001,B01051089,657,14-07-2027,30,06-08-2026 09:00
MED0100,LOC0157,WH-O-001,B01001199,0,06-07-2027,20,06-08-2026 09:00
MED0106,LOC0157,WH-O-001,B01061264,441,09-12-2028,20,06-08-2026 09:00
MED0063,LOC0157,WH-O-001,B00631364,652,19-04-2026,75,06-08-2026 09:00
MED0114,LOC0157,WH-O-001,B01141491,263,26-08-2028,75,06-08-2026 09:00
MED0042,LOC0157,WH-O-001,B00421594,729,24-01-2027,30,06-08-2026 09:00
MED0070,LOC0157,WH-O-001,B00701641,564,18-07-2027,20,06-08-2026 09:00
MED0051,LOC0157,WH-O-001,B00511792,177,29-01-2027,75,06-08-2026 09:00
MED0016,LOC0157,WH-O-001,B00161854,728,31-07-2028,100,06-08-2026 09:00
MED0065,LOC0157,WH-O-001,B00651927,764,29-03-2027,30,06-08-2026 09:00
MED0002,LOC0157,WH-O-001,B00022027,231,16-03-2027,50,06-08-2026 09:00
MED0089,LOC0157,WH-O-001,B00892133,4017,31-12-2028,50,06-08-2026 09:00
MED0104,LOC0157,WH-O-001,B01042216,370,17-10-2027,75,06-08-2026 09:00
MED0096,LOC0157,WH-O-001,B00962354,674,25-04-2028,30,06-08-2026 09:00
MED0026,LOC0157,WH-O-001,B00262414,3154,20-01-2028,30,06-08-2026 09:00
MED0074,LOC0157,WH-O-001,B00742560,194,22-06-2028,30,06-08-2026 09:00
MED0032,LOC0157,WH-O-001,B00322612,517,03-05-2027,100,06-08-2026 09:00
MED0040,LOC0157,WH-O-001,B00402781,704,27-06-2028,50,06-08-2026 09:00
MED0005,LOC0157,WH-O-001,B00052867,515,18-09-2027,30,06-08-2026 09:00
MED0067,LOC0157,WH-O-001,B00672941,0,22-10-2028,75,06-08-2026 09:00
MED0029,LOC0157,WH-O-001,B00293091,348,25-08-2028,100,06-08-2026 09:00
MED0048,LOC0157,WH-O-001,B00483163,324,26-01-2027,20,06-08-2026 09:00
MED0035,LOC0157,WH-O-001,B00353292,296,02-02-2028,75,06-08-2026 09:00
MED0082,LOC0157,WH-O-001,B00823382,69,22-12-2028,75,06-08-2026 09:00
MED0036,LOC0157,WH-O-001,B00363420,220,07-12-2028,100,06-08-2026 09:00
MED0019,LOC0157,WH-O-001,B00193591,333,28-08-2027,30,06-08-2026 09:00
MED0061,LOC0157,WH-O-001,B00613624,599,11-08-2026,50,06-08-2026 09:00
MED0066,LOC0157,WH-O-001,B00663752,448,12-08-2028,100,06-08-2026 09:00
MED0068,LOC0157,WH-O-001,B00683872,3150,24-03-2028,20,06-08-2026 09:00
MED0046,LOC0157,WH-O-001,B00463984,410,04-04-2028,100,06-08-2026 09:00
MED0107,LOC0157,WH-O-001,B01074089,361,02-06-2028,75,06-08-2026 09:00
MED0099,LOC0157,WH-O-001,B00994180,583,06-09-2026,75,06-08-2026 09:00
MED0078,LOC0157,WH-O-001,B00784292,138,18-03-2026,30,06-08-2026 09:00
MED0097,LOC0157,WH-O-001,B00974332,0,01-06-2026,20,06-08-2026 09:00
MED0023,LOC0157,WH-O-001,B00234460,683,02-01-2027,100,06-08-2026 09:00
MED0095,LOC0157,WH-O-001,B00954553,329,26-06-2028,30,06-08-2026 09:00
MED0056,LOC0157,WH-O-001,B00564615,596,22-12-2028,20,06-08-2026 09:00
MED0050,LOC0157,WH-O-001,B00504795,455,20-09-2026,100,06-08-2026 09:00
MED0084,LOC0157,WH-O-001,B00844890,8,30-05-2026,20,06-08-2026 09:00
MED0049,LOC0157,WH-O-001,B00494930,495,10-08-2027,50,06-08-2026 09:00
MED0062,LOC0158,WH-O-002,B00620173,691,13-03-2028,75,06-08-2026 09:00
MED0110,LOC0158,WH-O-002,B01100259,739,17-03-2027,75,06-08-2026 09:00
MED0087,LOC0158,WH-O-002,B00870395,493,03-06-2027,50,06-08-2026 09:00
MED0083,LOC0158,WH-O-002,B00830466,0,30-06-2028,20,06-08-2026 09:00
MED0038,LOC0158,WH-O-002,B00380519,2004,06-03-2028,100,06-08-2026 09:00
MED0093,LOC0158,WH-O-002,B00930620,30,31-12-2027,30,06-08-2026 09:00
MED0089,LOC0158,WH-O-002,B00890760,492,12-12-2027,100,06-08-2026 09:00
MED0076,LOC0158,WH-O-002,B00760870,509,10-08-2027,75,06-08-2026 09:00
MED0051,LOC0158,WH-O-002,B00510931,767,14-08-2026,30,06-08-2026 09:00
MED0055,LOC0158,WH-O-002,B00551094,377,30-03-2028,50,06-08-2026 09:00
MED0045,LOC0158,WH-O-002,B00451154,752,16-08-2026,30,06-08-2026 09:00
MED0091,LOC0158,WH-O-002,B00911256,586,31-03-2027,30,06-08-2026 09:00
MED0085,LOC0158,WH-O-002,B00851372,745,27-11-2027,50,06-08-2026 09:00
MED0017,LOC0158,WH-O-002,B00171421,10,30-05-2028,30,06-08-2026 09:00
MED0080,LOC0158,WH-O-002,B00801593,180,21-06-2027,20,06-08-2026 09:00
MED0039,LOC0158,WH-O-002,B00391663,472,05-08-2027,100,06-08-2026 09:00
MED0067,LOC0158,WH-O-002,B00671799,387,15-09-2026,20,06-08-2026 09:00
MED0026,LOC0158,WH-O-002,B00261823,414,04-07-2027,100,06-08-2026 09:00
MED0006,LOC0158,WH-O-002,B00061948,451,18-10-2028,100,06-08-2026 09:00
MED0104,LOC0158,WH-O-002,B01042018,780,16-05-2026,50,06-08-2026 09:00
MED0015,LOC0158,WH-O-002,B00152137,402,19-12-2027,100,06-08-2026 09:00
MED0059,LOC0158,WH-O-002,B00592225,3613,01-04-2027,20,06-08-2026 09:00
MED0016,LOC0158,WH-O-002,B00162367,79,31-12-2026,20,06-08-2026 09:00
MED0107,LOC0158,WH-O-002,B01072492,758,02-11-2028,100,06-08-2026 09:00
MED0060,LOC0158,WH-O-002,B00602593,513,20-08-2026,20,06-08-2026 09:00
MED0020,LOC0158,WH-O-002,B00202670,771,08-10-2028,50,06-08-2026 09:00
MED0043,LOC0158,WH-O-002,B00432790,373,12-03-2028,30,06-08-2026 09:00
MED0009,LOC0158,WH-O-002,B00092879,609,10-12-2028,30,06-08-2026 09:00
MED0024,LOC0158,WH-O-002,B00242956,480,12-10-2027,75,06-08-2026 09:00
MED0084,LOC0158,WH-O-002,B00843070,598,11-12-2026,50,06-08-2026 09:00
MED0028,LOC0158,WH-O-002,B00283159,710,15-07-2028,20,06-08-2026 09:00
MED0033,LOC0158,WH-O-002,B00333280,98,24-10-2028,100,06-08-2026 09:00
MED0027,LOC0158,WH-O-002,B00273326,489,18-02-2026,30,06-08-2026 09:00
MED0031,LOC0158,WH-O-002,B00313437,794,19-02-2027,100,06-08-2026 09:00
MED0042,LOC0158,WH-O-002,B00423563,585,30-07-2027,30,06-08-2026 09:00
MED0030,LOC0158,WH-O-002,B00303678,255,15-05-2028,20,06-08-2026 09:00
MED0010,LOC0159,WH-O-003,B00100132,154,17-05-2028,20,06-08-2026 09:00
MED0047,LOC0159,WH-O-003,B00470279,241,31-03-2027,100,06-08-2026 09:00
MED0064,LOC0159,WH-O-003,B00640334,509,22-09-2026,75,06-08-2026 09:00
MED0062,LOC0159,WH-O-003,B00620472,612,07-09-2027,50,06-08-2026 09:00
MED0011,LOC0159,WH-O-003,B00110573,680,28-11-2028,30,06-08-2026 09:00
MED0089,LOC0159,WH-O-003,B00890668,692,08-12-2026,50,06-08-2026 09:00
MED0018,LOC0159,WH-O-003,B00180725,251,07-08-2026,30,06-08-2026 09:00
MED0095,LOC0159,WH-O-003,B00950879,743,25-04-2028,100,06-08-2026 09:00
MED0078,LOC0159,WH-O-003,B00780949,491,30-11-2028,20,06-08-2026 09:00
MED0009,LOC0159,WH-O-003,B00091024,765,12-05-2028,50,06-08-2026 09:00
MED0068,LOC0159,WH-O-003,B00681192,10,11-09-2026,20,06-08-2026 09:00
MED0035,LOC0159,WH-O-003,B00351243,430,21-03-2028,100,06-08-2026 09:00
MED0023,LOC0159,WH-O-003,B00231378,81,04-02-2028,50,06-08-2026 09:00
MED0090,LOC0159,WH-O-003,B00901491,385,02-12-2027,100,06-08-2026 09:00
MED0081,LOC0159,WH-O-003,B00811539,338,16-06-2027,50,06-08-2026 09:00
MED0083,LOC0159,WH-O-003,B00831662,453,13-06-2028,50,06-08-2026 09:00
MED0048,LOC0159,WH-O-003,B00481729,491,04-04-2027,30,06-08-2026 09:00
MED0105,LOC0159,WH-O-003,B01051819,174,26-07-2028,75,06-08-2026 09:00
MED0093,LOC0159,WH-O-003,B00931936,0,28-08-2027,50,06-08-2026 09:00
MED0076,LOC0159,WH-O-003,B00762016,510,20-09-2027,100,06-08-2026 09:00
MED0046,LOC0159,WH-O-003,B00462150,118,12-11-2026,50,06-08-2026 09:00
MED0053,LOC0159,WH-O-003,B00532289,133,01-12-2026,20,06-08-2026 09:00
MED0110,LOC0159,WH-O-003,B01102386,656,20-04-2027,75,06-08-2026 09:00
MED0061,LOC0159,WH-O-003,B00612462,601,03-07-2027,20,06-08-2026 09:00
MED0056,LOC0159,WH-O-003,B00562550,0,02-12-2028,75,06-08-2026 09:00
MED0086,LOC0159,WH-O-003,B00862648,4280,24-09-2026,100,06-08-2026 09:00
MED0113,LOC0159,WH-O-003,B01132736,237,12-11-2027,75,06-08-2026 09:00
MED0044,LOC0159,WH-O-003,B00442867,541,23-04-2028,100,06-08-2026 09:00
MED0072,LOC0159,WH-O-003,B00722993,609,24-10-2027,50,06-08-2026 09:00
MED0077,LOC0159,WH-O-003,B00773088,250,16-09-2026,50,06-08-2026 09:00
MED0021,LOC0159,WH-O-003,B00213186,268,13-11-2028,100,06-08-2026 09:00
MED0020,LOC0159,WH-O-003,B00203250,3782,04-06-2028,75,06-08-2026 09:00
MED0029,LOC0159,WH-O-003,B00293345,256,12-03-2028,30,06-08-2026 09:00
MED0098,LOC0159,WH-O-003,B00983474,161,21-08-2026,30,06-08-2026 09:00
MED0088,LOC0159,WH-O-003,B00883589,455,17-01-2027,50,06-08-2026 09:00
MED0017,LOC0159,WH-O-003,B00173670,774,18-04-2028,20,06-08-2026 09:00
MED0070,LOC0159,WH-O-003,B00703738,606,07-05-2028,50,06-08-2026 09:00
MED0042,LOC0159,WH-O-003,B00423817,608,29-07-2026,30,06-08-2026 09:00
MED0109,LOC0159,WH-O-003,B01093924,327,30-11-2028,50,06-08-2026 09:00
MED0063,LOC0159,WH-O-003,B00634014,329,22-08-2027,75,06-08-2026 09:00
MED0004,LOC0159,WH-O-003,B00044148,68,14-08-2027,50,06-08-2026 09:00
MED0101,LOC0159,WH-O-003,B01014270,128,30-11-2028,30,06-08-2026 09:00
MED0025,LOC0159,WH-O-003,B00254317,192,14-07-2027,20,06-08-2026 09:00
MED0044,LOC0160,WH-O-004,B00440174,673,28-03-2028,20,06-08-2026 09:00
MED0031,LOC0160,WH-O-004,B00310217,11,15-12-2028,50,06-08-2026 09:00
MED0026,LOC0160,WH-O-004,B00260327,372,01-02-2028,50,06-08-2026 09:00
MED0048,LOC0160,WH-O-004,B00480413,624,19-11-2028,100,06-08-2026 09:00
MED0102,LOC0160,WH-O-004,B01020533,0,28-06-2027,20,06-08-2026 09:00
MED0025,LOC0160,WH-O-004,B00250654,151,15-04-2027,30,06-08-2026 09:00
MED0092,LOC0160,WH-O-004,B00920795,16,11-09-2027,50,06-08-2026 09:00
MED0111,LOC0160,WH-O-004,B01110868,435,12-01-2027,20,06-08-2026 09:00
MED0079,LOC0160,WH-O-004,B00790966,598,01-01-2029,75,06-08-2026 09:00
MED0061,LOC0160,WH-O-004,B00611085,652,04-02-2027,30,06-08-2026 09:00
MED0041,LOC0160,WH-O-004,B00411174,35,21-09-2028,100,06-08-2026 09:00
MED0075,LOC0160,WH-O-004,B00751235,0,22-09-2027,50,06-08-2026 09:00
MED0086,LOC0160,WH-O-004,B00861353,373,10-12-2027,100,06-08-2026 09:00
MED0070,LOC0160,WH-O-004,B00701489,145,14-06-2027,100,06-08-2026 09:00
MED0003,LOC0160,WH-O-004,B00031513,0,18-10-2028,50,06-08-2026 09:00
MED0074,LOC0160,WH-O-004,B00741687,2777,27-12-2027,50,06-08-2026 09:00
MED0051,LOC0160,WH-O-004,B00511723,66,04-05-2028,75,06-08-2026 09:00
MED0021,LOC0160,WH-O-004,B00211813,248,12-01-2029,50,06-08-2026 09:00
MED0065,LOC0160,WH-O-004,B00651967,533,21-06-2027,30,06-08-2026 09:00
MED0024,LOC0160,WH-O-004,B00242046,570,26-02-2027,100,06-08-2026 09:00
MED0094,LOC0160,WH-O-004,B00942171,86,17-02-2027,100,06-08-2026 09:00
MED0091,LOC0160,WH-O-004,B00912234,0,09-10-2028,30,06-08-2026 09:00
MED0016,LOC0160,WH-O-004,B00162377,0,19-11-2027,100,06-08-2026 09:00
MED0077,LOC0160,WH-O-004,B00772474,0,03-10-2028,30,06-08-2026 09:00
MED0052,LOC0160,WH-O-004,B00522576,435,24-12-2028,30,06-08-2026 09:00
MED0001,LOC0160,WH-O-004,B00012664,165,13-12-2027,20,06-08-2026 09:00
MED0068,LOC0160,WH-O-004,B00682771,47,04-03-2028,50,06-08-2026 09:00
MED0063,LOC0160,WH-O-004,B00632841,358,06-02-2028,50,06-08-2026 09:00
MED0072,LOC0160,WH-O-004,B00722991,3,05-12-2028,50,06-08-2026 09:00
MED0087,LOC0160,WH-O-004,B00873047,674,07-08-2026,75,06-08-2026 09:00
MED0081,LOC0160,WH-O-004,B00813178,704,09-12-2028,20,06-08-2026 09:00
MED0042,LOC0160,WH-O-004,B00423279,561,16-09-2026,100,06-08-2026 09:00
MED0082,LOC0160,WH-O-004,B00823353,541,08-06-2027,50,06-08-2026 09:00
MED0105,LOC0160,WH-O-004,B01053490,774,01-03-2028,75,06-08-2026 09:00
MED0096,LOC0160,WH-O-004,B00963524,0,24-05-2026,30,06-08-2026 09:00
MED0071,LOC0160,WH-O-004,B00713669,87,20-01-2029,20,06-08-2026 09:00
MED0019,LOC0160,WH-O-004,B00193776,119,18-11-2026,50,06-08-2026 09:00
MED0084,LOC0160,WH-O-004,B00843853,696,31-01-2027,20,06-08-2026 09:00
MED0109,LOC0160,WH-O-004,B01093946,447,17-09-2026,50,06-08-2026 09:00
MED0060,LOC0160,WH-O-004,B00604015,451,03-11-2027,20,06-08-2026 09:00
MED0055,LOC0160,WH-O-004,B00554180,0,13-10-2027,20,06-08-2026 09:00
MED0032,LOC0160,WH-O-004,B00324227,0,27-06-2028,50,06-08-2026 09:00
MED0007,LOC0160,WH-O-004,B00074389,23,10-06-2028,30,06-08-2026 09:00
MED0093,LOC0160,WH-O-004,B00934449,393,20-01-2029,20,06-08-2026 09:00
MED0059,LOC0160,WH-O-004,B00594599,447,29-11-2028,100,06-08-2026 09:00
MED0029,LOC0160,WH-O-004,B00294660,694,05-09-2028,100,06-08-2026 09:00
MED0066,LOC0160,WH-O-004,B00664731,413,27-03-2027,30,06-08-2026 09:00
MED0073,LOC0160,WH-O-004,B00734822,789,04-12-2028,50,06-08-2026 09:00
MED0056,LOC0160,WH-O-004,B00564954,0,03-07-2027,75,06-08-2026 09:00
MED0050,LOC0160,WH-O-004,B00505095,791,23-08-2028,20,06-08-2026 09:00
MED0053,LOC0160,WH-O-004,B00535188,662,14-01-2029,30,06-08-2026 09:00
MED0052,LOC0161,WH-O-005,B00520180,617,18-08-2026,100,06-08-2026 09:00
MED0090,LOC0161,WH-O-005,B00900243,103,03-10-2027,20,06-08-2026 09:00
MED0032,LOC0161,WH-O-005,B00320324,157,29-06-2027,75,06-08-2026 09:00
MED0086,LOC0161,WH-O-005,B00860466,224,14-03-2027,30,06-08-2026 09:00
MED0078,LOC0161,WH-O-005,B00780530,463,31-12-2028,75,06-08-2026 09:00
MED0005,LOC0161,WH-O-005,B00050684,510,19-08-2028,100,06-08-2026 09:00
MED0099,LOC0161,WH-O-005,B00990790,372,21-07-2026,50,06-08-2026 09:00
MED0006,LOC0161,WH-O-005,B00060869,631,06-03-2027,100,06-08-2026 09:00
MED0094,LOC0161,WH-O-005,B00940973,91,04-01-2029,30,06-08-2026 09:00
MED0109,LOC0161,WH-O-005,B01091058,37,29-04-2027,20,06-08-2026 09:00
MED0034,LOC0161,WH-O-005,B00341163,788,01-02-2027,20,06-08-2026 09:00
MED0046,LOC0161,WH-O-005,B00461223,0,27-12-2028,50,06-08-2026 09:00
MED0028,LOC0161,WH-O-005,B00281397,267,23-10-2027,50,06-08-2026 09:00
MED0076,LOC0161,WH-O-005,B00761463,146,22-01-2029,100,06-08-2026 09:00
MED0091,LOC0161,WH-O-005,B00911596,377,09-09-2028,100,06-08-2026 09:00
MED0071,LOC0161,WH-O-005,B00711669,117,20-11-2028,100,06-08-2026 09:00
MED0003,LOC0161,WH-O-005,B00031764,0,14-03-2028,100,06-08-2026 09:00
MED0035,LOC0161,WH-O-005,B00351834,0,17-05-2028,30,06-08-2026 09:00
MED0113,LOC0161,WH-O-005,B01131931,401,26-11-2028,75,06-08-2026 09:00
MED0093,LOC0161,WH-O-005,B00932072,486,06-11-2026,50,06-08-2026 09:00
MED0108,LOC0161,WH-O-005,B01082144,123,29-07-2027,50,06-08-2026 09:00
MED0070,LOC0161,WH-O-005,B00702255,445,17-05-2027,20,06-08-2026 09:00
MED0054,LOC0161,WH-O-005,B00542321,333,03-12-2027,30,06-08-2026 09:00
MED0064,LOC0161,WH-O-005,B00642436,440,02-02-2027,100,06-08-2026 09:00
MED0081,LOC0161,WH-O-005,B00812554,125,07-11-2027,100,06-08-2026 09:00
MED0022,LOC0161,WH-O-005,B00222626,589,10-08-2027,20,06-08-2026 09:00
MED0041,LOC0161,WH-O-005,B00412761,492,15-11-2027,50,06-08-2026 09:00
MED0014,LOC0161,WH-O-005,B00142892,63,11-08-2027,100,06-08-2026 09:00
MED0039,LOC0161,WH-O-005,B00392970,713,26-06-2026,100,06-08-2026 09:00
MED0002,LOC0161,WH-O-005,B00023098,192,07-12-2026,20,06-08-2026 09:00
MED0074,LOC0161,WH-O-005,B00743141,216,19-02-2027,30,06-08-2026 09:00
MED0049,LOC0161,WH-O-005,B00493229,162,11-07-2027,30,06-08-2026 09:00
MED0015,LOC0161,WH-O-005,B00153366,3831,17-01-2028,75,06-08-2026 09:00
MED0057,LOC0161,WH-O-005,B00573475,629,05-04-2028,50,06-08-2026 09:00
MED0007,LOC0161,WH-O-005,B00073567,299,07-05-2028,20,06-08-2026 09:00
MED0073,LOC0161,WH-O-005,B00733647,597,14-06-2028,75,06-08-2026 09:00
MED0075,LOC0161,WH-O-005,B00753763,198,29-05-2027,50,06-08-2026 09:00
MED0065,LOC0161,WH-O-005,B00653861,506,18-11-2028,75,06-08-2026 09:00
MED0058,LOC0161,WH-O-005,B00583997,726,08-11-2026,75,06-08-2026 09:00
MED0027,LOC0161,WH-O-005,B00274092,664,27-01-2028,50,06-08-2026 09:00
MED0010,LOC0161,WH-O-005,B00104160,191,17-07-2026,100,06-08-2026 09:00
MED0100,LOC0161,WH-O-005,B01004271,728,21-02-2027,20,06-08-2026 09:00
MED0085,LOC0161,WH-O-005,B00854336,349,16-12-2026,75,06-08-2026 09:00
MED0077,LOC0161,WH-O-005,B00774493,226,16-02-2027,100,06-08-2026 09:00
MED0082,LOC0161,WH-O-005,B00824522,680,18-11-2028,50,06-08-2026 09:00
MED0051,LOC0161,WH-O-005,B00514679,0,17-08-2027,100,06-08-2026 09:00
MED0053,LOC0161,WH-O-005,B00534725,433,10-08-2026,20,06-08-2026 09:00
MED0087,LOC0161,WH-O-005,B00874888,541,28-11-2028,100,06-08-2026 09:00
MED0029,LOC0161,WH-O-005,B00294995,73,24-08-2026,50,06-08-2026 09:00
MED0098,LOC0161,WH-O-005,B00985072,557,07-11-2027,30,06-08-2026 09:00
MED0030,LOC0161,WH-O-005,B00305120,88,19-06-2028,30,06-08-2026 09:00
MED0087,LOC0162,WH-O-006,B00870180,344,26-09-2026,30,06-08-2026 09:00
MED0049,LOC0162,WH-O-006,B00490241,436,13-02-2027,30,06-08-2026 09:00
MED0100,LOC0162,WH-O-006,B01000317,0,09-01-2027,50,06-08-2026 09:00
MED0055,LOC0162,WH-O-006,B00550488,79,09-03-2028,100,06-08-2026 09:00
MED0002,LOC0162,WH-O-006,B00020588,667,02-07-2026,100,06-08-2026 09:00
MED0065,LOC0162,WH-O-006,B00650692,4311,07-03-2028,100,06-08-2026 09:00
MED0054,LOC0162,WH-O-006,B00540757,432,06-01-2028,50,06-08-2026 09:00
MED0024,LOC0162,WH-O-006,B00240860,219,07-02-2027,20,06-08-2026 09:00
MED0031,LOC0162,WH-O-006,B00310947,689,28-02-2027,100,06-08-2026 09:00
MED0092,LOC0162,WH-O-006,B00921016,231,23-05-2027,20,06-08-2026 09:00
MED0113,LOC0162,WH-O-006,B01131135,464,24-08-2026,100,06-08-2026 09:00
MED0046,LOC0162,WH-O-006,B00461229,0,13-07-2028,100,06-08-2026 09:00
MED0008,LOC0162,WH-O-006,B00081395,349,29-11-2028,20,06-08-2026 09:00
MED0038,LOC0162,WH-O-006,B00381432,40,12-08-2028,75,06-08-2026 09:00
MED0051,LOC0162,WH-O-006,B00511567,525,02-09-2028,50,06-08-2026 09:00
MED0005,LOC0162,WH-O-006,B00051631,547,26-07-2028,100,06-08-2026 09:00
MED0019,LOC0162,WH-O-006,B00191752,472,04-03-2027,20,06-08-2026 09:00
MED0053,LOC0162,WH-O-006,B00531868,212,14-06-2028,30,06-08-2026 09:00
MED0084,LOC0162,WH-O-006,B00841947,335,26-02-2027,30,06-08-2026 09:00
MED0023,LOC0162,WH-O-006,B00232047,692,04-10-2028,100,06-08-2026 09:00
MED0098,LOC0162,WH-O-006,B00982120,376,21-08-2028,75,06-08-2026 09:00
MED0040,LOC0162,WH-O-006,B00402268,318,05-08-2027,100,06-08-2026 09:00
MED0064,LOC0162,WH-O-006,B00642383,0,09-08-2028,100,06-08-2026 09:00
MED0071,LOC0162,WH-O-006,B00712461,276,13-06-2027,30,06-08-2026 09:00
MED0082,LOC0162,WH-O-006,B00822556,535,28-10-2027,75,06-08-2026 09:00
MED0078,LOC0162,WH-O-006,B00782679,286,14-10-2027,50,06-08-2026 09:00
MED0070,LOC0163,WH-O-007,B00700135,92,27-09-2028,50,06-08-2026 09:00
MED0064,LOC0163,WH-O-007,B00640231,7,23-01-2028,30,06-08-2026 09:00
MED0047,LOC0163,WH-O-007,B00470336,392,12-09-2026,30,06-08-2026 09:00
MED0005,LOC0163,WH-O-007,B00050459,761,21-12-2028,20,06-08-2026 09:00
MED0002,LOC0163,WH-O-007,B00020522,232,27-11-2027,75,06-08-2026 09:00
MED0095,LOC0163,WH-O-007,B00950634,0,12-04-2027,50,06-08-2026 09:00
MED0113,LOC0163,WH-O-007,B01130767,0,11-10-2028,20,06-08-2026 09:00
MED0096,LOC0163,WH-O-007,B00960842,596,23-02-2028,20,06-08-2026 09:00
MED0060,LOC0163,WH-O-007,B00600983,112,17-08-2028,20,06-08-2026 09:00
MED0111,LOC0163,WH-O-007,B01111011,0,03-10-2026,50,06-08-2026 09:00
MED0079,LOC0163,WH-O-007,B00791166,775,31-12-2027,20,06-08-2026 09:00
MED0075,LOC0163,WH-O-007,B00751256,161,23-06-2027,30,06-08-2026 09:00
MED0007,LOC0163,WH-O-007,B00071356,483,06-07-2027,100,06-08-2026 09:00
MED0094,LOC0163,WH-O-007,B00941429,245,02-12-2026,30,06-08-2026 09:00
MED0025,LOC0163,WH-O-007,B00251571,539,24-11-2027,30,06-08-2026 09:00
MED0015,LOC0163,WH-O-007,B00151664,0,03-12-2028,20,06-08-2026 09:00
MED0057,LOC0163,WH-O-007,B00571756,595,20-05-2027,20,06-08-2026 09:00
MED0019,LOC0163,WH-O-007,B00191884,294,26-08-2026,75,06-08-2026 09:00
MED0013,LOC0163,WH-O-007,B00131929,87,19-05-2027,20,06-08-2026 09:00
MED0081,LOC0163,WH-O-007,B00812073,698,28-07-2028,30,06-08-2026 09:00
MED0010,LOC0163,WH-O-007,B00102176,124,22-02-2028,50,06-08-2026 09:00
MED0030,LOC0163,WH-O-007,B00302224,536,04-11-2028,100,06-08-2026 09:00
MED0112,LOC0163,WH-O-007,B01122371,567,13-02-2027,75,06-08-2026 09:00
MED0076,LOC0163,WH-O-007,B00762430,116,23-08-2026,20,06-08-2026 09:00
MED0065,LOC0163,WH-O-007,B00652549,3199,30-03-2028,50,06-08-2026 09:00
MED0001,LOC0163,WH-O-007,B00012696,426,19-01-2027,50,06-08-2026 09:00
MED0037,LOC0163,WH-O-007,B00372743,758,04-11-2028,30,06-08-2026 09:00
MED0100,LOC0163,WH-O-007,B01002886,0,20-12-2027,20,06-08-2026 09:00
MED0027,LOC0163,WH-O-007,B00272955,325,12-05-2028,50,06-08-2026 09:00
MED0031,LOC0163,WH-O-007,B00313025,5,11-11-2026,75,06-08-2026 09:00
MED0099,LOC0163,WH-O-007,B00993169,412,03-02-2027,20,06-08-2026 09:00
MED0048,LOC0163,WH-O-007,B00483224,211,11-12-2026,20,06-08-2026 09:00
MED0054,LOC0163,WH-O-007,B00543321,462,18-06-2027,20,06-08-2026 09:00
MED0103,LOC0163,WH-O-007,B01033413,665,17-08-2026,100,06-08-2026 09:00
MED0082,LOC0163,WH-O-007,B00823564,481,05-11-2027,30,06-08-2026 09:00
MED0034,LOC0163,WH-O-007,B00343695,0,11-08-2026,50,06-08-2026 09:00
MED0003,LOC0163,WH-O-007,B00033717,132,13-11-2028,50,06-08-2026 09:00
MED0084,LOC0163,WH-O-007,B00843825,152,19-01-2027,75,06-08-2026 09:00
MED0102,LOC0163,WH-O-007,B01023932,210,09-10-2028,75,06-08-2026 09:00
MED0011,LOC0163,WH-O-007,B00114025,724,14-01-2027,50,06-08-2026 09:00
MED0113,LOC0164,WH-O-008,B01130151,507,25-07-2027,20,06-08-2026 09:00
MED0061,LOC0164,WH-O-008,B00610244,239,03-09-2026,30,06-08-2026 09:00
MED0041,LOC0164,WH-O-008,B00410351,9,09-01-2029,100,06-08-2026 09:00
MED0038,LOC0164,WH-O-008,B00380493,4830,05-03-2028,50,06-08-2026 09:00
MED0085,LOC0164,WH-O-008,B00850564,657,21-08-2028,20,06-08-2026 09:00
MED0051,LOC0164,WH-O-008,B00510679,775,26-03-2028,30,06-08-2026 09:00
MED0056,LOC0164,WH-O-008,B00560764,46,05-05-2028,100,06-08-2026 09:00
MED0019,LOC0164,WH-O-008,B00190858,767,08-12-2028,100,06-08-2026 09:00
MED0036,LOC0164,WH-O-008,B00360945,4158,18-11-2026,20,06-08-2026 09:00
MED0097,LOC0164,WH-O-008,B00971091,330,15-08-2027,20,06-08-2026 09:00
MED0068,LOC0164,WH-O-008,B00681199,510,04-08-2027,50,06-08-2026 09:00
MED0107,LOC0164,WH-O-008,B01071270,670,19-07-2028,30,06-08-2026 09:00
MED0017,LOC0164,WH-O-008,B00171395,617,08-02-2027,30,06-08-2026 09:00
MED0030,LOC0164,WH-O-008,B00301440,368,10-11-2027,75,06-08-2026 09:00
MED0008,LOC0164,WH-O-008,B00081516,719,27-09-2027,20,06-08-2026 09:00
MED0083,LOC0164,WH-O-008,B00831620,577,22-11-2026,50,06-08-2026 09:00
MED0055,LOC0164,WH-O-008,B00551799,636,12-06-2028,20,06-08-2026 09:00
MED0111,LOC0164,WH-O-008,B01111831,18,06-11-2027,75,06-08-2026 09:00
MED0102,LOC0164,WH-O-008,B01021955,0,06-09-2028,100,06-08-2026 09:00
MED0010,LOC0164,WH-O-008,B00102074,494,09-04-2027,20,06-08-2026 09:00
MED0011,LOC0164,WH-O-008,B00112160,457,08-12-2027,20,06-08-2026 09:00
MED0098,LOC0164,WH-O-008,B00982287,0,01-12-2028,100,06-08-2026 09:00
MED0066,LOC0164,WH-O-008,B00662391,176,14-01-2028,100,06-08-2026 09:00
MED0034,LOC0164,WH-O-008,B00342498,3418,10-12-2026,20,06-08-2026 09:00
MED0052,LOC0164,WH-O-008,B00522513,499,22-07-2028,75,06-08-2026 09:00
MED0100,LOC0164,WH-O-008,B01002660,753,29-12-2026,100,06-08-2026 09:00
MED0029,LOC0164,WH-O-008,B00292795,91,06-04-2027,100,06-08-2026 09:00
MED0067,LOC0164,WH-O-008,B00672880,596,26-03-2027,20,06-08-2026 09:00
MED0077,LOC0164,WH-O-008,B00772933,164,26-01-2027,30,06-08-2026 09:00
MED0045,LOC0164,WH-O-008,B00453098,510,07-08-2026,50,06-08-2026 09:00
MED0013,LOC0164,WH-O-008,B00133125,352,17-01-2028,30,06-08-2026 09:00
MED0081,LOC0164,WH-O-008,B00813221,471,29-07-2027,75,06-08-2026 09:00
MED0044,LOC0164,WH-O-008,B00443373,178,29-10-2028,30,06-08-2026 09:00
MED0079,LOC0164,WH-O-008,B00793499,323,30-06-2027,30,06-08-2026 09:00
MED0020,LOC0164,WH-O-008,B00203596,184,15-02-2027,75,06-08-2026 09:00
MED0031,LOC0164,WH-O-008,B00313614,12,12-05-2027,50,06-08-2026 09:00
MED0106,LOC0164,WH-O-008,B01063793,492,17-11-2027,75,06-08-2026 09:00
MED0093,LOC0164,WH-O-008,B00933828,632,25-08-2027,100,06-08-2026 09:00
MED0109,LOC0164,WH-O-008,B01093982,0,07-10-2027,50,06-08-2026 09:00
MED0112,LOC0164,WH-O-008,B01124010,337,21-08-2028,30,06-08-2026 09:00
MED0103,LOC0164,WH-O-008,B01034180,705,04-10-2028,100,06-08-2026 09:00
MED0064,LOC0165,WH-P-001,B00640171,174,28-05-2028,30,06-08-2026 09:00
MED0078,LOC0165,WH-P-001,B00780217,329,03-03-2028,30,06-08-2026 09:00
MED0103,LOC0165,WH-P-001,B01030341,598,19-02-2027,100,06-08-2026 09:00
MED0091,LOC0165,WH-P-001,B00910481,0,31-10-2027,75,06-08-2026 09:00
MED0113,LOC0165,WH-P-001,B01130525,210,26-04-2027,75,06-08-2026 09:00
MED0029,LOC0165,WH-P-001,B00290680,114,01-12-2028,30,06-08-2026 09:00
MED0051,LOC0165,WH-P-001,B00510789,665,07-08-2026,30,06-08-2026 09:00
MED0038,LOC0165,WH-P-001,B00380839,69,04-08-2028,100,06-08-2026 09:00
MED0086,LOC0165,WH-P-001,B00860986,556,04-11-2028,20,06-08-2026 09:00
MED0101,LOC0165,WH-P-001,B01011010,791,10-05-2028,100,06-08-2026 09:00
MED0024,LOC0165,WH-P-001,B00241139,284,26-01-2028,30,06-08-2026 09:00
MED0063,LOC0165,WH-P-001,B00631217,2914,03-02-2028,100,06-08-2026 09:00
MED0027,LOC0165,WH-P-001,B00271350,405,14-11-2027,50,06-08-2026 09:00
MED0059,LOC0165,WH-P-001,B00591411,0,19-11-2026,50,06-08-2026 09:00
MED0075,LOC0165,WH-P-001,B00751576,364,06-04-2028,50,06-08-2026 09:00
MED0045,LOC0165,WH-P-001,B00451695,270,15-02-2027,30,06-08-2026 09:00
MED0105,LOC0165,WH-P-001,B01051782,28,06-05-2027,20,06-08-2026 09:00
MED0020,LOC0165,WH-P-001,B00201827,329,05-10-2026,30,06-08-2026 09:00
MED0109,LOC0165,WH-P-001,B01091931,492,23-05-2028,100,06-08-2026 09:00
MED0067,LOC0165,WH-P-001,B00672018,753,22-02-2028,50,06-08-2026 09:00
MED0093,LOC0165,WH-P-001,B00932140,301,02-10-2026,50,06-08-2026 09:00
MED0081,LOC0165,WH-P-001,B00812262,456,29-11-2027,30,06-08-2026 09:00
MED0013,LOC0165,WH-P-001,B00132394,505,02-10-2026,75,06-08-2026 09:00
MED0055,LOC0165,WH-P-001,B00552418,238,12-09-2026,75,06-08-2026 09:00
MED0088,LOC0165,WH-P-001,B00882552,106,30-06-2028,75,06-08-2026 09:00
MED0010,LOC0165,WH-P-001,B00102636,26,19-03-2028,50,06-08-2026 09:00
MED0017,LOC0165,WH-P-001,B00172772,261,27-06-2027,20,06-08-2026 09:00
MED0100,LOC0165,WH-P-001,B01002872,477,11-06-2026,75,06-08-2026 09:00
MED0097,LOC0165,WH-P-001,B00972978,216,12-07-2026,100,06-08-2026 09:00
MED0011,LOC0165,WH-P-001,B00113057,2208,24-08-2027,100,06-08-2026 09:00
MED0031,LOC0165,WH-P-001,B00313160,3953,13-08-2026,100,06-08-2026 09:00
MED0042,LOC0165,WH-P-001,B00423226,459,05-09-2027,30,06-08-2026 09:00
MED0014,LOC0165,WH-P-001,B00143328,276,11-07-2027,50,06-08-2026 09:00
MED0082,LOC0165,WH-P-001,B00823452,328,03-09-2026,50,06-08-2026 09:00
MED0089,LOC0165,WH-P-001,B00893559,620,10-06-2026,30,06-08-2026 09:00
MED0084,LOC0165,WH-P-001,B00843667,122,28-09-2026,75,06-08-2026 09:00
MED0102,LOC0165,WH-P-001,B01023754,765,01-08-2028,30,06-08-2026 09:00
MED0007,LOC0165,WH-P-001,B00073839,677,27-11-2026,75,06-08-2026 09:00
MED0094,LOC0165,WH-P-001,B00943922,718,07-05-2028,50,06-08-2026 09:00
MED0004,LOC0165,WH-P-001,B00044043,424,08-12-2028,100,06-08-2026 09:00
MED0061,LOC0165,WH-P-001,B00614199,334,04-02-2028,50,06-08-2026 09:00
MED0043,LOC0165,WH-P-001,B00434233,746,01-09-2027,100,06-08-2026 09:00
MED0025,LOC0165,WH-P-001,B00254356,266,16-09-2026,20,06-08-2026 09:00
MED0048,LOC0165,WH-P-001,B00484451,378,15-09-2028,20,06-08-2026 09:00
MED0006,LOC0165,WH-P-001,B00064516,287,22-06-2026,75,06-08-2026 09:00
MED0023,LOC0165,WH-P-001,B00234686,661,23-09-2027,20,06-08-2026 09:00
MED0034,LOC0165,WH-P-001,B00344719,36,28-11-2026,100,06-08-2026 09:00
MED0052,LOC0165,WH-P-001,B00524814,642,01-10-2026,30,06-08-2026 09:00
MED0036,LOC0165,WH-P-001,B00364971,551,16-09-2026,50,06-08-2026 09:00
MED0037,LOC0165,WH-P-001,B00375065,260,09-08-2027,20,06-08-2026 09:00
MED0076,LOC0165,WH-P-001,B00765111,263,24-07-2026,50,06-08-2026 09:00
MED0085,LOC0165,WH-P-001,B00855242,38,22-04-2026,20,06-08-2026 09:00
MED0114,LOC0165,WH-P-001,B01145337,473,22-01-2029,50,06-08-2026 09:00
MED0009,LOC0165,WH-P-001,B00095431,548,29-10-2027,50,06-08-2026 09:00
MED0053,LOC0165,WH-P-001,B00535584,288,21-05-2028,50,06-08-2026 09:00
MED0047,LOC0165,WH-P-001,B00475650,288,21-03-2027,100,06-08-2026 09:00
MED0055,LOC0166,WH-P-002,B00550184,160,08-03-2027,30,06-08-2026 09:00
MED0008,LOC0166,WH-P-002,B00080258,59,14-09-2027,75,06-08-2026 09:00
MED0011,LOC0166,WH-P-002,B00110358,260,15-08-2027,20,06-08-2026 09:00
MED0025,LOC0166,WH-P-002,B00250474,374,24-08-2028,100,06-08-2026 09:00
MED0068,LOC0166,WH-P-002,B00680520,184,15-09-2027,100,06-08-2026 09:00
MED0006,LOC0166,WH-P-002,B00060621,520,11-01-2027,100,06-08-2026 09:00
MED0090,LOC0166,WH-P-002,B00900797,647,23-09-2026,30,06-08-2026 09:00
MED0061,LOC0166,WH-P-002,B00610830,729,31-10-2028,50,06-08-2026 09:00
MED0078,LOC0166,WH-P-002,B00780921,734,14-06-2028,100,06-08-2026 09:00
MED0043,LOC0166,WH-P-002,B00431049,306,15-06-2028,50,06-08-2026 09:00
MED0095,LOC0166,WH-P-002,B00951153,588,02-12-2027,20,06-08-2026 09:00
MED0112,LOC0166,WH-P-002,B01121229,414,19-06-2028,100,06-08-2026 09:00
MED0012,LOC0166,WH-P-002,B00121392,515,22-11-2026,50,06-08-2026 09:00
MED0065,LOC0166,WH-P-002,B00651496,489,18-08-2028,75,06-08-2026 09:00
MED0015,LOC0166,WH-P-002,B00151536,260,28-02-2028,75,06-08-2026 09:00
MED0022,LOC0166,WH-P-002,B00221654,329,04-04-2027,75,06-08-2026 09:00
MED0086,LOC0166,WH-P-002,B00861726,550,11-01-2028,20,06-08-2026 09:00
MED0014,LOC0166,WH-P-002,B00141865,313,15-02-2028,100,06-08-2026 09:00
MED0050,LOC0166,WH-P-002,B00501988,409,12-10-2028,75,06-08-2026 09:00
MED0046,LOC0166,WH-P-002,B00462030,615,12-11-2027,20,06-08-2026 09:00
MED0023,LOC0166,WH-P-002,B00232193,129,07-09-2028,75,06-08-2026 09:00
MED0088,LOC0166,WH-P-002,B00882273,459,19-06-2028,100,06-08-2026 09:00
MED0085,LOC0166,WH-P-002,B00852350,363,05-02-2028,20,06-08-2026 09:00
MED0048,LOC0166,WH-P-002,B00482465,4573,02-09-2028,100,06-08-2026 09:00
MED0113,LOC0166,WH-P-002,B01132563,751,21-09-2028,30,06-08-2026 09:00
MED0072,LOC0166,WH-P-002,B00722667,0,15-08-2027,75,06-08-2026 09:00
MED0087,LOC0166,WH-P-002,B00872767,113,02-11-2027,75,06-08-2026 09:00
MED0016,LOC0166,WH-P-002,B00162812,56,30-08-2026,75,06-08-2026 09:00
MED0091,LOC0166,WH-P-002,B00912914,288,19-08-2027,20,06-08-2026 09:00
MED0073,LOC0166,WH-P-002,B00733026,551,01-10-2027,100,06-08-2026 09:00
MED0105,LOC0166,WH-P-002,B01053144,645,26-07-2027,50,06-08-2026 09:00
MED0106,LOC0166,WH-P-002,B01063295,344,30-10-2028,100,06-08-2026 09:00
MED0003,LOC0166,WH-P-002,B00033340,770,07-06-2027,75,06-08-2026 09:00
MED0040,LOC0166,WH-P-002,B00403413,188,12-05-2026,50,06-08-2026 09:00
MED0031,LOC0166,WH-P-002,B00313567,220,06-10-2028,100,06-08-2026 09:00
MED0097,LOC0166,WH-P-002,B00973690,751,27-04-2028,30,06-08-2026 09:00
MED0044,LOC0166,WH-P-002,B00443781,585,06-04-2028,30,06-08-2026 09:00
MED0082,LOC0166,WH-P-002,B00823830,4938,10-08-2027,75,06-08-2026 09:00
MED0057,LOC0166,WH-P-002,B00573988,23,11-01-2028,75,06-08-2026 09:00
MED0010,LOC0166,WH-P-002,B00104069,0,08-01-2029,100,06-08-2026 09:00
MED0064,LOC0166,WH-P-002,B00644192,313,29-04-2027,75,06-08-2026 09:00
MED0033,LOC0166,WH-P-002,B00334215,292,08-11-2027,100,06-08-2026 09:00
MED0075,LOC0166,WH-P-002,B00754365,617,17-02-2027,20,06-08-2026 09:00
MED0056,LOC0166,WH-P-002,B00564497,507,25-02-2028,50,06-08-2026 09:00
MED0036,LOC0166,WH-P-002,B00364546,284,08-01-2028,100,06-08-2026 09:00
MED0062,LOC0166,WH-P-002,B00624697,600,19-08-2026,100,06-08-2026 09:00
MED0069,LOC0166,WH-P-002,B00694770,22,07-10-2028,75,06-08-2026 09:00
MED0096,LOC0166,WH-P-002,B00964859,180,13-02-2027,30,06-08-2026 09:00
MED0111,LOC0166,WH-P-002,B01114917,3749,29-04-2028,100,06-08-2026 09:00
MED0013,LOC0166,WH-P-002,B00135095,145,07-03-2028,75,06-08-2026 09:00
MED0109,LOC0166,WH-P-002,B01095149,0,20-08-2026,20,06-08-2026 09:00
MED0045,LOC0166,WH-P-002,B00455271,0,01-01-2029,100,06-08-2026 09:00
MED0110,LOC0166,WH-P-002,B01105332,442,06-11-2028,50,06-08-2026 09:00
MED0080,LOC0167,WH-P-003,B00800117,576,10-12-2028,30,06-08-2026 09:00
MED0037,LOC0167,WH-P-003,B00370265,394,30-09-2028,50,06-08-2026 09:00
MED0013,LOC0167,WH-P-003,B00130334,222,28-08-2027,100,06-08-2026 09:00
MED0071,LOC0167,WH-P-003,B00710446,738,26-09-2028,100,06-08-2026 09:00
MED0001,LOC0167,WH-P-003,B00010571,307,03-03-2028,30,06-08-2026 09:00
MED0012,LOC0167,WH-P-003,B00120616,563,02-10-2027,30,06-08-2026 09:00
MED0090,LOC0167,WH-P-003,B00900767,0,06-05-2027,30,06-08-2026 09:00
MED0049,LOC0167,WH-P-003,B00490883,700,11-02-2028,75,06-08-2026 09:00
MED0087,LOC0167,WH-P-003,B00870952,410,21-12-2026,30,06-08-2026 09:00
MED0074,LOC0167,WH-P-003,B00741028,434,16-07-2028,50,06-08-2026 09:00
MED0082,LOC0167,WH-P-003,B00821199,670,25-09-2028,50,06-08-2026 09:00
MED0046,LOC0167,WH-P-003,B00461269,477,11-09-2026,100,06-08-2026 09:00
MED0079,LOC0167,WH-P-003,B00791377,246,15-09-2028,75,06-08-2026 09:00
MED0102,LOC0167,WH-P-003,B01021477,608,17-08-2026,100,06-08-2026 09:00
MED0016,LOC0167,WH-P-003,B00161573,518,25-07-2027,75,06-08-2026 09:00
MED0100,LOC0167,WH-P-003,B01001612,631,25-08-2026,100,06-08-2026 09:00
MED0083,LOC0167,WH-P-003,B00831758,169,31-07-2028,75,06-08-2026 09:00
MED0089,LOC0167,WH-P-003,B00891850,767,04-12-2028,50,06-08-2026 09:00
MED0023,LOC0167,WH-P-003,B00231912,681,28-03-2027,75,06-08-2026 09:00
MED0105,LOC0167,WH-P-003,B01052011,0,03-10-2026,50,06-08-2026 09:00
MED0039,LOC0167,WH-P-003,B00392145,580,14-09-2026,75,06-08-2026 09:00
MED0054,LOC0167,WH-P-003,B00542264,254,07-05-2027,30,06-08-2026 09:00
MED0034,LOC0167,WH-P-003,B00342338,102,14-12-2027,50,06-08-2026 09:00
MED0006,LOC0167,WH-P-003,B00062436,80,17-11-2027,50,06-08-2026 09:00
MED0032,LOC0167,WH-P-003,B00322551,31,09-11-2028,20,06-08-2026 09:00
MED0009,LOC0167,WH-P-003,B00092621,405,22-06-2027,100,06-08-2026 09:00
MED0014,LOC0167,WH-P-003,B00142718,711,08-02-2026,30,06-08-2026 09:00
MED0070,LOC0167,WH-P-003,B00702856,195,04-09-2026,75,06-08-2026 09:00
MED0020,LOC0167,WH-P-003,B00202933,511,10-11-2026,75,06-08-2026 09:00
MED0111,LOC0167,WH-P-003,B01113037,717,02-02-2028,20,06-08-2026 09:00
MED0060,LOC0167,WH-P-003,B00603194,609,13-08-2028,75,06-08-2026 09:00
MED0077,LOC0167,WH-P-003,B00773247,2023,02-10-2026,20,06-08-2026 09:00
MED0112,LOC0167,WH-P-003,B01123380,160,27-09-2026,100,06-08-2026 09:00
MED0092,LOC0167,WH-P-003,B00923443,163,27-09-2028,100,06-08-2026 09:00
MED0056,LOC0167,WH-P-003,B00563558,425,09-09-2026,20,06-08-2026 09:00
MED0103,LOC0167,WH-P-003,B01033616,709,21-12-2027,50,06-08-2026 09:00
MED0076,LOC0167,WH-P-003,B00763741,320,08-08-2027,30,06-08-2026 09:00
MED0045,LOC0167,WH-P-003,B00453820,42,29-02-2028,50,06-08-2026 09:00
MED0104,LOC0167,WH-P-003,B01043914,728,17-01-2029,20,06-08-2026 09:00
MED0011,LOC0167,WH-P-003,B00114041,84,07-12-2028,50,06-08-2026 09:00
MED0019,LOC0167,WH-P-003,B00194190,585,21-07-2028,20,06-08-2026 09:00
MED0004,LOC0167,WH-P-003,B00044261,0,11-03-2028,75,06-08-2026 09:00
MED0103,LOC0168,WH-P-004,B01030173,756,28-03-2028,50,06-08-2026 09:00
MED0090,LOC0168,WH-P-004,B00900222,307,19-01-2029,20,06-08-2026 09:00
MED0111,LOC0168,WH-P-004,B01110319,0,25-11-2026,75,06-08-2026 09:00
MED0036,LOC0168,WH-P-004,B00360415,338,19-03-2028,100,06-08-2026 09:00
MED0102,LOC0168,WH-P-004,B01020551,503,29-11-2027,100,06-08-2026 09:00
MED0097,LOC0168,WH-P-004,B00970645,751,06-09-2027,20,06-08-2026 09:00
MED0064,LOC0168,WH-P-004,B00640761,266,09-12-2028,30,06-08-2026 09:00
MED0063,LOC0168,WH-P-004,B00630899,19,05-01-2027,75,06-08-2026 09:00
MED0078,LOC0168,WH-P-004,B00780939,66,10-03-2027,50,06-08-2026 09:00
MED0056,LOC0168,WH-P-004,B00561032,673,01-01-2029,75,06-08-2026 09:00
MED0054,LOC0168,WH-P-004,B00541115,632,01-02-2028,75,06-08-2026 09:00
MED0007,LOC0168,WH-P-004,B00071295,64,02-06-2028,50,06-08-2026 09:00
MED0042,LOC0168,WH-P-004,B00421366,2613,09-11-2026,100,06-08-2026 09:00
MED0033,LOC0168,WH-P-004,B00331415,80,14-11-2026,75,06-08-2026 09:00
MED0065,LOC0168,WH-P-004,B00651583,271,07-11-2027,75,06-08-2026 09:00
MED0043,LOC0168,WH-P-004,B00431669,231,31-08-2028,75,06-08-2026 09:00
MED0049,LOC0168,WH-P-004,B00491742,107,20-09-2027,75,06-08-2026 09:00
MED0020,LOC0168,WH-P-004,B00201873,85,03-12-2026,20,06-08-2026 09:00
MED0041,LOC0168,WH-P-004,B00411954,0,15-02-2028,75,06-08-2026 09:00
MED0061,LOC0168,WH-P-004,B00612067,549,09-11-2026,20,06-08-2026 09:00
MED0045,LOC0168,WH-P-004,B00452156,183,15-11-2027,75,06-08-2026 09:00
MED0002,LOC0168,WH-P-004,B00022271,542,12-03-2028,75,06-08-2026 09:00
MED0035,LOC0168,WH-P-004,B00352387,499,12-08-2026,20,06-08-2026 09:00
MED0022,LOC0168,WH-P-004,B00222448,181,30-06-2027,30,06-08-2026 09:00
MED0023,LOC0168,WH-P-004,B00232585,265,15-08-2028,100,06-08-2026 09:00
MED0040,LOC0168,WH-P-004,B00402656,2648,03-05-2027,30,06-08-2026 09:00
MED0052,LOC0168,WH-P-004,B00522745,227,21-02-2028,100,06-08-2026 09:00
MED0034,LOC0168,WH-P-004,B00342897,694,27-04-2027,20,06-08-2026 09:00
MED0008,LOC0168,WH-P-004,B00082998,598,24-08-2027,20,06-08-2026 09:00
MED0050,LOC0168,WH-P-004,B00503078,791,25-11-2028,75,06-08-2026 09:00
MED0076,LOC0168,WH-P-004,B00763131,0,04-01-2029,100,06-08-2026 09:00
MED0087,LOC0168,WH-P-004,B00873263,132,20-08-2026,50,06-08-2026 09:00
MED0100,LOC0168,WH-P-004,B01003355,572,05-04-2027,20,06-08-2026 09:00
MED0104,LOC0168,WH-P-004,B01043493,39,22-12-2027,75,06-08-2026 09:00
MED0015,LOC0168,WH-P-004,B00153540,752,08-11-2028,30,06-08-2026 09:00
MED0107,LOC0168,WH-P-004,B01073655,3522,29-07-2028,75,06-08-2026 09:00
MED0044,LOC0168,WH-P-004,B00443719,2504,26-11-2027,100,06-08-2026 09:00
MED0091,LOC0169,WH-P-005,B00910182,527,08-07-2027,50,06-08-2026 09:00
MED0053,LOC0169,WH-P-005,B00530217,774,17-04-2026,30,06-08-2026 09:00
MED0020,LOC0169,WH-P-005,B00200363,320,04-11-2028,30,06-08-2026 09:00
MED0074,LOC0169,WH-P-005,B00740473,623,08-08-2028,20,06-08-2026 09:00
MED0052,LOC0169,WH-P-005,B00520541,578,03-10-2028,20,06-08-2026 09:00
MED0104,LOC0169,WH-P-005,B01040688,5,25-02-2028,75,06-08-2026 09:00
MED0045,LOC0169,WH-P-005,B00450717,322,10-07-2027,20,06-08-2026 09:00
MED0070,LOC0169,WH-P-005,B00700883,129,29-04-2028,50,06-08-2026 09:00
MED0051,LOC0169,WH-P-005,B00510924,466,16-11-2027,20,06-08-2026 09:00
MED0096,LOC0169,WH-P-005,B00961051,0,22-12-2026,30,06-08-2026 09:00
MED0025,LOC0169,WH-P-005,B00251151,121,15-05-2028,20,06-08-2026 09:00
MED0050,LOC0169,WH-P-005,B00501275,493,12-05-2028,75,06-08-2026 09:00
MED0007,LOC0169,WH-P-005,B00071358,184,28-11-2026,20,06-08-2026 09:00
MED0017,LOC0169,WH-P-005,B00171466,513,06-11-2026,30,06-08-2026 09:00
MED0100,LOC0169,WH-P-005,B01001598,229,18-11-2027,30,06-08-2026 09:00
MED0047,LOC0169,WH-P-005,B00471657,369,29-09-2026,30,06-08-2026 09:00
MED0032,LOC0169,WH-P-005,B00321720,3349,26-02-2028,20,06-08-2026 09:00
MED0049,LOC0169,WH-P-005,B00491854,566,22-09-2028,20,06-08-2026 09:00
MED0066,LOC0169,WH-P-005,B00661998,125,02-08-2028,20,06-08-2026 09:00
MED0063,LOC0169,WH-P-005,B00632013,650,12-04-2028,20,06-08-2026 09:00
MED0109,LOC0169,WH-P-005,B01092110,296,08-08-2026,50,06-08-2026 09:00
MED0019,LOC0169,WH-P-005,B00192257,42,25-11-2028,75,06-08-2026 09:00
MED0008,LOC0169,WH-P-005,B00082337,594,09-06-2027,20,06-08-2026 09:00
MED0080,LOC0169,WH-P-005,B00802458,716,15-01-2029,30,06-08-2026 09:00
MED0093,LOC0169,WH-P-005,B00932575,597,23-06-2027,100,06-08-2026 09:00
MED0023,LOC0169,WH-P-005,B00232696,207,28-06-2026,75,06-08-2026 09:00
MED0042,LOC0169,WH-P-005,B00422716,208,23-11-2027,50,06-08-2026 09:00
MED0036,LOC0169,WH-P-005,B00362820,421,27-01-2028,50,06-08-2026 09:00
MED0099,LOC0169,WH-P-005,B00992988,126,02-06-2027,30,06-08-2026 09:00
MED0006,LOC0169,WH-P-005,B00063018,140,05-05-2028,50,06-08-2026 09:00
MED0071,LOC0169,WH-P-005,B00713134,440,25-08-2027,100,06-08-2026 09:00
MED0003,LOC0169,WH-P-005,B00033234,437,13-10-2028,75,06-08-2026 09:00
MED0103,LOC0169,WH-P-005,B01033386,756,13-10-2028,20,06-08-2026 09:00
MED0079,LOC0169,WH-P-005,B00793457,430,04-03-2027,50,06-08-2026 09:00
MED0035,LOC0169,WH-P-005,B00353547,597,23-02-2027,20,06-08-2026 09:00
MED0083,LOC0169,WH-P-005,B00833678,668,22-02-2027,75,06-08-2026 09:00
MED0057,LOC0169,WH-P-005,B00573739,592,29-12-2027,75,06-08-2026 09:00
MED0072,LOC0169,WH-P-005,B00723811,777,16-06-2026,30,06-08-2026 09:00
MED0060,LOC0169,WH-P-005,B00603998,215,19-06-2027,50,06-08-2026 09:00
MED0027,LOC0169,WH-P-005,B00274082,777,11-09-2028,100,06-08-2026 09:00
MED0077,LOC0169,WH-P-005,B00774188,0,08-08-2026,75,06-08-2026 09:00
MED0064,LOC0169,WH-P-005,B00644241,264,18-05-2026,30,06-08-2026 09:00
MED0013,LOC0169,WH-P-005,B00134369,388,10-09-2027,100,06-08-2026 09:00
MED0069,LOC0169,WH-P-005,B00694430,667,17-12-2026,20,06-08-2026 09:00
MED0026,LOC0169,WH-P-005,B00264564,751,06-01-2028,75,06-08-2026 09:00
MED0037,LOC0169,WH-P-005,B00374634,29,15-03-2028,30,06-08-2026 09:00
MED0016,LOC0169,WH-P-005,B00164728,0,25-04-2028,100,06-08-2026 09:00
MED0092,LOC0169,WH-P-005,B00924821,44,04-12-2026,30,06-08-2026 09:00
MED0102,LOC0169,WH-P-005,B01024969,594,01-09-2027,100,06-08-2026 09:00
MED0001,LOC0169,WH-P-005,B00015022,0,09-11-2027,75,06-08-2026 09:00
MED0056,LOC0169,WH-P-005,B00565182,405,07-08-2026,100,06-08-2026 09:00
MED0094,LOC0169,WH-P-005,B00945234,671,01-01-2028,100,06-08-2026 09:00
MED0059,LOC0170,WH-P-006,B00590143,4,24-10-2027,50,06-08-2026 09:00
MED0068,LOC0170,WH-P-006,B00680244,466,19-12-2026,50,06-08-2026 09:00
MED0088,LOC0170,WH-P-006,B00880379,261,25-09-2027,100,06-08-2026 09:00
MED0023,LOC0170,WH-P-006,B00230427,468,14-08-2028,75,06-08-2026 09:00
MED0065,LOC0170,WH-P-006,B00650595,0,11-08-2026,75,06-08-2026 09:00
MED0084,LOC0170,WH-P-006,B00840663,432,08-12-2028,100,06-08-2026 09:00
MED0109,LOC0170,WH-P-006,B01090783,0,16-07-2028,50,06-08-2026 09:00
MED0009,LOC0170,WH-P-006,B00090877,310,28-11-2026,75,06-08-2026 09:00
MED0055,LOC0170,WH-P-006,B00550966,8,08-06-2027,75,06-08-2026 09:00
MED0070,LOC0170,WH-P-006,B00701040,657,26-10-2028,100,06-08-2026 09:00
MED0074,LOC0170,WH-P-006,B00741177,3713,25-04-2028,75,06-08-2026 09:00
MED0050,LOC0170,WH-P-006,B00501252,0,25-01-2027,75,06-08-2026 09:00
MED0002,LOC0170,WH-P-006,B00021366,651,16-09-2026,50,06-08-2026 09:00
MED0102,LOC0170,WH-P-006,B01021471,290,06-03-2027,30,06-08-2026 09:00
MED0049,LOC0170,WH-P-006,B00491587,140,04-07-2028,50,06-08-2026 09:00
MED0052,LOC0170,WH-P-006,B00521673,258,25-02-2027,50,06-08-2026 09:00
MED0110,LOC0170,WH-P-006,B01101755,231,13-12-2026,100,06-08-2026 09:00
MED0112,LOC0170,WH-P-006,B01121849,445,09-09-2026,100,06-08-2026 09:00
MED0113,LOC0170,WH-P-006,B01131961,451,05-11-2028,20,06-08-2026 09:00
MED0107,LOC0170,WH-P-006,B01072067,782,04-09-2026,50,06-08-2026 09:00
MED0021,LOC0170,WH-P-006,B00212188,395,14-09-2026,50,06-08-2026 09:00
MED0063,LOC0170,WH-P-006,B00632290,324,21-10-2027,75,06-08-2026 09:00
MED0076,LOC0170,WH-P-006,B00762329,351,07-09-2027,30,06-08-2026 09:00
MED0007,LOC0170,WH-P-006,B00072488,432,01-05-2027,50,06-08-2026 09:00
MED0040,LOC0170,WH-P-006,B00402527,56,18-04-2027,30,06-08-2026 09:00
MED0094,LOC0170,WH-P-006,B00942613,277,16-02-2026,75,06-08-2026 09:00
MED0048,LOC0170,WH-P-006,B00482776,792,25-06-2027,20,06-08-2026 09:00
MED0022,LOC0170,WH-P-006,B00222878,238,21-09-2028,30,06-08-2026 09:00
MED0105,LOC0170,WH-P-006,B01052978,242,30-05-2027,100,06-08-2026 09:00
MED0035,LOC0170,WH-P-006,B00353042,141,27-08-2028,100,06-08-2026 09:00
MED0100,LOC0170,WH-P-006,B01003162,757,02-06-2028,75,06-08-2026 09:00
MED0042,LOC0170,WH-P-006,B00423257,61,20-12-2027,75,06-08-2026 09:00
MED0098,LOC0170,WH-P-006,B00983349,567,04-10-2026,75,06-08-2026 09:00
MED0003,LOC0170,WH-P-006,B00033484,81,02-01-2029,30,06-08-2026 09:00
MED0106,LOC0170,WH-P-006,B01063510,492,13-11-2027,30,06-08-2026 09:00
MED0086,LOC0170,WH-P-006,B00863664,0,05-04-2027,75,06-08-2026 09:00
MED0010,LOC0170,WH-P-006,B00103784,399,11-12-2026,75,06-08-2026 09:00
MED0058,LOC0170,WH-P-006,B00583820,4477,06-06-2028,75,06-08-2026 09:00
MED0018,LOC0170,WH-P-006,B00183955,0,01-09-2026,20,06-08-2026 09:00
MED0089,LOC0170,WH-P-006,B00894041,316,18-09-2027,100,06-08-2026 09:00
MED0037,LOC0170,WH-P-006,B00374144,0,18-04-2028,20,06-08-2026 09:00
MED0013,LOC0170,WH-P-006,B00134293,4010,20-12-2028,75,06-08-2026 09:00
MED0114,LOC0170,WH-P-006,B01144333,4,22-09-2027,30,06-08-2026 09:00
MED0057,LOC0170,WH-P-006,B00574468,690,05-04-2028,30,06-08-2026 09:00
MED0101,LOC0170,WH-P-006,B01014530,0,26-05-2027,30,06-08-2026 09:00
MED0028,LOC0170,WH-P-006,B00284661,406,04-01-2029,20,06-08-2026 09:00
MED0016,LOC0170,WH-P-006,B00164790,46,03-01-2027,100,06-08-2026 09:00
MED0006,LOC0170,WH-P-006,B00064825,413,10-01-2027,100,06-08-2026 09:00
MED0008,LOC0170,WH-P-006,B00084991,4740,04-11-2026,75,06-08-2026 09:00
MED0069,LOC0170,WH-P-006,B00695028,22,03-05-2027,30,06-08-2026 09:00
MED0054,LOC0171,WH-P-007,B00540161,50,13-02-2027,30,06-08-2026 09:00
MED0101,LOC0171,WH-P-007,B01010290,20,14-07-2027,50,06-08-2026 09:00
MED0033,LOC0171,WH-P-007,B00330347,506,16-08-2027,30,06-08-2026 09:00
MED0032,LOC0171,WH-P-007,B00320485,794,01-04-2027,50,06-08-2026 09:00
MED0040,LOC0171,WH-P-007,B00400598,467,28-03-2028,50,06-08-2026 09:00
MED0107,LOC0171,WH-P-007,B01070668,55,01-03-2028,50,06-08-2026 09:00
MED0074,LOC0171,WH-P-007,B00740745,651,09-11-2028,30,06-08-2026 09:00
MED0083,LOC0171,WH-P-007,B00830894,756,08-06-2027,100,06-08-2026 09:00
MED0110,LOC0171,WH-P-007,B01100994,2041,07-08-2028,50,06-08-2026 09:00
MED0098,LOC0171,WH-P-007,B00981081,0,30-01-2028,20,06-08-2026 09:00
MED0086,LOC0171,WH-P-007,B00861184,177,22-04-2027,50,06-08-2026 09:00
MED0053,LOC0171,WH-P-007,B00531225,388,18-03-2027,100,06-08-2026 09:00
MED0044,LOC0171,WH-P-007,B00441387,433,27-10-2027,30,06-08-2026 09:00
MED0018,LOC0171,WH-P-007,B00181433,51,27-12-2028,75,06-08-2026 09:00
MED0056,LOC0171,WH-P-007,B00561556,73,22-02-2026,50,06-08-2026 09:00
MED0087,LOC0171,WH-P-007,B00871677,581,25-09-2026,75,06-08-2026 09:00
MED0088,LOC0171,WH-P-007,B00881754,694,26-11-2027,50,06-08-2026 09:00
MED0046,LOC0171,WH-P-007,B00461843,789,01-06-2027,20,06-08-2026 09:00
MED0008,LOC0171,WH-P-007,B00081913,0,12-10-2028,50,06-08-2026 09:00
MED0041,LOC0171,WH-P-007,B00412019,424,13-06-2027,100,06-08-2026 09:00
MED0025,LOC0171,WH-P-007,B00252151,624,06-07-2027,30,06-08-2026 09:00
MED0037,LOC0171,WH-P-007,B00372289,671,03-10-2027,75,06-08-2026 09:00
MED0064,LOC0171,WH-P-007,B00642325,214,18-11-2028,20,06-08-2026 09:00
MED0063,LOC0171,WH-P-007,B00632433,75,16-01-2027,30,06-08-2026 09:00
MED0099,LOC0171,WH-P-007,B00992575,155,18-09-2026,75,06-08-2026 09:00
MED0034,LOC0171,WH-P-007,B00342674,268,23-05-2028,20,06-08-2026 09:00
MED0011,LOC0171,WH-P-007,B00112716,475,13-02-2028,100,06-08-2026 09:00
MED0105,LOC0171,WH-P-007,B01052813,0,01-02-2028,75,06-08-2026 09:00
MED0103,LOC0171,WH-P-007,B01032961,660,18-08-2028,100,06-08-2026 09:00
MED0002,LOC0171,WH-P-007,B00023032,222,23-12-2027,30,06-08-2026 09:00
MED0021,LOC0171,WH-P-007,B00213126,781,30-05-2027,50,06-08-2026 09:00
MED0066,LOC0171,WH-P-007,B00663287,156,01-04-2026,75,06-08-2026 09:00
MED0048,LOC0171,WH-P-007,B00483371,0,15-12-2026,100,06-08-2026 09:00
MED0108,LOC0171,WH-P-007,B01083466,760,09-07-2027,100,06-08-2026 09:00
MED0097,LOC0171,WH-P-007,B00973530,510,06-10-2027,100,06-08-2026 09:00
MED0094,LOC0171,WH-P-007,B00943659,636,22-05-2027,30,06-08-2026 09:00
MED0071,LOC0171,WH-P-007,B00713744,531,14-08-2027,100,06-08-2026 09:00
MED0069,LOC0171,WH-P-007,B00693874,600,21-06-2027,20,06-08-2026 09:00
MED0092,LOC0171,WH-P-007,B00923977,735,10-04-2027,50,06-08-2026 09:00
MED0102,LOC0171,WH-P-007,B01024022,150,22-11-2026,30,06-08-2026 09:00
MED0080,LOC0171,WH-P-007,B00804183,360,14-09-2026,75,06-08-2026 09:00
MED0072,LOC0171,WH-P-007,B00724273,290,13-05-2028,50,06-08-2026 09:00
MED0076,LOC0171,WH-P-007,B00764336,339,20-05-2027,20,06-08-2026 09:00
MED0095,LOC0171,WH-P-007,B00954439,456,04-01-2029,20,06-08-2026 09:00
MED0024,LOC0171,WH-P-007,B00244552,218,24-03-2028,20,06-08-2026 09:00
MED0096,LOC0171,WH-P-007,B00964622,631,10-12-2028,75,06-08-2026 09:00
MED0089,LOC0171,WH-P-007,B00894712,645,14-08-2026,75,06-08-2026 09:00
MED0009,LOC0171,WH-P-007,B00094849,175,12-01-2028,20,06-08-2026 09:00
MED0045,LOC0171,WH-P-007,B00454995,365,21-04-2028,100,06-08-2026 09:00
MED0042,LOC0171,WH-P-007,B00425091,0,06-07-2026,75,06-08-2026 09:00
MED0084,LOC0171,WH-P-007,B00845116,232,01-09-2028,30,06-08-2026 09:00
MED0062,LOC0171,WH-P-007,B00625237,628,08-10-2027,75,06-08-2026 09:00
MED0051,LOC0171,WH-P-007,B00515331,392,05-06-2027,75,06-08-2026 09:00
MED0068,LOC0171,WH-P-007,B00685431,589,04-10-2028,100,06-08-2026 09:00
MED0037,LOC0172,WH-P-008,B00370177,234,01-01-2028,50,06-08-2026 09:00
MED0087,LOC0172,WH-P-008,B00870296,0,28-09-2027,50,06-08-2026 09:00
MED0108,LOC0172,WH-P-008,B01080325,159,26-08-2028,20,06-08-2026 09:00
MED0102,LOC0172,WH-P-008,B01020467,91,22-01-2028,20,06-08-2026 09:00
MED0050,LOC0172,WH-P-008,B00500545,488,19-02-2027,30,06-08-2026 09:00
MED0100,LOC0172,WH-P-008,B01000689,382,22-01-2027,50,06-08-2026 09:00
MED0024,LOC0172,WH-P-008,B00240711,745,24-11-2027,75,06-08-2026 09:00
MED0023,LOC0172,WH-P-008,B00230844,55,02-07-2027,20,06-08-2026 09:00
MED0051,LOC0172,WH-P-008,B00510993,1,10-12-2027,20,06-08-2026 09:00
MED0066,LOC0172,WH-P-008,B00661057,387,19-02-2028,50,06-08-2026 09:00
MED0113,LOC0172,WH-P-008,B01131156,788,13-12-2027,75,06-08-2026 09:00
MED0079,LOC0172,WH-P-008,B00791271,742,17-09-2026,75,06-08-2026 09:00
MED0061,LOC0172,WH-P-008,B00611310,85,15-10-2027,75,06-08-2026 09:00
MED0041,LOC0172,WH-P-008,B00411440,629,28-06-2026,75,06-08-2026 09:00
MED0025,LOC0172,WH-P-008,B00251599,0,14-01-2028,30,06-08-2026 09:00
MED0012,LOC0172,WH-P-008,B00121663,4879,27-11-2026,30,06-08-2026 09:00
MED0010,LOC0172,WH-P-008,B00101738,342,20-02-2028,20,06-08-2026 09:00
MED0096,LOC0172,WH-P-008,B00961831,794,03-09-2027,20,06-08-2026 09:00
MED0045,LOC0172,WH-P-008,B00451991,502,14-01-2027,100,06-08-2026 09:00
MED0021,LOC0172,WH-P-008,B00212093,207,12-09-2026,75,06-08-2026 09:00
MED0086,LOC0172,WH-P-008,B00862165,2230,25-12-2026,75,06-08-2026 09:00
MED0034,LOC0172,WH-P-008,B00342268,4473,03-09-2026,75,06-08-2026 09:00
MED0027,LOC0172,WH-P-008,B00272368,60,06-03-2027,20,06-08-2026 09:00
MED0069,LOC0172,WH-P-008,B00692465,697,19-07-2028,100,06-08-2026 09:00
MED0063,LOC0172,WH-P-008,B00632566,4356,31-12-2027,30,06-08-2026 09:00
MED0018,LOC0172,WH-P-008,B00182680,636,23-12-2026,20,06-08-2026 09:00
MED0085,LOC0172,WH-P-008,B00852729,430,05-04-2027,75,06-08-2026 09:00
MED0004,LOC0172,WH-P-008,B00042895,523,12-04-2028,100,06-08-2026 09:00
MED0057,LOC0172,WH-P-008,B00572982,318,10-02-2028,75,06-08-2026 09:00
MED0042,LOC0172,WH-P-008,B00423037,516,08-01-2029,100,06-08-2026 09:00
MED0058,LOC0172,WH-P-008,B00583160,412,01-12-2028,75,06-08-2026 09:00
MED0078,LOC0172,WH-P-008,B00783274,181,21-07-2027,100,06-08-2026 09:00
MED0109,LOC0172,WH-P-008,B01093382,239,27-07-2026,30,06-08-2026 09:00
MED0013,LOC0172,WH-P-008,B00133485,3328,10-10-2027,75,06-08-2026 09:00
MED0040,LOC0172,WH-P-008,B00403537,0,22-05-2027,50,06-08-2026 09:00
MED0039,LOC0172,WH-P-008,B00393618,155,01-02-2027,75,06-08-2026 09:00
MED0033,LOC0172,WH-P-008,B00333745,783,10-01-2027,50,06-08-2026 09:00
MED0035,LOC0172,WH-P-008,B00353861,547,31-08-2027,20,06-08-2026 09:00
MED0015,LOC0172,WH-P-008,B00153992,657,05-03-2027,50,06-08-2026 09:00
MED0073,LOC0172,WH-P-008,B00734082,430,31-12-2026,30,06-08-2026 09:00
MED0049,LOC0172,WH-P-008,B00494137,171,13-01-2029,50,06-08-2026 09:00
MED0077,LOC0172,WH-P-008,B00774270,583,03-07-2027,20,06-08-2026 09:00
MED0101,LOC0172,WH-P-008,B01014388,2912,17-09-2026,100,06-08-2026 09:00
MED0110,LOC0172,WH-P-008,B01104440,524,30-10-2028,20,06-08-2026 09:00
MED0107,LOC0172,WH-P-008,B01074586,23,15-04-2026,75,06-08-2026 09:00
MED0093,LOC0172,WH-P-008,B00934643,751,08-07-2028,20,06-08-2026 09:00
MED0026,LOC0172,WH-P-008,B00264752,698,09-01-2027,20,06-08-2026 09:00
MED0036,LOC0172,WH-P-008,B00364873,228,12-04-2027,20,06-08-2026 09:00
MED0001,LOC0172,WH-P-008,B00014990,95,24-10-2028,100,06-08-2026 09:00
MED0019,LOC0172,WH-P-008,B00195078,702,20-01-2029,20,06-08-2026 09:00
MED0064,LOC0172,WH-P-008,B00645196,0,14-01-2028,100,06-08-2026 09:00
MED0029,LOC0172,WH-P-008,B00295247,535,29-09-2026,20,06-08-2026 09:00
MED0111,LOC0172,WH-P-008,B01115359,439,14-01-2028,50,06-08-2026 09:00
MED0043,LOC0172,WH-P-008,B00435445,3911,19-07-2028,20,06-08-2026 09:00
MED0005,LOC0172,WH-P-008,B00055516,419,27-02-2028,30,06-08-2026 09:00
MED0055,LOC0172,WH-P-008,B00555654,350,04-12-2028,100,06-08-2026 09:00
MED0020,LOC0173,WH-P-009,B00200172,137,31-01-2028,50,06-08-2026 09:00
MED0036,LOC0173,WH-P-009,B00360296,0,13-09-2027,75,06-08-2026 09:00
MED0087,LOC0173,WH-P-009,B00870356,176,08-09-2028,30,06-08-2026 09:00
MED0002,LOC0173,WH-P-009,B00020433,710,08-05-2028,50,06-08-2026 09:00
MED0033,LOC0173,WH-P-009,B00330550,648,06-07-2026,20,06-08-2026 09:00
MED0080,LOC0173,WH-P-009,B00800696,616,14-02-2027,50,06-08-2026 09:00
MED0083,LOC0173,WH-P-009,B00830756,105,15-05-2028,50,06-08-2026 09:00
MED0062,LOC0173,WH-P-009,B00620870,254,01-06-2027,50,06-08-2026 09:00
MED0063,LOC0173,WH-P-009,B00630973,0,20-07-2028,50,06-08-2026 09:00
MED0092,LOC0173,WH-P-009,B00921029,3309,27-09-2027,30,06-08-2026 09:00
MED0088,LOC0173,WH-P-009,B00881122,240,01-04-2027,30,06-08-2026 09:00
MED0076,LOC0173,WH-P-009,B00761265,759,15-06-2028,30,06-08-2026 09:00
MED0090,LOC0173,WH-P-009,B00901335,169,20-03-2028,50,06-08-2026 09:00
MED0042,LOC0173,WH-P-009,B00421498,12,27-07-2027,30,06-08-2026 09:00
MED0102,LOC0173,WH-P-009,B01021576,737,12-09-2027,50,06-08-2026 09:00
MED0107,LOC0173,WH-P-009,B01071679,299,13-02-2026,30,06-08-2026 09:00
MED0023,LOC0173,WH-P-009,B00231776,191,25-10-2027,30,06-08-2026 09:00
MED0037,LOC0173,WH-P-009,B00371867,590,23-11-2028,75,06-08-2026 09:00
MED0001,LOC0173,WH-P-009,B00011956,770,20-08-2028,20,06-08-2026 09:00
MED0005,LOC0173,WH-P-009,B00052077,741,23-11-2026,100,06-08-2026 09:00
MED0030,LOC0173,WH-P-009,B00302127,551,19-09-2026,20,06-08-2026 09:00
MED0008,LOC0173,WH-P-009,B00082220,207,14-09-2028,75,06-08-2026 09:00
MED0026,LOC0173,WH-P-009,B00262320,382,08-01-2027,75,06-08-2026 09:00
MED0011,LOC0173,WH-P-009,B00112413,138,07-02-2028,50,06-08-2026 09:00
MED0047,LOC0173,WH-P-009,B00472546,785,03-10-2026,30,06-08-2026 09:00
MED0009,LOC0173,WH-P-009,B00092679,345,18-10-2028,75,06-08-2026 09:00
MED0067,LOC0173,WH-P-009,B00672721,431,17-03-2028,100,06-08-2026 09:00
MED0053,LOC0173,WH-P-009,B00532811,604,01-03-2028,30,06-08-2026 09:00
MED0012,LOC0173,WH-P-009,B00122941,0,10-10-2027,100,06-08-2026 09:00
MED0058,LOC0173,WH-P-009,B00583032,597,20-01-2027,100,06-08-2026 09:00
MED0045,LOC0173,WH-P-009,B00453188,795,08-09-2028,30,06-08-2026 09:00
MED0103,LOC0173,WH-P-009,B01033256,338,08-12-2028,75,06-08-2026 09:00
MED0072,LOC0173,WH-P-009,B00723344,498,07-12-2027,30,06-08-2026 09:00
MED0078,LOC0173,WH-P-009,B00783429,162,01-12-2027,50,06-08-2026 09:00
MED0056,LOC0173,WH-P-009,B00563536,554,06-09-2028,30,06-08-2026 09:00
MED0098,LOC0173,WH-P-009,B00983685,262,18-03-2027,50,06-08-2026 09:00
MED0114,LOC0173,WH-P-009,B01143717,395,09-09-2026,100,06-08-2026 09:00
MED0040,LOC0173,WH-P-009,B00403815,4776,24-11-2027,75,06-08-2026 09:00
MED0039,LOC0173,WH-P-009,B00393943,667,09-07-2028,75,06-08-2026 09:00
MED0060,LOC0173,WH-P-009,B00604035,3574,28-04-2028,50,06-08-2026 09:00
MED0054,LOC0173,WH-P-009,B00544128,631,31-08-2026,100,06-08-2026 09:00
MED0034,LOC0173,WH-P-009,B00344298,748,13-09-2027,100,06-08-2026 09:00
MED0013,LOC0173,WH-P-009,B00134317,382,20-02-2027,30,06-08-2026 09:00
MED0035,LOC0173,WH-P-009,B00354458,195,07-11-2027,30,06-08-2026 09:00
MED0084,LOC0173,WH-P-009,B00844550,666,03-05-2027,100,06-08-2026 09:00
MED0065,LOC0173,WH-P-009,B00654627,392,18-01-2027,20,06-08-2026 09:00
MED0028,LOC0173,WH-P-009,B00284784,560,25-07-2028,30,06-08-2026 09:00
MED0024,LOC0173,WH-P-009,B00244876,561,20-12-2028,20,06-08-2026 09:00
MED0100,LOC0173,WH-P-009,B01004910,537,02-10-2026,75,06-08-2026 09:00
MED0010,LOC0173,WH-P-009,B00105061,4440,01-06-2027,75,06-08-2026 09:00
MED0095,LOC0173,WH-P-009,B00955193,423,06-04-2028,20,06-08-2026 09:00
MED0006,LOC0173,WH-P-009,B00065244,678,29-07-2027,50,06-08-2026 09:00
MED0096,LOC0173,WH-P-009,B00965335,499,14-08-2026,30,06-08-2026 09:00
MED0089,LOC0173,WH-P-009,B00895463,731,25-03-2028,30,06-08-2026 09:00
MED0109,LOC0173,WH-P-009,B01095519,800,06-01-2029,30,06-08-2026 09:00
MED0075,LOC0173,WH-P-009,B00755639,4065,26-08-2026,100,06-08-2026 09:00
MED0052,LOC0173,WH-P-009,B00525785,715,01-01-2029,100,06-08-2026 09:00
MED0105,LOC0173,WH-P-009,B01055858,499,01-01-2029,75,06-08-2026 09:00
MED0015,LOC0173,WH-P-009,B00155925,267,25-05-2028,100,06-08-2026 09:00
MED0014,LOC0173,WH-P-009,B00146070,33,09-09-2026,100,06-08-2026 09:00
MED0060,LOC0174,WH-R-001,B00600113,170,11-06-2026,100,06-08-2026 09:00
MED0022,LOC0174,WH-R-001,B00220231,3409,05-09-2026,50,06-08-2026 09:00
MED0077,LOC0174,WH-R-001,B00770354,4320,12-09-2026,75,06-08-2026 09:00
MED0012,LOC0174,WH-R-001,B00120468,2174,19-07-2026,30,06-08-2026 09:00
MED0092,LOC0174,WH-R-001,B00920538,185,08-01-2027,100,06-08-2026 09:00
MED0089,LOC0174,WH-R-001,B00890693,173,13-05-2028,75,06-08-2026 09:00
MED0030,LOC0174,WH-R-001,B00300732,4713,06-12-2026,20,06-08-2026 09:00
MED0014,LOC0174,WH-R-001,B00140886,668,05-02-2027,20,06-08-2026 09:00
MED0016,LOC0174,WH-R-001,B00160945,0,16-12-2028,50,06-08-2026 09:00
MED0021,LOC0174,WH-R-001,B00211061,84,03-07-2027,75,06-08-2026 09:00
MED0050,LOC0174,WH-R-001,B00501130,507,07-09-2026,20,06-08-2026 09:00
MED0046,LOC0174,WH-R-001,B00461283,289,16-10-2028,20,06-08-2026 09:00
MED0080,LOC0174,WH-R-001,B00801398,0,01-06-2027,100,06-08-2026 09:00
MED0109,LOC0174,WH-R-001,B01091461,211,26-02-2027,50,06-08-2026 09:00
MED0057,LOC0174,WH-R-001,B00571549,333,10-12-2026,30,06-08-2026 09:00
MED0040,LOC0174,WH-R-001,B00401656,122,10-12-2026,100,06-08-2026 09:00
MED0104,LOC0174,WH-R-001,B01041794,346,21-08-2026,20,06-08-2026 09:00
MED0001,LOC0174,WH-R-001,B00011817,0,30-05-2027,30,06-08-2026 09:00
MED0028,LOC0174,WH-R-001,B00281971,153,04-11-2026,100,06-08-2026 09:00
MED0008,LOC0174,WH-R-001,B00082097,2825,11-08-2028,50,06-08-2026 09:00
MED0017,LOC0174,WH-R-001,B00172138,244,25-12-2026,75,06-08-2026 09:00
MED0088,LOC0174,WH-R-001,B00882271,529,09-11-2027,75,06-08-2026 09:00
MED0096,LOC0174,WH-R-001,B00962374,619,27-08-2026,50,06-08-2026 09:00
MED0107,LOC0174,WH-R-001,B01072423,28,05-09-2027,20,06-08-2026 09:00
MED0018,LOC0174,WH-R-001,B00182521,386,18-12-2026,75,06-08-2026 09:00
MED0010,LOC0174,WH-R-001,B00102660,246,05-08-2027,50,06-08-2026 09:00
MED0063,LOC0174,WH-R-001,B00632738,0,22-11-2026,50,06-08-2026 09:00
MED0068,LOC0174,WH-R-001,B00682856,648,18-11-2027,100,06-08-2026 09:00
MED0015,LOC0174,WH-R-001,B00152959,743,28-08-2027,100,06-08-2026 09:00
MED0058,LOC0174,WH-R-001,B00583092,60,13-08-2026,50,06-08-2026 09:00
MED0003,LOC0174,WH-R-001,B00033122,0,06-11-2026,100,06-08-2026 09:00
MED0099,LOC0174,WH-R-001,B00993287,107,17-05-2028,75,06-08-2026 09:00
MED0023,LOC0174,WH-R-001,B00233372,16,26-02-2027,20,06-08-2026 09:00
MED0032,LOC0174,WH-R-001,B00323484,0,06-03-2027,50,06-08-2026 09:00
MED0090,LOC0174,WH-R-001,B00903512,472,01-11-2027,30,06-08-2026 09:00
MED0064,LOC0174,WH-R-001,B00643628,400,11-09-2028,50,06-08-2026 09:00
MED0041,LOC0174,WH-R-001,B00413787,290,23-11-2028,100,06-08-2026 09:00
MED0087,LOC0174,WH-R-001,B00873881,550,16-08-2028,75,06-08-2026 09:00
MED0070,LOC0174,WH-R-001,B00703942,168,05-08-2026,75,06-08-2026 09:00
MED0071,LOC0174,WH-R-001,B00714059,82,24-06-2027,100,06-08-2026 09:00
MED0111,LOC0174,WH-R-001,B01114121,499,02-09-2027,50,06-08-2026 09:00
MED0011,LOC0174,WH-R-001,B00114270,146,31-10-2028,50,06-08-2026 09:00
MED0088,LOC0175,WH-R-002,B00880114,208,07-02-2027,30,06-08-2026 09:00
MED0075,LOC0175,WH-R-002,B00750243,0,16-04-2027,100,06-08-2026 09:00
MED0057,LOC0175,WH-R-002,B00570365,0,01-08-2027,50,06-08-2026 09:00
MED0038,LOC0175,WH-R-002,B00380410,154,06-01-2028,50,06-08-2026 09:00
MED0044,LOC0175,WH-R-002,B00440511,503,03-09-2026,75,06-08-2026 09:00
MED0028,LOC0175,WH-R-002,B00280694,173,30-05-2027,30,06-08-2026 09:00
MED0009,LOC0175,WH-R-002,B00090733,760,02-09-2026,20,06-08-2026 09:00
MED0111,LOC0175,WH-R-002,B01110872,589,13-01-2027,30,06-08-2026 09:00
MED0047,LOC0175,WH-R-002,B00470967,32,22-08-2026,50,06-08-2026 09:00
MED0113,LOC0175,WH-R-002,B01131080,0,05-08-2027,100,06-08-2026 09:00
MED0048,LOC0175,WH-R-002,B00481137,456,01-06-2027,30,06-08-2026 09:00
MED0046,LOC0175,WH-R-002,B00461213,633,17-02-2027,100,06-08-2026 09:00
MED0002,LOC0175,WH-R-002,B00021355,599,10-09-2028,100,06-08-2026 09:00
MED0072,LOC0175,WH-R-002,B00721458,139,12-01-2029,75,06-08-2026 09:00
MED0007,LOC0175,WH-R-002,B00071558,738,09-03-2028,50,06-08-2026 09:00
MED0100,LOC0175,WH-R-002,B01001616,364,08-10-2027,50,06-08-2026 09:00
MED0019,LOC0175,WH-R-002,B00191719,361,19-09-2026,100,06-08-2026 09:00
MED0081,LOC0175,WH-R-002,B00811855,587,11-04-2027,50,06-08-2026 09:00
MED0080,LOC0175,WH-R-002,B00801975,594,27-04-2027,75,06-08-2026 09:00
MED0003,LOC0175,WH-R-002,B00032052,2590,08-08-2028,75,06-08-2026 09:00
MED0055,LOC0175,WH-R-002,B00552151,541,09-04-2027,20,06-08-2026 09:00
MED0093,LOC0175,WH-R-002,B00932279,252,22-09-2028,50,06-08-2026 09:00
MED0105,LOC0175,WH-R-002,B01052325,577,24-09-2026,75,06-08-2026 09:00
MED0045,LOC0175,WH-R-002,B00452433,541,08-05-2026,100,06-08-2026 09:00
MED0040,LOC0175,WH-R-002,B00402553,619,17-12-2026,100,06-08-2026 09:00
MED0061,LOC0175,WH-R-002,B00612611,0,16-06-2027,30,06-08-2026 09:00
MED0026,LOC0175,WH-R-002,B00262747,54,26-04-2028,100,06-08-2026 09:00
MED0041,LOC0175,WH-R-002,B00412861,3764,22-02-2028,20,06-08-2026 09:00
MED0094,LOC0175,WH-R-002,B00942992,705,21-06-2028,100,06-08-2026 09:00
MED0033,LOC0175,WH-R-002,B00333022,336,02-04-2026,20,06-08-2026 09:00
MED0018,LOC0175,WH-R-002,B00183147,616,14-03-2028,100,06-08-2026 09:00
MED0058,LOC0175,WH-R-002,B00583285,723,24-01-2028,50,06-08-2026 09:00
MED0114,LOC0176,WH-R-003,B01140143,733,24-04-2027,75,06-08-2026 09:00
MED0040,LOC0176,WH-R-003,B00400288,43,14-08-2028,30,06-08-2026 09:00
MED0032,LOC0176,WH-R-003,B00320351,41,24-12-2027,20,06-08-2026 09:00
MED0066,LOC0176,WH-R-003,B00660449,271,21-08-2026,20,06-08-2026 09:00
MED0059,LOC0176,WH-R-003,B00590593,0,17-04-2028,30,06-08-2026 09:00
MED0103,LOC0176,WH-R-003,B01030659,591,01-02-2028,30,06-08-2026 09:00
MED0056,LOC0176,WH-R-003,B00560755,4593,08-12-2026,100,06-08-2026 09:00
MED0061,LOC0176,WH-R-003,B00610897,482,16-04-2027,20,06-08-2026 09:00
MED0027,LOC0176,WH-R-003,B00270966,243,08-07-2027,50,06-08-2026 09:00
MED0071,LOC0176,WH-R-003,B00711015,220,03-05-2028,50,06-08-2026 09:00
MED0083,LOC0176,WH-R-003,B00831134,77,31-07-2027,20,06-08-2026 09:00
MED0113,LOC0176,WH-R-003,B01131225,3410,11-03-2028,50,06-08-2026 09:00
MED0112,LOC0176,WH-R-003,B01121323,146,09-01-2027,75,06-08-2026 09:00
MED0015,LOC0176,WH-R-003,B00151442,174,14-06-2026,50,06-08-2026 09:00
MED0099,LOC0176,WH-R-003,B00991549,768,22-10-2027,75,06-08-2026 09:00
MED0089,LOC0176,WH-R-003,B00891649,331,05-01-2028,20,06-08-2026 09:00
MED0082,LOC0176,WH-R-003,B00821760,198,13-08-2026,75,06-08-2026 09:00
MED0041,LOC0176,WH-R-003,B00411839,606,21-12-2027,100,06-08-2026 09:00
MED0096,LOC0176,WH-R-003,B00961976,19,21-02-2026,75,06-08-2026 09:00
MED0048,LOC0176,WH-R-003,B00482048,561,11-03-2027,100,06-08-2026 09:00
MED0053,LOC0176,WH-R-003,B00532161,485,18-02-2027,100,06-08-2026 09:00
MED0064,LOC0176,WH-R-003,B00642296,10,22-12-2026,50,06-08-2026 09:00
MED0055,LOC0176,WH-R-003,B00552395,520,12-12-2026,50,06-08-2026 09:00
MED0078,LOC0176,WH-R-003,B00782481,411,12-05-2027,30,06-08-2026 09:00
MED0097,LOC0176,WH-R-003,B00972543,442,20-08-2026,100,06-08-2026 09:00
MED0077,LOC0176,WH-R-003,B00772668,0,15-05-2028,75,06-08-2026 09:00
MED0060,LOC0176,WH-R-003,B00602743,444,23-01-2027,30,06-08-2026 09:00
MED0080,LOC0176,WH-R-003,B00802867,95,17-05-2027,100,06-08-2026 09:00
MED0021,LOC0176,WH-R-003,B00212910,603,19-04-2028,30,06-08-2026 09:00
MED0073,LOC0176,WH-R-003,B00733092,665,06-01-2029,50,06-08-2026 09:00
MED0049,LOC0176,WH-R-003,B00493193,235,26-02-2027,100,06-08-2026 09:00
MED0024,LOC0176,WH-R-003,B00243233,501,20-06-2028,20,06-08-2026 09:00
MED0026,LOC0177,WH-R-004,B00260197,483,11-10-2028,100,06-08-2026 09:00
MED0072,LOC0177,WH-R-004,B00720213,72,09-02-2026,50,06-08-2026 09:00
MED0089,LOC0177,WH-R-004,B00890332,427,19-01-2027,30,06-08-2026 09:00
MED0053,LOC0177,WH-R-004,B00530438,249,13-08-2028,100,06-08-2026 09:00
MED0113,LOC0177,WH-R-004,B01130538,336,06-06-2028,100,06-08-2026 09:00
MED0104,LOC0177,WH-R-004,B01040667,158,11-05-2027,20,06-08-2026 09:00
MED0013,LOC0177,WH-R-004,B00130785,3743,17-07-2027,100,06-08-2026 09:00
MED0027,LOC0177,WH-R-004,B00270829,792,15-04-2028,50,06-08-2026 09:00
MED0030,LOC0177,WH-R-004,B00300931,794,27-01-2028,30,06-08-2026 09:00
MED0094,LOC0177,WH-R-004,B00941020,424,19-09-2026,50,06-08-2026 09:00
MED0061,LOC0177,WH-R-004,B00611130,688,11-01-2029,50,06-08-2026 09:00
MED0084,LOC0177,WH-R-004,B00841213,711,22-05-2028,30,06-08-2026 09:00
MED0017,LOC0177,WH-R-004,B00171320,286,12-12-2026,20,06-08-2026 09:00
MED0090,LOC0177,WH-R-004,B00901410,79,31-05-2028,50,06-08-2026 09:00
MED0021,LOC0177,WH-R-004,B00211514,107,15-04-2027,50,06-08-2026 09:00
MED0082,LOC0177,WH-R-004,B00821667,429,11-09-2026,100,06-08-2026 09:00
MED0063,LOC0177,WH-R-004,B00631779,412,06-02-2028,50,06-08-2026 09:00
MED0101,LOC0177,WH-R-004,B01011826,71,18-06-2027,100,06-08-2026 09:00
MED0110,LOC0177,WH-R-004,B01101934,417,21-04-2026,75,06-08-2026 09:00
MED0014,LOC0177,WH-R-004,B00142040,703,10-01-2027,100,06-08-2026 09:00
MED0096,LOC0177,WH-R-004,B00962170,596,05-05-2026,75,06-08-2026 09:00
MED0010,LOC0177,WH-R-004,B00102292,3691,19-07-2027,50,06-08-2026 09:00
MED0047,LOC0177,WH-R-004,B00472341,425,29-10-2028,30,06-08-2026 09:00
MED0045,LOC0177,WH-R-004,B00452474,380,30-01-2027,30,06-08-2026 09:00
MED0107,LOC0177,WH-R-004,B01072573,350,11-03-2028,50,06-08-2026 09:00
MED0085,LOC0177,WH-R-004,B00852653,141,14-08-2027,100,06-08-2026 09:00
MED0075,LOC0177,WH-R-004,B00752775,75,01-10-2028,100,06-08-2026 09:00
MED0024,LOC0177,WH-R-004,B00242831,319,05-06-2028,30,06-08-2026 09:00
MED0092,LOC0177,WH-R-004,B00922944,386,03-07-2026,30,06-08-2026 09:00
MED0065,LOC0177,WH-R-004,B00653073,186,08-12-2027,50,06-08-2026 09:00
MED0069,LOC0177,WH-R-004,B00693189,490,30-04-2027,20,06-08-2026 09:00
MED0032,LOC0177,WH-R-004,B00323260,601,16-01-2027,50,06-08-2026 09:00
MED0005,LOC0177,WH-R-004,B00053336,239,29-12-2027,20,06-08-2026 09:00
MED0023,LOC0177,WH-R-004,B00233413,2,07-04-2028,30,06-08-2026 09:00
MED0012,LOC0177,WH-R-004,B00123565,261,17-08-2026,50,06-08-2026 09:00
MED0114,LOC0177,WH-R-004,B01143658,562,11-04-2028,100,06-08-2026 09:00
MED0051,LOC0177,WH-R-004,B00513723,123,22-04-2026,50,06-08-2026 09:00
MED0098,LOC0177,WH-R-004,B00983873,473,07-11-2026,100,06-08-2026 09:00
MED0009,LOC0177,WH-R-004,B00093926,211,02-07-2027,100,06-08-2026 09:00
MED0111,LOC0177,WH-R-004,B01114085,170,14-11-2027,100,06-08-2026 09:00
MED0007,LOC0177,WH-R-004,B00074157,43,01-09-2026,50,06-08-2026 09:00
MED0031,LOC0177,WH-R-004,B00314258,327,20-04-2028,75,06-08-2026 09:00
MED0083,LOC0177,WH-R-004,B00834397,568,07-08-2026,30,06-08-2026 09:00
MED0112,LOC0177,WH-R-004,B01124460,772,10-05-2026,75,06-08-2026 09:00
MED0040,LOC0177,WH-R-004,B00404536,345,08-03-2028,20,06-08-2026 09:00
MED0093,LOC0177,WH-R-004,B00934624,781,21-08-2027,100,06-08-2026 09:00
MED0109,LOC0177,WH-R-004,B01094765,6,07-12-2028,20,06-08-2026 09:00
MED0067,LOC0177,WH-R-004,B00674818,417,24-09-2028,75,06-08-2026 09:00
MED0059,LOC0177,WH-R-004,B00594912,81,24-12-2027,50,06-08-2026 09:00
MED0052,LOC0177,WH-R-004,B00525069,710,11-07-2028,30,06-08-2026 09:00
MED0002,LOC0177,WH-R-004,B00025198,2346,27-06-2027,100,06-08-2026 09:00
MED0103,LOC0177,WH-R-004,B01035256,462,10-10-2027,75,06-08-2026 09:00
MED0033,LOC0177,WH-R-004,B00335344,17,18-05-2027,50,06-08-2026 09:00
MED0105,LOC0177,WH-R-004,B01055479,381,24-04-2028,30,06-08-2026 09:00
MED0020,LOC0177,WH-R-004,B00205565,317,28-06-2028,30,06-08-2026 09:00
MED0049,LOC0178,WH-R-005,B00490113,450,06-07-2028,50,06-08-2026 09:00
MED0093,LOC0178,WH-R-005,B00930281,350,12-01-2029,20,06-08-2026 09:00
MED0007,LOC0178,WH-R-005,B00070336,3022,17-09-2026,75,06-08-2026 09:00
MED0070,LOC0178,WH-R-005,B00700499,539,30-01-2028,75,06-08-2026 09:00
MED0091,LOC0178,WH-R-005,B00910516,379,26-09-2026,20,06-08-2026 09:00
MED0101,LOC0178,WH-R-005,B01010658,3634,12-03-2028,50,06-08-2026 09:00
MED0113,LOC0178,WH-R-005,B01130735,593,24-08-2028,75,06-08-2026 09:00
MED0105,LOC0178,WH-R-005,B01050859,135,11-07-2028,30,06-08-2026 09:00
MED0088,LOC0178,WH-R-005,B00880950,81,29-02-2028,75,06-08-2026 09:00
MED0015,LOC0178,WH-R-005,B00151013,596,19-03-2027,50,06-08-2026 09:00
MED0066,LOC0178,WH-R-005,B00661178,270,20-04-2027,100,06-08-2026 09:00
MED0060,LOC0178,WH-R-005,B00601281,284,31-05-2027,100,06-08-2026 09:00
MED0097,LOC0178,WH-R-005,B00971345,4408,11-06-2028,100,06-08-2026 09:00
MED0041,LOC0178,WH-R-005,B00411479,397,07-08-2027,20,06-08-2026 09:00
MED0067,LOC0178,WH-R-005,B00671560,518,23-06-2028,100,06-08-2026 09:00
MED0072,LOC0178,WH-R-005,B00721664,531,17-04-2028,100,06-08-2026 09:00
MED0005,LOC0178,WH-R-005,B00051725,80,04-09-2027,30,06-08-2026 09:00
MED0037,LOC0178,WH-R-005,B00371889,331,06-12-2028,100,06-08-2026 09:00
MED0014,LOC0178,WH-R-005,B00141943,703,29-08-2027,50,06-08-2026 09:00
MED0038,LOC0178,WH-R-005,B00382056,469,15-08-2026,75,06-08-2026 09:00
MED0082,LOC0178,WH-R-005,B00822162,743,31-05-2028,50,06-08-2026 09:00
MED0003,LOC0178,WH-R-005,B00032230,3368,29-08-2028,20,06-08-2026 09:00
MED0025,LOC0178,WH-R-005,B00252388,56,04-02-2027,100,06-08-2026 09:00
MED0054,LOC0178,WH-R-005,B00542440,258,11-11-2026,30,06-08-2026 09:00
MED0029,LOC0178,WH-R-005,B00292539,572,05-12-2026,75,06-08-2026 09:00
MED0040,LOC0178,WH-R-005,B00402696,612,01-03-2027,50,06-08-2026 09:00
MED0068,LOC0178,WH-R-005,B00682771,662,24-03-2028,20,06-08-2026 09:00
MED0057,LOC0178,WH-R-005,B00572813,0,05-11-2027,75,06-08-2026 09:00
MED0034,LOC0178,WH-R-005,B00342986,669,12-06-2027,20,06-08-2026 09:00
MED0043,LOC0178,WH-R-005,B00433088,403,09-02-2028,30,06-08-2026 09:00
MED0096,LOC0178,WH-R-005,B00963141,311,12-12-2027,75,06-08-2026 09:00
MED0018,LOC0178,WH-R-005,B00183276,490,11-01-2027,20,06-08-2026 09:00
MED0050,LOC0178,WH-R-005,B00503377,416,25-11-2028,75,06-08-2026 09:00
MED0016,LOC0178,WH-R-005,B00163481,2952,26-12-2028,75,06-08-2026 09:00
MED0073,LOC0178,WH-R-005,B00733535,546,07-08-2026,75,06-08-2026 09:00
MED0031,LOC0178,WH-R-005,B00313688,419,19-09-2026,30,06-08-2026 09:00
MED0058,LOC0178,WH-R-005,B00583760,27,21-12-2027,100,06-08-2026 09:00
MED0008,LOC0178,WH-R-005,B00083813,283,10-02-2028,50,06-08-2026 09:00
MED0022,LOC0178,WH-R-005,B00223942,304,16-07-2027,50,06-08-2026 09:00
MED0021,LOC0178,WH-R-005,B00214093,294,13-08-2026,100,06-08-2026 09:00
MED0027,LOC0178,WH-R-005,B00274114,49,01-09-2028,75,06-08-2026 09:00
MED0108,LOC0178,WH-R-005,B01084274,543,22-07-2027,20,06-08-2026 09:00
MED0095,LOC0178,WH-R-005,B00954330,24,29-06-2028,30,06-08-2026 09:00
MED0099,LOC0178,WH-R-005,B00994491,394,26-08-2027,20,06-08-2026 09:00
MED0028,LOC0178,WH-R-005,B00284515,436,09-07-2028,50,06-08-2026 09:00
MED0009,LOC0178,WH-R-005,B00094634,615,15-06-2027,20,06-08-2026 09:00
MED0075,LOC0178,WH-R-005,B00754711,323,26-08-2026,20,06-08-2026 09:00
MED0011,LOC0178,WH-R-005,B00114868,125,17-08-2028,50,06-08-2026 09:00
MED0026,LOC0178,WH-R-005,B00264969,273,01-04-2027,50,06-08-2026 09:00
MED0036,LOC0178,WH-R-005,B00365071,95,01-05-2027,75,06-08-2026 09:00
MED0105,LOC0179,WH-R-006,B01050194,765,28-09-2026,50,06-08-2026 09:00
MED0094,LOC0179,WH-R-006,B00940262,777,28-11-2028,20,06-08-2026 09:00
MED0108,LOC0179,WH-R-006,B01080316,446,25-09-2028,75,06-08-2026 09:00
MED0074,LOC0179,WH-R-006,B00740475,771,30-04-2027,20,06-08-2026 09:00
MED0096,LOC0179,WH-R-006,B00960537,3229,11-10-2027,100,06-08-2026 09:00
MED0109,LOC0179,WH-R-006,B01090653,655,07-05-2027,50,06-08-2026 09:00
MED0026,LOC0179,WH-R-006,B00260792,4182,10-01-2028,75,06-08-2026 09:00
MED0103,LOC0179,WH-R-006,B01030841,523,24-09-2026,20,06-08-2026 09:00
MED0031,LOC0179,WH-R-006,B00310919,728,11-10-2027,100,06-08-2026 09:00
MED0029,LOC0179,WH-R-006,B00291096,263,21-02-2028,30,06-08-2026 09:00
MED0106,LOC0179,WH-R-006,B01061112,515,24-09-2027,50,06-08-2026 09:00
MED0043,LOC0179,WH-R-006,B00431295,548,25-03-2027,50,06-08-2026 09:00
MED0056,LOC0179,WH-R-006,B00561344,0,22-09-2027,50,06-08-2026 09:00
MED0079,LOC0179,WH-R-006,B00791488,79,01-09-2026,75,06-08-2026 09:00
MED0040,LOC0179,WH-R-006,B00401589,660,10-02-2027,20,06-08-2026 09:00
MED0020,LOC0179,WH-R-006,B00201629,465,28-01-2028,50,06-08-2026 09:00
MED0003,LOC0179,WH-R-006,B00031778,1,23-09-2027,50,06-08-2026 09:00
MED0012,LOC0179,WH-R-006,B00121842,233,06-07-2028,50,06-08-2026 09:00
MED0071,LOC0179,WH-R-006,B00711998,776,08-08-2026,50,06-08-2026 09:00
MED0035,LOC0179,WH-R-006,B00352036,17,17-08-2026,50,06-08-2026 09:00
MED0033,LOC0179,WH-R-006,B00332173,48,30-05-2028,20,06-08-2026 09:00
MED0042,LOC0179,WH-R-006,B00422234,0,04-10-2028,30,06-08-2026 09:00
MED0058,LOC0179,WH-R-006,B00582391,0,28-05-2026,100,06-08-2026 09:00
MED0051,LOC0179,WH-R-006,B00512428,763,06-12-2027,30,06-08-2026 09:00
MED0049,LOC0179,WH-R-006,B00492557,697,30-10-2028,20,06-08-2026 09:00
MED0011,LOC0179,WH-R-006,B00112674,742,04-04-2027,50,06-08-2026 09:00
MED0054,LOC0179,WH-R-006,B00542766,380,23-10-2027,50,06-08-2026 09:00
MED0086,LOC0179,WH-R-006,B00862884,234,12-07-2028,100,06-08-2026 09:00
MED0023,LOC0179,WH-R-006,B00232920,30,29-10-2027,50,06-08-2026 09:00
MED0111,LOC0179,WH-R-006,B01113066,361,17-05-2028,100,06-08-2026 09:00
MED0047,LOC0179,WH-R-006,B00473196,542,19-11-2026,100,06-08-2026 09:00
MED0007,LOC0179,WH-R-006,B00073241,184,08-04-2028,100,06-08-2026 09:00
MED0088,LOC0179,WH-R-006,B00883381,203,18-07-2026,100,06-08-2026 09:00
MED0037,LOC0179,WH-R-006,B00373497,370,28-06-2028,100,06-08-2026 09:00
MED0009,LOC0179,WH-R-006,B00093512,774,12-10-2028,100,06-08-2026 09:00
MED0002,LOC0179,WH-R-006,B00023695,349,14-04-2027,75,06-08-2026 09:00
MED0028,LOC0179,WH-R-006,B00283736,386,07-11-2026,50,06-08-2026 09:00
MED0010,LOC0179,WH-R-006,B00103867,547,06-04-2028,30,06-08-2026 09:00
MED0069,LOC0179,WH-R-006,B00693980,336,13-09-2026,50,06-08-2026 09:00
MED0100,LOC0179,WH-R-006,B01004026,35,12-09-2028,20,06-08-2026 09:00
MED0080,LOC0179,WH-R-006,B00804146,599,20-02-2028,20,06-08-2026 09:00
MED0063,LOC0179,WH-R-006,B00634278,647,27-07-2027,30,06-08-2026 09:00
MED0032,LOC0179,WH-R-006,B00324315,506,24-04-2027,50,06-08-2026 09:00
MED0024,LOC0179,WH-R-006,B00244444,261,09-01-2029,30,06-08-2026 09:00
MED0053,LOC0179,WH-R-006,B00534571,241,13-06-2028,20,06-08-2026 09:00
MED0048,LOC0179,WH-R-006,B00484610,668,22-09-2028,20,06-08-2026 09:00
MED0018,LOC0179,WH-R-006,B00184760,2237,18-12-2028,20,06-08-2026 09:00
MED0078,LOC0179,WH-R-006,B00784819,625,29-08-2028,75,06-08-2026 09:00
MED0113,LOC0179,WH-R-006,B01134965,645,12-03-2027,75,06-08-2026 09:00
MED0055,LOC0179,WH-R-006,B00555094,795,03-01-2028,20,06-08-2026 09:00
MED0076,LOC0179,WH-R-006,B00765198,67,18-03-2028,75,06-08-2026 09:00
MED0045,LOC0179,WH-R-006,B00455256,187,08-01-2028,100,06-08-2026 09:00
MED0092,LOC0179,WH-R-006,B00925323,724,03-06-2026,30,06-08-2026 09:00
MED0002,LOC0180,WH-R-007,B00020142,307,30-11-2028,30,06-08-2026 09:00
MED0084,LOC0180,WH-R-007,B00840260,39,21-01-2029,50,06-08-2026 09:00
MED0001,LOC0180,WH-R-007,B00010377,659,11-02-2028,20,06-08-2026 09:00
MED0010,LOC0180,WH-R-007,B00100479,168,14-08-2026,100,06-08-2026 09:00
MED0095,LOC0180,WH-R-007,B00950513,0,18-07-2028,20,06-08-2026 09:00
MED0050,LOC0180,WH-R-007,B00500615,482,02-05-2028,100,06-08-2026 09:00
MED0011,LOC0180,WH-R-007,B00110760,467,29-08-2026,20,06-08-2026 09:00
MED0082,LOC0180,WH-R-007,B00820879,694,08-10-2027,50,06-08-2026 09:00
MED0068,LOC0180,WH-R-007,B00680938,373,25-11-2026,50,06-08-2026 09:00
MED0029,LOC0180,WH-R-007,B00291091,472,27-09-2027,30,06-08-2026 09:00
MED0023,LOC0180,WH-R-007,B00231120,286,13-07-2028,100,06-08-2026 09:00
MED0012,LOC0180,WH-R-007,B00121284,779,29-07-2028,20,06-08-2026 09:00
MED0043,LOC0180,WH-R-007,B00431361,494,09-05-2028,30,06-08-2026 09:00
MED0021,LOC0180,WH-R-007,B00211446,789,04-08-2026,50,06-08-2026 09:00
MED0073,LOC0180,WH-R-007,B00731513,198,09-06-2027,50,06-08-2026 09:00
MED0006,LOC0180,WH-R-007,B00061669,557,18-01-2029,50,06-08-2026 09:00
MED0008,LOC0180,WH-R-007,B00081769,0,30-12-2028,20,06-08-2026 09:00
MED0064,LOC0180,WH-R-007,B00641888,457,29-10-2028,50,06-08-2026 09:00
MED0038,LOC0180,WH-R-007,B00381936,728,03-09-2026,75,06-08-2026 09:00
MED0009,LOC0180,WH-R-007,B00092028,2330,30-09-2026,100,06-08-2026 09:00
MED0109,LOC0180,WH-R-007,B01092174,0,27-10-2027,30,06-08-2026 09:00
MED0049,LOC0180,WH-R-007,B00492297,2717,22-06-2027,30,06-08-2026 09:00
MED0092,LOC0180,WH-R-007,B00922343,557,28-12-2026,30,06-08-2026 09:00
MED0090,LOC0180,WH-R-007,B00902478,652,17-11-2026,100,06-08-2026 09:00
MED0035,LOC0180,WH-R-007,B00352557,711,17-08-2026,100,06-08-2026 09:00
MED0027,LOC0180,WH-R-007,B00272617,0,29-06-2027,100,06-08-2026 09:00
MED0005,LOC0180,WH-R-007,B00052771,697,22-02-2028,75,06-08-2026 09:00
MED0071,LOC0180,WH-R-007,B00712861,2546,23-10-2028,30,06-08-2026 09:00
MED0093,LOC0180,WH-R-007,B00932994,4312,09-02-2027,100,06-08-2026 09:00
MED0004,LOC0180,WH-R-007,B00043026,439,15-11-2027,75,06-08-2026 09:00
MED0096,LOC0180,WH-R-007,B00963167,428,03-09-2028,20,06-08-2026 09:00
MED0019,LOC0180,WH-R-007,B00193278,3851,13-12-2027,20,06-08-2026 09:00
MED0072,LOC0180,WH-R-007,B00723349,443,28-11-2028,75,06-08-2026 09:00
MED0031,LOC0180,WH-R-007,B00313449,240,17-07-2028,20,06-08-2026 09:00
MED0013,LOC0180,WH-R-007,B00133547,343,24-02-2028,75,06-08-2026 09:00
MED0051,LOC0180,WH-R-007,B00513678,325,27-11-2027,30,06-08-2026 09:00
MED0063,LOC0180,WH-R-007,B00633771,655,07-11-2028,100,06-08-2026 09:00
MED0088,LOC0181,WH-R-008,B00880153,499,07-04-2027,20,06-08-2026 09:00
MED0107,LOC0181,WH-R-008,B01070292,718,16-09-2026,100,06-08-2026 09:00
MED0074,LOC0181,WH-R-008,B00740339,352,09-08-2028,100,06-08-2026 09:00
MED0048,LOC0181,WH-R-008,B00480460,517,05-02-2027,30,06-08-2026 09:00
MED0012,LOC0181,WH-R-008,B00120512,699,03-10-2028,30,06-08-2026 09:00
MED0050,LOC0181,WH-R-008,B00500651,752,01-02-2027,75,06-08-2026 09:00
MED0081,LOC0181,WH-R-008,B00810713,677,20-05-2027,75,06-08-2026 09:00
MED0109,LOC0181,WH-R-008,B01090876,359,19-08-2028,100,06-08-2026 09:00
MED0005,LOC0181,WH-R-008,B00050936,204,07-06-2028,30,06-08-2026 09:00
MED0029,LOC0181,WH-R-008,B00291076,445,13-10-2028,75,06-08-2026 09:00
MED0093,LOC0181,WH-R-008,B00931146,644,16-07-2027,75,06-08-2026 09:00
MED0021,LOC0181,WH-R-008,B00211264,718,24-10-2028,75,06-08-2026 09:00
MED0086,LOC0181,WH-R-008,B00861347,96,20-03-2028,75,06-08-2026 09:00
MED0084,LOC0181,WH-R-008,B00841448,0,29-03-2028,30,06-08-2026 09:00
MED0032,LOC0181,WH-R-008,B00321540,205,09-09-2026,30,06-08-2026 09:00
MED0085,LOC0181,WH-R-008,B00851632,24,18-08-2028,50,06-08-2026 09:00
MED0062,LOC0181,WH-R-008,B00621781,106,25-04-2027,100,06-08-2026 09:00
MED0095,LOC0181,WH-R-008,B00951877,0,02-08-2027,100,06-08-2026 09:00
MED0004,LOC0181,WH-R-008,B00041938,448,02-06-2027,30,06-08-2026 09:00
MED0013,LOC0181,WH-R-008,B00132026,191,10-02-2027,20,06-08-2026 09:00
MED0034,LOC0181,WH-R-008,B00342144,402,20-06-2027,100,06-08-2026 09:00
MED0087,LOC0181,WH-R-008,B00872242,106,03-12-2028,20,06-08-2026 09:00
MED0003,LOC0181,WH-R-008,B00032333,478,05-11-2028,50,06-08-2026 09:00
MED0079,LOC0181,WH-R-008,B00792424,625,09-10-2027,30,06-08-2026 09:00
MED0046,LOC0181,WH-R-008,B00462569,68,16-01-2027,75,06-08-2026 09:00
MED0083,LOC0181,WH-R-008,B00832680,704,09-08-2028,20,06-08-2026 09:00
MED0008,LOC0181,WH-R-008,B00082790,657,01-11-2028,50,06-08-2026 09:00
MED0104,LOC0181,WH-R-008,B01042843,0,15-04-2026,50,06-08-2026 09:00
MED0057,LOC0181,WH-R-008,B00572949,44,07-01-2028,50,06-08-2026 09:00
MED0089,LOC0181,WH-R-008,B00893095,305,10-09-2026,100,06-08-2026 09:00
MED0010,LOC0181,WH-R-008,B00103178,3868,25-03-2028,30,06-08-2026 09:00
MED0045,LOC0181,WH-R-008,B00453291,621,03-05-2027,30,06-08-2026 09:00
MED0097,LOC0181,WH-R-008,B00973379,371,28-09-2026,30,06-08-2026 09:00
MED0080,LOC0181,WH-R-008,B00803441,2063,12-11-2027,100,06-08-2026 09:00
MED0091,LOC0181,WH-R-008,B00913549,3736,31-10-2027,50,06-08-2026 09:00
MED0049,LOC0181,WH-R-008,B00493684,3073,17-09-2026,75,06-08-2026 09:00
MED0105,LOC0181,WH-R-008,B01053769,0,19-09-2026,20,06-08-2026 09:00
MED0019,LOC0181,WH-R-008,B00193890,676,24-01-2027,30,06-08-2026 09:00
MED0078,LOC0181,WH-R-008,B00783950,518,02-07-2027,30,06-08-2026 09:00
MED0033,LOC0182,WH-R-009,B00330126,655,10-02-2028,30,06-08-2026 09:00
MED0037,LOC0182,WH-R-009,B00370259,0,20-05-2028,100,06-08-2026 09:00
MED0072,LOC0182,WH-R-009,B00720380,423,02-08-2026,50,06-08-2026 09:00
MED0091,LOC0182,WH-R-009,B00910477,556,06-07-2026,20,06-08-2026 09:00
MED0002,LOC0182,WH-R-009,B00020510,7,04-11-2026,100,06-08-2026 09:00
MED0087,LOC0182,WH-R-009,B00870660,467,16-05-2028,50,06-08-2026 09:00
MED0013,LOC0182,WH-R-009,B00130793,644,14-11-2028,100,06-08-2026 09:00
MED0018,LOC0182,WH-R-009,B00180811,0,18-05-2027,30,06-08-2026 09:00
MED0059,LOC0182,WH-R-009,B00590964,4221,24-09-2026,75,06-08-2026 09:00
MED0061,LOC0182,WH-R-009,B00611085,170,28-10-2028,100,06-08-2026 09:00
MED0010,LOC0182,WH-R-009,B00101156,663,27-02-2027,75,06-08-2026 09:00
MED0107,LOC0182,WH-R-009,B01071281,4854,13-09-2026,50,06-08-2026 09:00
MED0057,LOC0182,WH-R-009,B00571368,797,13-03-2027,20,06-08-2026 09:00
MED0063,LOC0182,WH-R-009,B00631486,170,15-10-2028,30,06-08-2026 09:00
MED0090,LOC0182,WH-R-009,B00901537,158,27-12-2027,50,06-08-2026 09:00
MED0014,LOC0182,WH-R-009,B00141659,243,24-04-2027,50,06-08-2026 09:00
MED0042,LOC0182,WH-R-009,B00421772,789,10-05-2028,30,06-08-2026 09:00
MED0050,LOC0182,WH-R-009,B00501888,359,28-12-2026,50,06-08-2026 09:00
MED0083,LOC0182,WH-R-009,B00831956,764,07-07-2027,30,06-08-2026 09:00
MED0065,LOC0182,WH-R-009,B00652075,516,05-04-2027,50,06-08-2026 09:00
MED0044,LOC0182,WH-R-009,B00442187,670,15-04-2028,30,06-08-2026 09:00
MED0025,LOC0182,WH-R-009,B00252254,83,01-12-2026,20,06-08-2026 09:00
MED0078,LOC0182,WH-R-009,B00782312,568,04-06-2027,50,06-08-2026 09:00
MED0001,LOC0182,WH-R-009,B00012486,88,25-06-2028,30,06-08-2026 09:00
MED0076,LOC0182,WH-R-009,B00762548,692,20-07-2028,20,06-08-2026 09:00
MED0108,LOC0182,WH-R-009,B01082630,579,08-09-2028,20,06-08-2026 09:00
MED0088,LOC0182,WH-R-009,B00882788,610,07-04-2028,20,06-08-2026 09:00
MED0058,LOC0182,WH-R-009,B00582819,269,25-01-2027,20,06-08-2026 09:00
MED0113,LOC0182,WH-R-009,B01132975,123,18-04-2027,100,06-08-2026 09:00
MED0035,LOC0182,WH-R-009,B00353071,528,29-11-2028,50,06-08-2026 09:00
MED0101,LOC0182,WH-R-009,B01013132,43,16-06-2028,50,06-08-2026 09:00
MED0073,LOC0182,WH-R-009,B00733254,798,16-12-2027,75,06-08-2026 09:00
MED0114,LOC0182,WH-R-009,B01143317,505,25-11-2026,100,06-08-2026 09:00
MED0110,LOC0182,WH-R-009,B01103420,23,25-11-2026,100,06-08-2026 09:00
MED0068,LOC0182,WH-R-009,B00683594,292,23-12-2028,100,06-08-2026 09:00
MED0111,LOC0182,WH-R-009,B01113688,702,04-10-2026,50,06-08-2026 09:00
MED0093,LOC0182,WH-R-009,B00933763,714,16-08-2028,30,06-08-2026 09:00
MED0004,LOC0182,WH-R-009,B00043864,0,05-08-2027,100,06-08-2026 09:00
MED0069,LOC0182,WH-R-009,B00693993,1,20-09-2026,100,06-08-2026 09:00
MED0021,LOC0182,WH-R-009,B00214044,2864,09-04-2027,100,06-08-2026 09:00
MED0022,LOC0182,WH-R-009,B00224171,661,23-08-2027,30,06-08-2026 09:00
MED0096,LOC0182,WH-R-009,B00964224,0,23-10-2027,20,06-08-2026 09:00
MED0006,LOC0182,WH-R-009,B00064327,402,06-02-2028,100,06-08-2026 09:00
MED0052,LOC0182,WH-R-009,B00524456,799,01-08-2028,50,06-08-2026 09:00
MED0034,LOC0182,WH-R-009,B00344571,163,02-05-2028,75,06-08-2026 09:00
MED0089,LOC0182,WH-R-009,B00894697,395,29-12-2026,75,06-08-2026 09:00
MED0097,LOC0182,WH-R-009,B00974787,450,10-09-2026,100,06-08-2026 09:00
MED0098,LOC0182,WH-R-009,B00984817,96,24-09-2028,20,06-08-2026 09:00
MED0038,LOC0182,WH-R-009,B00384968,427,21-08-2028,20,06-08-2026 09:00
MED0005,LOC0182,WH-R-009,B00055043,691,07-08-2026,50,06-08-2026 09:00
MED0020,LOC0182,WH-R-009,B00205111,0,22-05-2027,30,06-08-2026 09:00
MED0045,LOC0182,WH-R-009,B00455268,577,22-10-2027,50,06-08-2026 09:00
MED0086,LOC0182,WH-R-009,B00865393,795,25-05-2028,30,06-08-2026 09:00
MED0016,LOC0182,WH-R-009,B00165456,491,07-02-2028,30,06-08-2026 09:00
MED0030,LOC0182,WH-R-009,B00305551,339,27-05-2028,50,06-08-2026 09:00
MED0027,LOC0182,WH-R-009,B00275659,368,18-04-2026,75,06-08-2026 09:00
MED0017,LOC0182,WH-R-009,B00175794,512,24-04-2027,50,06-08-2026 09:00
MED0075,LOC0182,WH-R-009,B00755815,522,21-06-2027,75,06-08-2026 09:00
MED0007,LOC0183,WH-R-010,B00070137,336,03-12-2027,50,06-08-2026 09:00
MED0023,LOC0183,WH-R-010,B00230293,437,12-10-2027,30,06-08-2026 09:00
MED0044,LOC0183,WH-R-010,B00440392,535,01-09-2026,20,06-08-2026 09:00
MED0046,LOC0183,WH-R-010,B00460493,660,11-11-2027,20,06-08-2026 09:00
MED0034,LOC0183,WH-R-010,B00340583,577,05-05-2027,100,06-08-2026 09:00
MED0052,LOC0183,WH-R-010,B00520629,681,28-08-2028,100,06-08-2026 09:00
MED0083,LOC0183,WH-R-010,B00830721,4735,20-02-2028,50,06-08-2026 09:00
MED0110,LOC0183,WH-R-010,B01100866,110,25-11-2027,20,06-08-2026 09:00
MED0112,LOC0183,WH-R-010,B01120979,198,01-08-2027,75,06-08-2026 09:00
MED0032,LOC0183,WH-R-010,B00321029,607,14-07-2028,100,06-08-2026 09:00
MED0031,LOC0183,WH-R-010,B00311183,3057,03-01-2028,75,06-08-2026 09:00
MED0037,LOC0183,WH-R-010,B00371249,618,16-08-2028,50,06-08-2026 09:00
MED0057,LOC0183,WH-R-010,B00571374,529,09-06-2027,75,06-08-2026 09:00
MED0080,LOC0183,WH-R-010,B00801477,4588,21-10-2028,75,06-08-2026 09:00
MED0066,LOC0183,WH-R-010,B00661550,392,17-11-2028,75,06-08-2026 09:00
MED0045,LOC0183,WH-R-010,B00451689,552,26-01-2027,100,06-08-2026 09:00
MED0018,LOC0183,WH-R-010,B00181767,166,14-10-2028,75,06-08-2026 09:00
MED0075,LOC0183,WH-R-010,B00751834,655,28-09-2027,100,06-08-2026 09:00
MED0107,LOC0183,WH-R-010,B01071999,3719,16-05-2026,20,06-08-2026 09:00
MED0082,LOC0183,WH-R-010,B00822048,143,01-05-2028,75,06-08-2026 09:00
MED0081,LOC0183,WH-R-010,B00812164,550,30-01-2028,50,06-08-2026 09:00
MED0100,LOC0183,WH-R-010,B01002291,578,08-02-2027,100,06-08-2026 09:00
MED0103,LOC0183,WH-R-010,B01032376,92,25-03-2028,30,06-08-2026 09:00
MED0092,LOC0183,WH-R-010,B00922498,214,09-09-2026,30,06-08-2026 09:00
MED0059,LOC0183,WH-R-010,B00592540,314,23-09-2026,30,06-08-2026 09:00
MED0001,LOC0183,WH-R-010,B00012657,734,03-05-2027,50,06-08-2026 09:00
MED0091,LOC0183,WH-R-010,B00912754,0,26-08-2027,100,06-08-2026 09:00
MED0016,LOC0183,WH-R-010,B00162859,79,27-12-2028,50,06-08-2026 09:00
MED0104,LOC0184,WH-R-011,B01040110,212,03-01-2028,50,06-08-2026 09:00
MED0090,LOC0184,WH-R-011,B00900241,765,05-06-2027,30,06-08-2026 09:00
MED0060,LOC0184,WH-R-011,B00600332,75,18-08-2028,50,06-08-2026 09:00
MED0035,LOC0184,WH-R-011,B00350431,679,12-12-2026,100,06-08-2026 09:00
MED0099,LOC0184,WH-R-011,B00990544,368,02-02-2027,50,06-08-2026 09:00
MED0027,LOC0184,WH-R-011,B00270635,97,30-08-2028,30,06-08-2026 09:00
MED0043,LOC0184,WH-R-011,B00430749,374,18-02-2026,75,06-08-2026 09:00
MED0014,LOC0184,WH-R-011,B00140828,397,02-10-2026,100,06-08-2026 09:00
MED0101,LOC0184,WH-R-011,B01010942,670,25-04-2027,30,06-08-2026 09:00
MED0037,LOC0184,WH-R-011,B00371015,741,04-07-2027,20,06-08-2026 09:00
MED0077,LOC0184,WH-R-011,B00771112,118,23-07-2028,75,06-08-2026 09:00
MED0017,LOC0184,WH-R-011,B00171227,671,14-07-2028,20,06-08-2026 09:00
MED0066,LOC0184,WH-R-011,B00661316,649,05-08-2027,75,06-08-2026 09:00
MED0053,LOC0184,WH-R-011,B00531495,770,01-06-2028,100,06-08-2026 09:00
MED0026,LOC0184,WH-R-011,B00261540,374,20-12-2027,30,06-08-2026 09:00
MED0018,LOC0184,WH-R-011,B00181629,568,25-09-2026,100,06-08-2026 09:00
MED0064,LOC0184,WH-R-011,B00641766,214,08-01-2029,100,06-08-2026 09:00
MED0113,LOC0184,WH-R-011,B01131815,398,17-12-2026,50,06-08-2026 09:00
MED0008,LOC0184,WH-R-011,B00081935,500,05-06-2027,50,06-08-2026 09:00
MED0020,LOC0184,WH-R-011,B00202026,0,25-11-2028,100,06-08-2026 09:00
MED0109,LOC0184,WH-R-011,B01092111,0,26-08-2027,75,06-08-2026 09:00
MED0013,LOC0184,WH-R-011,B00132250,379,11-04-2026,50,06-08-2026 09:00
MED0112,LOC0184,WH-R-011,B01122351,695,25-10-2027,20,06-08-2026 09:00
MED0033,LOC0184,WH-R-011,B00332414,626,08-12-2028,100,06-08-2026 09:00
MED0082,LOC0184,WH-R-011,B00822527,406,26-03-2028,75,06-08-2026 09:00
MED0005,LOC0184,WH-R-011,B00052640,296,20-07-2027,30,06-08-2026 09:00
MED0103,LOC0184,WH-R-011,B01032723,2979,13-06-2028,20,06-08-2026 09:00
MED0068,LOC0184,WH-R-011,B00682841,577,15-02-2027,20,06-08-2026 09:00
MED0010,LOC0184,WH-R-011,B00102995,348,23-12-2028,75,06-08-2026 09:00
MED0006,LOC0184,WH-R-011,B00063029,735,10-08-2026,20,06-08-2026 09:00
MED0049,LOC0184,WH-R-011,B00493130,136,13-06-2027,100,06-08-2026 09:00
MED0001,LOC0184,WH-R-011,B00013226,778,07-08-2026,100,06-08-2026 09:00
MED0081,LOC0184,WH-R-011,B00813386,305,23-08-2026,50,06-08-2026 09:00
MED0063,LOC0184,WH-R-011,B00633498,245,07-06-2026,30,06-08-2026 09:00
MED0050,LOC0184,WH-R-011,B00503534,57,12-07-2026,30,06-08-2026 09:00
MED0030,LOC0184,WH-R-011,B00303696,618,09-09-2028,30,06-08-2026 09:00
MED0034,LOC0185,WH-R-012,B00340145,371,13-01-2027,75,06-08-2026 09:00
MED0085,LOC0185,WH-R-012,B00850286,0,14-12-2026,20,06-08-2026 09:00
MED0031,LOC0185,WH-R-012,B00310372,243,15-03-2027,20,06-08-2026 09:00
MED0043,LOC0185,WH-R-012,B00430470,738,11-01-2028,30,06-08-2026 09:00
MED0008,LOC0185,WH-R-012,B00080535,501,11-01-2029,30,06-08-2026 09:00
MED0083,LOC0185,WH-R-012,B00830695,149,08-07-2028,75,06-08-2026 09:00
MED0076,LOC0185,WH-R-012,B00760735,724,12-02-2028,100,06-08-2026 09:00
MED0063,LOC0185,WH-R-012,B00630874,186,21-05-2027,100,06-08-2026 09:00
MED0073,LOC0185,WH-R-012,B00730931,3770,16-04-2027,30,06-08-2026 09:00
MED0013,LOC0185,WH-R-012,B00131076,542,24-05-2027,30,06-08-2026 09:00
MED0092,LOC0185,WH-R-012,B00921137,333,20-04-2027,20,06-08-2026 09:00
MED0030,LOC0185,WH-R-012,B00301297,28,14-03-2028,50,06-08-2026 09:00
MED0111,LOC0185,WH-R-012,B01111397,722,17-12-2026,20,06-08-2026 09:00
MED0103,LOC0185,WH-R-012,B01031453,306,26-08-2026,20,06-08-2026 09:00
MED0098,LOC0185,WH-R-012,B00981559,158,17-11-2027,30,06-08-2026 09:00
MED0021,LOC0185,WH-R-012,B00211682,534,25-08-2028,75,06-08-2026 09:00
MED0078,LOC0185,WH-R-012,B00781792,232,18-10-2028,30,06-08-2026 09:00
MED0042,LOC0185,WH-R-012,B00421898,0,13-04-2027,50,06-08-2026 09:00
MED0049,LOC0185,WH-R-012,B00491945,201,17-02-2028,100,06-08-2026 09:00
MED0015,LOC0185,WH-R-012,B00152039,201,23-05-2028,20,06-08-2026 09:00
MED0082,LOC0185,WH-R-012,B00822156,457,22-06-2028,30,06-08-2026 09:00
MED0107,LOC0185,WH-R-012,B01072214,4496,04-06-2026,100,06-08-2026 09:00
MED0053,LOC0185,WH-R-012,B00532356,274,11-03-2028,100,06-08-2026 09:00
MED0024,LOC0185,WH-R-012,B00242454,520,12-05-2027,100,06-08-2026 09:00
MED0108,LOC0185,WH-R-012,B01082534,2745,01-10-2028,75,06-08-2026 09:00
MED0036,LOC0185,WH-R-012,B00362618,0,20-04-2026,20,06-08-2026 09:00
MED0067,LOC0185,WH-R-012,B00672760,310,05-09-2027,100,06-08-2026 09:00
MED0089,LOC0185,WH-R-012,B00892831,736,28-10-2027,75,06-08-2026 09:00
MED0104,LOC0185,WH-R-012,B01042992,4243,14-11-2027,100,06-08-2026 09:00
MED0093,LOC0185,WH-R-012,B00933058,42,01-01-2029,75,06-08-2026 09:00
MED0096,LOC0185,WH-R-012,B00963110,2570,10-09-2028,100,06-08-2026 09:00
MED0037,LOC0185,WH-R-012,B00373291,133,16-11-2027,30,06-08-2026 09:00
MED0110,LOC0185,WH-R-012,B01103395,105,06-12-2028,50,06-08-2026 09:00
MED0069,LOC0185,WH-R-012,B00693432,376,29-12-2027,20,06-08-2026 09:00
MED0077,LOC0185,WH-R-012,B00773567,146,26-12-2027,50,06-08-2026 09:00
MED0083,LOC0186,WH-S-001,B00830119,754,17-11-2028,20,06-08-2026 09:00
MED0065,LOC0186,WH-S-001,B00650261,372,01-01-2029,30,06-08-2026 09:00
MED0004,LOC0186,WH-S-001,B00040317,288,21-02-2028,50,06-08-2026 09:00
MED0101,LOC0186,WH-S-001,B01010446,641,28-08-2027,75,06-08-2026 09:00
MED0114,LOC0186,WH-S-001,B01140514,642,30-06-2027,30,06-08-2026 09:00
MED0073,LOC0186,WH-S-001,B00730620,754,24-03-2026,75,06-08-2026 09:00
MED0106,LOC0186,WH-S-001,B01060747,750,02-07-2026,20,06-08-2026 09:00
MED0034,LOC0186,WH-S-001,B00340891,9,16-07-2028,50,06-08-2026 09:00
MED0007,LOC0186,WH-S-001,B00070971,107,08-09-2026,50,06-08-2026 09:00
MED0095,LOC0186,WH-S-001,B00951042,668,26-05-2026,50,06-08-2026 09:00
MED0041,LOC0186,WH-S-001,B00411117,2223,09-01-2029,100,06-08-2026 09:00
MED0109,LOC0186,WH-S-001,B01091247,196,22-11-2028,75,06-08-2026 09:00
MED0052,LOC0186,WH-S-001,B00521336,31,11-07-2028,100,06-08-2026 09:00
MED0039,LOC0186,WH-S-001,B00391420,424,02-08-2027,20,06-08-2026 09:00
MED0062,LOC0186,WH-S-001,B00621597,3877,27-05-2026,30,06-08-2026 09:00
MED0005,LOC0186,WH-S-001,B00051637,3425,13-11-2026,30,06-08-2026 09:00
MED0032,LOC0186,WH-S-001,B00321750,534,19-05-2028,20,06-08-2026 09:00
MED0026,LOC0186,WH-S-001,B00261855,15,02-02-2028,20,06-08-2026 09:00
MED0055,LOC0186,WH-S-001,B00551919,271,23-10-2027,20,06-08-2026 09:00
MED0035,LOC0186,WH-S-001,B00352026,580,03-08-2027,50,06-08-2026 09:00
MED0022,LOC0186,WH-S-001,B00222139,701,20-10-2027,75,06-08-2026 09:00
MED0037,LOC0186,WH-S-001,B00372225,107,09-03-2027,100,06-08-2026 09:00
MED0042,LOC0186,WH-S-001,B00422370,444,15-11-2028,20,06-08-2026 09:00
MED0097,LOC0186,WH-S-001,B00972443,769,20-05-2027,20,06-08-2026 09:00
MED0020,LOC0186,WH-S-001,B00202563,0,30-09-2026,20,06-08-2026 09:00
MED0112,LOC0186,WH-S-001,B01122673,0,18-10-2028,50,06-08-2026 09:00
MED0056,LOC0186,WH-S-001,B00562714,356,19-10-2028,30,06-08-2026 09:00
MED0104,LOC0186,WH-S-001,B01042866,76,11-11-2026,75,06-08-2026 09:00
MED0105,LOC0186,WH-S-001,B01052951,32,13-09-2027,30,06-08-2026 09:00
MED0029,LOC0186,WH-S-001,B00293014,20,25-01-2028,30,06-08-2026 09:00
MED0018,LOC0186,WH-S-001,B00183139,607,25-09-2026,100,06-08-2026 09:00
MED0053,LOC0186,WH-S-001,B00533293,101,22-06-2028,30,06-08-2026 09:00
MED0082,LOC0186,WH-S-001,B00823385,800,01-10-2026,100,06-08-2026 09:00
MED0009,LOC0186,WH-S-001,B00093417,722,03-01-2029,20,06-08-2026 09:00
MED0038,LOC0186,WH-S-001,B00383531,625,01-03-2027,20,06-08-2026 09:00
MED0085,LOC0186,WH-S-001,B00853685,724,26-09-2026,100,06-08-2026 09:00
MED0111,LOC0186,WH-S-001,B01113767,658,20-04-2028,30,06-08-2026 09:00
MED0008,LOC0186,WH-S-001,B00083889,343,25-07-2027,50,06-08-2026 09:00
MED0027,LOC0186,WH-S-001,B00273952,271,05-09-2027,30,06-08-2026 09:00
MED0100,LOC0186,WH-S-001,B01004071,436,30-04-2027,20,06-08-2026 09:00
MED0010,LOC0186,WH-S-001,B00104160,726,05-07-2028,30,06-08-2026 09:00
MED0045,LOC0186,WH-S-001,B00454214,561,12-08-2026,75,06-08-2026 09:00
MED0090,LOC0186,WH-S-001,B00904327,2700,20-11-2028,50,06-08-2026 09:00
MED0086,LOC0186,WH-S-001,B00864464,277,26-11-2028,75,06-08-2026 09:00
MED0025,LOC0186,WH-S-001,B00254559,632,13-09-2028,75,06-08-2026 09:00
MED0016,LOC0186,WH-S-001,B00164675,68,05-08-2026,75,06-08-2026 09:00
MED0006,LOC0186,WH-S-001,B00064791,55,20-06-2027,30,06-08-2026 09:00
MED0081,LOC0186,WH-S-001,B00814834,4845,16-06-2027,50,06-08-2026 09:00
MED0043,LOC0186,WH-S-001,B00434981,465,30-12-2026,20,06-08-2026 09:00
MED0110,LOC0186,WH-S-001,B01105059,442,31-10-2028,30,06-08-2026 09:00
MED0098,LOC0186,WH-S-001,B00985185,0,07-04-2027,30,06-08-2026 09:00
MED0094,LOC0187,WH-S-002,B00940177,733,24-11-2026,75,06-08-2026 09:00
MED0015,LOC0187,WH-S-002,B00150296,347,23-12-2026,20,06-08-2026 09:00
MED0087,LOC0187,WH-S-002,B00870390,0,04-01-2028,100,06-08-2026 09:00
MED0018,LOC0187,WH-S-002,B00180474,49,30-06-2028,100,06-08-2026 09:00
MED0049,LOC0187,WH-S-002,B00490549,379,02-09-2027,20,06-08-2026 09:00
MED0083,LOC0187,WH-S-002,B00830626,766,12-01-2027,20,06-08-2026 09:00
MED0108,LOC0187,WH-S-002,B01080711,67,19-11-2027,50,06-08-2026 09:00
MED0052,LOC0187,WH-S-002,B00520815,769,20-07-2028,30,06-08-2026 09:00
MED0008,LOC0187,WH-S-002,B00080974,595,16-09-2026,75,06-08-2026 09:00
MED0088,LOC0187,WH-S-002,B00881036,317,06-05-2028,20,06-08-2026 09:00
MED0072,LOC0187,WH-S-002,B00721127,269,04-07-2027,75,06-08-2026 09:00
MED0054,LOC0187,WH-S-002,B00541221,285,16-10-2028,20,06-08-2026 09:00
MED0076,LOC0187,WH-S-002,B00761312,445,19-11-2027,20,06-08-2026 09:00
MED0055,LOC0187,WH-S-002,B00551423,505,26-05-2027,20,06-08-2026 09:00
MED0100,LOC0187,WH-S-002,B01001526,362,14-09-2028,50,06-08-2026 09:00
MED0113,LOC0187,WH-S-002,B01131681,53,15-07-2027,30,06-08-2026 09:00
MED0012,LOC0187,WH-S-002,B00121717,0,23-06-2028,75,06-08-2026 09:00
MED0003,LOC0187,WH-S-002,B00031856,298,30-01-2028,30,06-08-2026 09:00
MED0071,LOC0187,WH-S-002,B00711951,376,02-01-2029,75,06-08-2026 09:00
MED0035,LOC0187,WH-S-002,B00352073,254,19-10-2028,20,06-08-2026 09:00
MED0001,LOC0187,WH-S-002,B00012123,139,17-04-2028,50,06-08-2026 09:00
MED0112,LOC0187,WH-S-002,B01122213,0,23-12-2028,30,06-08-2026 09:00
MED0031,LOC0187,WH-S-002,B00312310,91,02-03-2027,30,06-08-2026 09:00
MED0080,LOC0187,WH-S-002,B00802442,5,07-07-2027,30,06-08-2026 09:00
MED0004,LOC0187,WH-S-002,B00042588,414,11-02-2026,20,06-08-2026 09:00
MED0073,LOC0187,WH-S-002,B00732678,355,19-04-2028,20,06-08-2026 09:00
MED0024,LOC0187,WH-S-002,B00242712,3640,02-06-2028,50,06-08-2026 09:00
MED0085,LOC0187,WH-S-002,B00852816,266,09-07-2028,75,06-08-2026 09:00
MED0084,LOC0187,WH-S-002,B00842961,604,21-09-2028,50,06-08-2026 09:00
MED0062,LOC0187,WH-S-002,B00623031,662,20-09-2026,20,06-08-2026 09:00
MED0051,LOC0187,WH-S-002,B00513112,454,13-08-2026,75,06-08-2026 09:00
MED0093,LOC0187,WH-S-002,B00933231,663,12-12-2026,50,06-08-2026 09:00
MED0028,LOC0187,WH-S-002,B00283393,0,22-04-2028,75,06-08-2026 09:00
MED0053,LOC0187,WH-S-002,B00533484,422,09-10-2027,50,06-08-2026 09:00
MED0097,LOC0187,WH-S-002,B00973559,724,24-09-2027,30,06-08-2026 09:00
MED0068,LOC0187,WH-S-002,B00683683,410,04-08-2028,100,06-08-2026 09:00
MED0103,LOC0187,WH-S-002,B01033755,684,12-08-2027,30,06-08-2026 09:00
MED0030,LOC0187,WH-S-002,B00303839,64,03-05-2027,30,06-08-2026 09:00
MED0027,LOC0187,WH-S-002,B00273991,451,15-01-2029,100,06-08-2026 09:00
MED0082,LOC0187,WH-S-002,B00824095,229,21-06-2027,50,06-08-2026 09:00
MED0045,LOC0187,WH-S-002,B00454114,386,26-08-2028,75,06-08-2026 09:00
MED0006,LOC0187,WH-S-002,B00064253,63,26-01-2028,100,06-08-2026 09:00
MED0086,LOC0187,WH-S-002,B00864360,479,31-01-2028,30,06-08-2026 09:00
MED0104,LOC0187,WH-S-002,B01044433,4929,23-07-2027,30,06-08-2026 09:00
MED0107,LOC0187,WH-S-002,B01074531,0,03-07-2028,100,06-08-2026 09:00
MED0069,LOC0188,WH-TN-001,B00690159,203,25-11-2027,100,06-08-2026 09:00
MED0102,LOC0188,WH-TN-001,B01020247,535,23-08-2026,100,06-08-2026 09:00
MED0044,LOC0188,WH-TN-001,B00440361,44,21-09-2026,100,06-08-2026 09:00
MED0021,LOC0188,WH-TN-001,B00210438,187,30-10-2028,50,06-08-2026 09:00
MED0109,LOC0188,WH-TN-001,B01090569,206,01-08-2026,20,06-08-2026 09:00
MED0026,LOC0188,WH-TN-001,B00260677,106,29-08-2027,100,06-08-2026 09:00
MED0038,LOC0188,WH-TN-001,B00380775,23,10-08-2026,75,06-08-2026 09:00
MED0052,LOC0188,WH-TN-001,B00520850,244,14-08-2027,30,06-08-2026 09:00
MED0093,LOC0188,WH-TN-001,B00930942,540,17-09-2026,20,06-08-2026 09:00
MED0085,LOC0188,WH-TN-001,B00851073,89,27-05-2027,50,06-08-2026 09:00
MED0011,LOC0188,WH-TN-001,B00111149,311,13-12-2028,100,06-08-2026 09:00
MED0041,LOC0188,WH-TN-001,B00411238,24,15-09-2027,30,06-08-2026 09:00
MED0009,LOC0188,WH-TN-001,B00091355,46,05-07-2028,100,06-08-2026 09:00
MED0111,LOC0188,WH-TN-001,B01111467,56,16-01-2028,20,06-08-2026 09:00
MED0015,LOC0188,WH-TN-001,B00151534,342,15-05-2026,75,06-08-2026 09:00
MED0097,LOC0188,WH-TN-001,B00971617,652,01-12-2027,50,06-08-2026 09:00
MED0055,LOC0188,WH-TN-001,B00551718,463,07-12-2027,30,06-08-2026 09:00
MED0063,LOC0188,WH-TN-001,B00631855,259,29-01-2027,50,06-08-2026 09:00
MED0107,LOC0188,WH-TN-001,B01071950,752,26-07-2028,20,06-08-2026 09:00
MED0095,LOC0188,WH-TN-001,B00952098,65,07-04-2028,75,06-08-2026 09:00
MED0001,LOC0188,WH-TN-001,B00012148,270,04-01-2028,30,06-08-2026 09:00
MED0067,LOC0188,WH-TN-001,B00672267,454,16-10-2028,100,06-08-2026 09:00
MED0078,LOC0188,WH-TN-001,B00782359,485,23-12-2028,50,06-08-2026 09:00
MED0053,LOC0188,WH-TN-001,B00532495,400,01-04-2026,20,06-08-2026 09:00
MED0006,LOC0188,WH-TN-001,B00062517,609,30-11-2026,50,06-08-2026 09:00
MED0012,LOC0188,WH-TN-001,B00122696,602,31-12-2027,20,06-08-2026 09:00
MED0003,LOC0188,WH-TN-001,B00032793,693,10-07-2028,100,06-08-2026 09:00
MED0049,LOC0188,WH-TN-001,B00492881,456,05-08-2028,75,06-08-2026 09:00
MED0098,LOC0188,WH-TN-001,B00982927,391,04-11-2026,75,06-08-2026 09:00
MED0103,LOC0188,WH-TN-001,B01033054,482,20-08-2027,30,06-08-2026 09:00
MED0065,LOC0188,WH-TN-001,B00653126,462,10-11-2026,20,06-08-2026 09:00
MED0080,LOC0188,WH-TN-001,B00803292,167,03-11-2027,100,06-08-2026 09:00
MED0058,LOC0188,WH-TN-001,B00583358,185,17-09-2028,75,06-08-2026 09:00
MED0084,LOC0188,WH-TN-001,B00843442,183,22-12-2028,75,06-08-2026 09:00
MED0101,LOC0188,WH-TN-001,B01013584,264,19-05-2026,50,06-08-2026 09:00
MED0040,LOC0188,WH-TN-001,B00403656,586,06-02-2028,100,06-08-2026 09:00
MED0017,LOC0188,WH-TN-001,B00173790,242,05-09-2027,100,06-08-2026 09:00
MED0048,LOC0188,WH-TN-001,B00483866,50,30-07-2027,30,06-08-2026 09:00
MED0054,LOC0188,WH-TN-001,B00543955,266,16-12-2027,20,06-08-2026 09:00
MED0047,LOC0188,WH-TN-001,B00474011,715,11-09-2028,100,06-08-2026 09:00
MED0071,LOC0188,WH-TN-001,B00714198,746,03-12-2027,20,06-08-2026 09:00
MED0092,LOC0188,WH-TN-001,B00924240,456,30-09-2026,100,06-08-2026 09:00
MED0028,LOC0188,WH-TN-001,B00284376,740,01-10-2026,100,06-08-2026 09:00
MED0043,LOC0188,WH-TN-001,B00434439,3446,17-04-2028,75,06-08-2026 09:00
MED0033,LOC0188,WH-TN-001,B00334513,664,22-06-2027,50,06-08-2026 09:00
MED0090,LOC0188,WH-TN-001,B00904640,634,24-02-2028,30,06-08-2026 09:00
MED0039,LOC0188,WH-TN-001,B00394745,276,03-05-2027,100,06-08-2026 09:00
MED0108,LOC0188,WH-TN-001,B01084810,787,05-05-2028,20,06-08-2026 09:00
MED0112,LOC0188,WH-TN-001,B01124990,527,23-10-2028,50,06-08-2026 09:00
MED0088,LOC0188,WH-TN-001,B00885079,571,21-12-2026,100,06-08-2026 09:00
MED0030,LOC0188,WH-TN-001,B00305172,261,01-05-2027,75,06-08-2026 09:00
MED0057,LOC0188,WH-TN-001,B00575267,476,29-08-2026,30,06-08-2026 09:00
MED0037,LOC0188,WH-TN-001,B00375320,491,06-05-2028,100,06-08-2026 09:00
MED0036,LOC0188,WH-TN-001,B00365430,125,22-12-2027,50,06-08-2026 09:00
MED0110,LOC0188,WH-TN-001,B01105520,216,03-03-2028,20,06-08-2026 09:00
MED0013,LOC0188,WH-TN-001,B00135647,739,07-01-2027,30,06-08-2026 09:00
MED0090,LOC0189,WH-TN-002,B00900119,402,27-11-2028,75,06-08-2026 09:00
MED0082,LOC0189,WH-TN-002,B00820290,3278,09-08-2028,100,06-08-2026 09:00
MED0028,LOC0189,WH-TN-002,B00280364,4023,22-05-2028,30,06-08-2026 09:00
MED0010,LOC0189,WH-TN-002,B00100460,0,16-02-2027,75,06-08-2026 09:00
MED0073,LOC0189,WH-TN-002,B00730555,3096,10-06-2028,75,06-08-2026 09:00
MED0089,LOC0189,WH-TN-002,B00890698,341,18-11-2027,75,06-08-2026 09:00
MED0108,LOC0189,WH-TN-002,B01080774,323,07-07-2028,30,06-08-2026 09:00
MED0016,LOC0189,WH-TN-002,B00160847,26,16-05-2027,20,06-08-2026 09:00
MED0051,LOC0189,WH-TN-002,B00510944,452,19-10-2027,20,06-08-2026 09:00
MED0055,LOC0189,WH-TN-002,B00551022,489,17-12-2028,30,06-08-2026 09:00
MED0054,LOC0189,WH-TN-002,B00541133,322,13-05-2027,20,06-08-2026 09:00
MED0100,LOC0189,WH-TN-002,B01001221,579,02-02-2028,20,06-08-2026 09:00
MED0092,LOC0189,WH-TN-002,B00921368,461,23-01-2028,100,06-08-2026 09:00
MED0107,LOC0189,WH-TN-002,B01071436,683,03-03-2027,75,06-08-2026 09:00
MED0105,LOC0189,WH-TN-002,B01051550,400,04-09-2027,20,06-08-2026 09:00
MED0022,LOC0189,WH-TN-002,B00221630,197,03-09-2027,30,06-08-2026 09:00
MED0040,LOC0189,WH-TN-002,B00401741,8,08-11-2027,50,06-08-2026 09:00
MED0096,LOC0189,WH-TN-002,B00961821,755,02-05-2027,30,06-08-2026 09:00
MED0087,LOC0189,WH-TN-002,B00871961,3381,18-10-2028,20,06-08-2026 09:00
MED0085,LOC0189,WH-TN-002,B00852085,610,13-09-2026,75,06-08-2026 09:00
MED0106,LOC0189,WH-TN-002,B01062167,584,17-12-2028,100,06-08-2026 09:00
MED0080,LOC0189,WH-TN-002,B00802271,0,27-09-2026,75,06-08-2026 09:00
MED0070,LOC0189,WH-TN-002,B00702357,545,12-03-2027,20,06-08-2026 09:00
MED0067,LOC0189,WH-TN-002,B00672437,42,24-08-2026,100,06-08-2026 09:00
MED0074,LOC0189,WH-TN-002,B00742560,397,20-05-2027,50,06-08-2026 09:00
MED0083,LOC0189,WH-TN-002,B00832665,527,27-06-2027,75,06-08-2026 09:00
MED0056,LOC0190,WH-TN-003,B00560134,740,04-04-2028,30,06-08-2026 09:00
MED0031,LOC0190,WH-TN-003,B00310223,610,15-12-2026,100,06-08-2026 09:00
MED0054,LOC0190,WH-TN-003,B00540396,799,11-01-2029,50,06-08-2026 09:00
MED0081,LOC0190,WH-TN-003,B00810420,305,14-01-2028,50,06-08-2026 09:00
MED0110,LOC0190,WH-TN-003,B01100559,770,16-09-2026,75,06-08-2026 09:00
MED0107,LOC0190,WH-TN-003,B01070613,0,17-09-2027,100,06-08-2026 09:00
MED0039,LOC0190,WH-TN-003,B00390744,334,17-10-2028,20,06-08-2026 09:00
MED0086,LOC0190,WH-TN-003,B00860835,81,30-12-2028,75,06-08-2026 09:00
MED0040,LOC0190,WH-TN-003,B00400963,280,08-07-2027,20,06-08-2026 09:00
MED0093,LOC0190,WH-TN-003,B00931023,505,13-05-2027,20,06-08-2026 09:00
MED0106,LOC0190,WH-TN-003,B01061189,3409,10-10-2027,20,06-08-2026 09:00
MED0075,LOC0190,WH-TN-003,B00751286,2335,03-03-2028,100,06-08-2026 09:00
MED0065,LOC0190,WH-TN-003,B00651387,636,22-12-2026,20,06-08-2026 09:00
MED0015,LOC0190,WH-TN-003,B00151463,299,17-09-2026,20,06-08-2026 09:00
MED0004,LOC0190,WH-TN-003,B00041557,582,04-10-2026,50,06-08-2026 09:00
MED0085,LOC0190,WH-TN-003,B00851613,649,16-12-2027,100,06-08-2026 09:00
MED0052,LOC0190,WH-TN-003,B00521711,76,19-04-2028,100,06-08-2026 09:00
MED0025,LOC0190,WH-TN-003,B00251837,348,11-09-2028,20,06-08-2026 09:00
MED0017,LOC0190,WH-TN-003,B00171987,0,07-06-2027,75,06-08-2026 09:00
MED0053,LOC0190,WH-TN-003,B00532073,200,18-07-2028,50,06-08-2026 09:00
MED0058,LOC0190,WH-TN-003,B00582114,2012,01-01-2028,30,06-08-2026 09:00
MED0097,LOC0190,WH-TN-003,B00972213,342,10-08-2028,20,06-08-2026 09:00
MED0073,LOC0190,WH-TN-003,B00732332,789,20-01-2028,50,06-08-2026 09:00
MED0018,LOC0190,WH-TN-003,B00182492,574,01-06-2028,50,06-08-2026 09:00
MED0082,LOC0190,WH-TN-003,B00822573,0,06-07-2028,100,06-08-2026 09:00
MED0100,LOC0190,WH-TN-003,B01002652,282,21-10-2028,20,06-08-2026 09:00
MED0049,LOC0190,WH-TN-003,B00492736,99,09-06-2028,50,06-08-2026 09:00
MED0003,LOC0190,WH-TN-003,B00032891,32,26-12-2028,30,06-08-2026 09:00
MED0036,LOC0190,WH-TN-003,B00362922,688,27-08-2027,75,06-08-2026 09:00
MED0091,LOC0190,WH-TN-003,B00913082,579,26-05-2027,20,06-08-2026 09:00
MED0103,LOC0190,WH-TN-003,B01033184,240,06-01-2029,20,06-08-2026 09:00
MED0038,LOC0190,WH-TN-003,B00383297,787,29-01-2028,20,06-08-2026 09:00
MED0019,LOC0190,WH-TN-003,B00193319,694,11-04-2027,20,06-08-2026 09:00
MED0079,LOC0190,WH-TN-003,B00793477,340,26-11-2027,100,06-08-2026 09:00
MED0111,LOC0190,WH-TN-003,B01113585,193,31-03-2027,20,06-08-2026 09:00
MED0099,LOC0190,WH-TN-003,B00993694,0,27-09-2028,20,06-08-2026 09:00
MED0010,LOC0190,WH-TN-003,B00103779,146,18-01-2029,100,06-08-2026 09:00
MED0012,LOC0190,WH-TN-003,B00123815,204,14-05-2028,50,06-08-2026 09:00
MED0023,LOC0190,WH-TN-003,B00233920,219,03-06-2027,30,06-08-2026 09:00
MED0035,LOC0190,WH-TN-003,B00354081,0,21-01-2029,30,06-08-2026 09:00
MED0094,LOC0190,WH-TN-003,B00944136,704,02-11-2027,75,06-08-2026 09:00
MED0034,LOC0190,WH-TN-003,B00344219,532,21-05-2028,20,06-08-2026 09:00
MED0028,LOC0190,WH-TN-003,B00284398,22,27-10-2027,30,06-08-2026 09:00
MED0044,LOC0190,WH-TN-003,B00444419,14,04-12-2028,20,06-08-2026 09:00
MED0007,LOC0190,WH-TN-003,B00074519,4909,04-12-2027,100,06-08-2026 09:00
MED0114,LOC0190,WH-TN-003,B01144675,2,27-05-2026,75,06-08-2026 09:00
MED0062,LOC0190,WH-TN-003,B00624727,672,30-09-2026,50,06-08-2026 09:00
MED0022,LOC0190,WH-TN-003,B00224884,518,12-11-2026,30,06-08-2026 09:00
MED0008,LOC0190,WH-TN-003,B00084999,169,16-07-2027,50,06-08-2026 09:00
MED0027,LOC0190,WH-TN-003,B00275020,330,19-01-2028,100,06-08-2026 09:00
MED0068,LOC0190,WH-TN-003,B00685198,159,06-11-2028,50,06-08-2026 09:00
MED0009,LOC0190,WH-TN-003,B00095217,62,29-09-2026,100,06-08-2026 09:00
MED0069,LOC0190,WH-TN-003,B00695385,132,16-08-2026,100,06-08-2026 09:00
MED0066,LOC0190,WH-TN-003,B00665449,3766,13-08-2026,50,06-08-2026 09:00
MED0070,LOC0190,WH-TN-003,B00705514,161,24-10-2028,100,06-08-2026 09:00
MED0063,LOC0190,WH-TN-003,B00635696,351,22-03-2027,100,06-08-2026 09:00
MED0002,LOC0190,WH-TN-003,B00025762,134,28-09-2026,75,06-08-2026 09:00
MED0067,LOC0191,WH-TN-004,B00670117,270,23-08-2028,20,06-08-2026 09:00
MED0012,LOC0191,WH-TN-004,B00120283,524,20-11-2028,50,06-08-2026 09:00
MED0090,LOC0191,WH-TN-004,B00900344,628,25-07-2028,20,06-08-2026 09:00
MED0109,LOC0191,WH-TN-004,B01090460,70,28-06-2027,30,06-08-2026 09:00
MED0082,LOC0191,WH-TN-004,B00820513,456,30-01-2027,30,06-08-2026 09:00
MED0008,LOC0191,WH-TN-004,B00080616,478,09-03-2027,100,06-08-2026 09:00
MED0001,LOC0191,WH-TN-004,B00010775,358,12-06-2028,50,06-08-2026 09:00
MED0010,LOC0191,WH-TN-004,B00100885,344,26-08-2026,20,06-08-2026 09:00
MED0009,LOC0191,WH-TN-004,B00090942,376,12-01-2028,50,06-08-2026 09:00
MED0022,LOC0191,WH-TN-004,B00221035,143,06-09-2026,30,06-08-2026 09:00
MED0091,LOC0191,WH-TN-004,B00911171,144,24-04-2028,30,06-08-2026 09:00
MED0027,LOC0191,WH-TN-004,B00271229,61,27-11-2026,30,06-08-2026 09:00
MED0029,LOC0191,WH-TN-004,B00291350,3879,02-12-2027,100,06-08-2026 09:00
MED0112,LOC0191,WH-TN-004,B01121414,249,02-04-2027,20,06-08-2026 09:00
MED0003,LOC0191,WH-TN-004,B00031541,502,25-02-2027,50,06-08-2026 09:00
MED0016,LOC0191,WH-TN-004,B00161657,780,24-03-2027,20,06-08-2026 09:00
MED0054,LOC0191,WH-TN-004,B00541718,2247,18-08-2027,30,06-08-2026 09:00
MED0059,LOC0191,WH-TN-004,B00591818,0,20-08-2026,30,06-08-2026 09:00
MED0075,LOC0191,WH-TN-004,B00751941,314,19-08-2027,50,06-08-2026 09:00
MED0049,LOC0191,WH-TN-004,B00492013,514,27-09-2028,75,06-08-2026 09:00
MED0044,LOC0191,WH-TN-004,B00442171,631,15-08-2026,50,06-08-2026 09:00
MED0048,LOC0191,WH-TN-004,B00482216,0,15-01-2028,75,06-08-2026 09:00
MED0081,LOC0191,WH-TN-004,B00812370,409,31-08-2028,50,06-08-2026 09:00
MED0050,LOC0191,WH-TN-004,B00502433,530,16-10-2028,100,06-08-2026 09:00
MED0084,LOC0191,WH-TN-004,B00842549,605,10-01-2029,50,06-08-2026 09:00
MED0060,LOC0191,WH-TN-004,B00602698,3424,13-04-2026,20,06-08-2026 09:00
MED0032,LOC0191,WH-TN-004,B00322731,632,09-02-2028,75,06-08-2026 09:00
MED0024,LOC0191,WH-TN-004,B00242874,194,29-12-2027,75,06-08-2026 09:00
MED0102,LOC0191,WH-TN-004,B01022988,453,13-08-2026,20,06-08-2026 09:00
MED0071,LOC0191,WH-TN-004,B00713055,48,11-01-2029,50,06-08-2026 09:00
MED0083,LOC0191,WH-TN-004,B00833171,2389,02-10-2026,30,06-08-2026 09:00
MED0025,LOC0191,WH-TN-004,B00253257,145,20-09-2026,20,06-08-2026 09:00
MED0104,LOC0191,WH-TN-004,B01043336,241,25-03-2027,100,06-08-2026 09:00
MED0065,LOC0191,WH-TN-004,B00653462,3247,26-02-2027,100,06-08-2026 09:00
MED0040,LOC0191,WH-TN-004,B00403595,415,01-08-2028,20,06-08-2026 09:00
MED0013,LOC0191,WH-TN-004,B00133684,314,01-01-2028,75,06-08-2026 09:00
MED0038,LOC0191,WH-TN-004,B00383777,0,14-09-2026,75,06-08-2026 09:00
MED0031,LOC0191,WH-TN-004,B00313857,69,04-03-2027,100,06-08-2026 09:00
MED0080,LOC0191,WH-TN-004,B00803917,464,13-09-2026,75,06-08-2026 09:00
MED0037,LOC0191,WH-TN-004,B00374061,329,15-04-2028,30,06-08-2026 09:00
MED0051,LOC0191,WH-TN-004,B00514132,308,01-09-2026,20,06-08-2026 09:00
MED0105,LOC0191,WH-TN-004,B01054258,521,23-08-2027,50,06-08-2026 09:00
MED0023,LOC0191,WH-TN-004,B00234369,456,24-08-2026,100,06-08-2026 09:00
MED0092,LOC0191,WH-TN-004,B00924455,26,27-11-2026,100,06-08-2026 09:00
MED0081,LOC0192,WH-TN-005,B00810126,758,21-10-2028,75,06-08-2026 09:00
MED0009,LOC0192,WH-TN-005,B00090291,708,22-08-2028,75,06-08-2026 09:00
MED0113,LOC0192,WH-TN-005,B01130373,532,02-09-2026,20,06-08-2026 09:00
MED0105,LOC0192,WH-TN-005,B01050452,123,22-01-2029,50,06-08-2026 09:00
MED0109,LOC0192,WH-TN-005,B01090566,648,11-09-2028,50,06-08-2026 09:00
MED0064,LOC0192,WH-TN-005,B00640617,30,11-07-2028,100,06-08-2026 09:00
MED0068,LOC0192,WH-TN-005,B00680790,657,26-08-2026,75,06-08-2026 09:00
MED0034,LOC0192,WH-TN-005,B00340819,215,31-07-2026,50,06-08-2026 09:00
MED0114,LOC0192,WH-TN-005,B01140929,794,18-02-2027,75,06-08-2026 09:00
MED0040,LOC0192,WH-TN-005,B00401091,359,23-02-2027,75,06-08-2026 09:00
MED0036,LOC0192,WH-TN-005,B00361198,567,05-02-2028,30,06-08-2026 09:00
MED0007,LOC0192,WH-TN-005,B00071292,375,19-01-2029,30,06-08-2026 09:00
MED0008,LOC0192,WH-TN-005,B00081391,107,26-08-2027,30,06-08-2026 09:00
MED0020,LOC0192,WH-TN-005,B00201461,328,30-08-2028,100,06-08-2026 09:00
MED0094,LOC0192,WH-TN-005,B00941537,777,07-08-2027,50,06-08-2026 09:00
MED0063,LOC0192,WH-TN-005,B00631629,517,12-01-2029,75,06-08-2026 09:00
MED0107,LOC0192,WH-TN-005,B01071763,52,07-11-2026,20,06-08-2026 09:00
MED0066,LOC0192,WH-TN-005,B00661858,415,25-06-2026,50,06-08-2026 09:00
MED0078,LOC0192,WH-TN-005,B00781923,63,07-10-2028,50,06-08-2026 09:00
MED0033,LOC0192,WH-TN-005,B00332067,429,22-04-2026,50,06-08-2026 09:00
MED0022,LOC0192,WH-TN-005,B00222140,382,12-03-2026,30,06-08-2026 09:00
MED0104,LOC0192,WH-TN-005,B01042289,752,08-12-2027,30,06-08-2026 09:00
MED0111,LOC0192,WH-TN-005,B01112364,60,05-11-2026,30,06-08-2026 09:00
MED0030,LOC0192,WH-TN-005,B00302490,0,06-12-2027,50,06-08-2026 09:00
MED0057,LOC0192,WH-TN-005,B00572576,786,10-05-2028,20,06-08-2026 09:00
MED0096,LOC0192,WH-TN-005,B00962642,359,01-09-2026,50,06-08-2026 09:00
MED0027,LOC0192,WH-TN-005,B00272713,73,23-09-2026,100,06-08-2026 09:00
MED0052,LOC0192,WH-TN-005,B00522882,693,07-05-2028,20,06-08-2026 09:00
MED0050,LOC0192,WH-TN-005,B00502962,764,22-07-2026,75,06-08-2026 09:00
MED0055,LOC0192,WH-TN-005,B00553025,190,30-08-2026,30,06-08-2026 09:00
MED0103,LOC0192,WH-TN-005,B01033132,616,30-06-2028,75,06-08-2026 09:00
MED0037,LOC0192,WH-TN-005,B00373239,345,01-11-2027,100,06-08-2026 09:00
MED0092,LOC0192,WH-TN-005,B00923332,695,07-08-2027,20,06-08-2026 09:00
MED0069,LOC0192,WH-TN-005,B00693437,0,24-08-2027,30,06-08-2026 09:00
MED0051,LOC0192,WH-TN-005,B00513531,46,15-02-2028,20,06-08-2026 09:00
MED0059,LOC0192,WH-TN-005,B00593652,477,07-07-2028,30,06-08-2026 09:00
MED0015,LOC0192,WH-TN-005,B00153731,751,31-08-2027,100,06-08-2026 09:00
MED0016,LOC0192,WH-TN-005,B00163860,33,25-09-2026,100,06-08-2026 09:00
MED0106,LOC0192,WH-TN-005,B01063974,542,10-06-2027,75,06-08-2026 09:00
MED0108,LOC0192,WH-TN-005,B01084036,0,27-09-2026,100,06-08-2026 09:00
MED0010,LOC0192,WH-TN-005,B00104129,176,20-06-2028,20,06-08-2026 09:00
MED0053,LOC0192,WH-TN-005,B00534228,372,21-04-2027,30,06-08-2026 09:00
MED0112,LOC0192,WH-TN-005,B01124377,343,24-05-2026,30,06-08-2026 09:00
MED0075,LOC0192,WH-TN-005,B00754445,247,01-08-2027,20,06-08-2026 09:00
MED0100,LOC0192,WH-TN-005,B01004514,408,28-12-2027,100,06-08-2026 09:00
MED0099,LOC0192,WH-TN-005,B00994660,730,19-02-2027,50,06-08-2026 09:00
MED0090,LOC0192,WH-TN-005,B00904741,318,13-09-2026,50,06-08-2026 09:00
MED0029,LOC0192,WH-TN-005,B00294825,584,19-03-2027,30,06-08-2026 09:00
MED0038,LOC0192,WH-TN-005,B00384914,79,23-07-2028,50,06-08-2026 09:00
MED0058,LOC0192,WH-TN-005,B00585088,389,16-08-2026,50,06-08-2026 09:00
MED0060,LOC0192,WH-TN-005,B00605143,664,14-11-2027,75,06-08-2026 09:00
MED0019,LOC0192,WH-TN-005,B00195235,2182,02-08-2027,50,06-08-2026 09:00
MED0097,LOC0192,WH-TN-005,B00975363,33,10-09-2028,75,06-08-2026 09:00
MED0088,LOC0192,WH-TN-005,B00885451,33,02-06-2027,75,06-08-2026 09:00
MED0100,LOC0193,WH-TN-006,B01000141,621,29-08-2026,30,06-08-2026 09:00
MED0106,LOC0193,WH-TN-006,B01060271,565,21-01-2029,100,06-08-2026 09:00
MED0107,LOC0193,WH-TN-006,B01070330,3659,14-03-2028,75,06-08-2026 09:00
MED0022,LOC0193,WH-TN-006,B00220440,372,19-04-2028,30,06-08-2026 09:00
MED0031,LOC0193,WH-TN-006,B00310540,511,13-06-2027,75,06-08-2026 09:00
MED0058,LOC0193,WH-TN-006,B00580670,0,22-05-2027,50,06-08-2026 09:00
MED0105,LOC0193,WH-TN-006,B01050791,650,29-09-2026,100,06-08-2026 09:00
MED0024,LOC0193,WH-TN-006,B00240858,398,24-12-2027,100,06-08-2026 09:00
MED0097,LOC0193,WH-TN-006,B00970985,0,10-03-2028,100,06-08-2026 09:00
MED0036,LOC0193,WH-TN-006,B00361033,244,10-08-2026,50,06-08-2026 09:00
MED0051,LOC0193,WH-TN-006,B00511198,373,15-06-2026,30,06-08-2026 09:00
MED0086,LOC0193,WH-TN-006,B00861289,16,09-11-2026,75,06-08-2026 09:00
MED0035,LOC0193,WH-TN-006,B00351321,240,10-02-2028,30,06-08-2026 09:00
MED0099,LOC0193,WH-TN-006,B00991446,114,01-03-2028,50,06-08-2026 09:00
MED0042,LOC0193,WH-TN-006,B00421584,510,25-06-2027,75,06-08-2026 09:00
MED0104,LOC0193,WH-TN-006,B01041674,701,14-11-2028,30,06-08-2026 09:00
MED0002,LOC0193,WH-TN-006,B00021773,584,14-04-2027,100,06-08-2026 09:00
MED0038,LOC0193,WH-TN-006,B00381841,128,19-11-2028,75,06-08-2026 09:00
MED0069,LOC0193,WH-TN-006,B00691949,523,13-12-2028,75,06-08-2026 09:00
MED0046,LOC0193,WH-TN-006,B00462020,178,14-04-2028,20,06-08-2026 09:00
MED0012,LOC0193,WH-TN-006,B00122195,626,10-08-2028,100,06-08-2026 09:00
MED0011,LOC0193,WH-TN-006,B00112274,680,29-06-2028,75,06-08-2026 09:00
MED0075,LOC0193,WH-TN-006,B00752312,574,31-07-2027,20,06-08-2026 09:00
MED0076,LOC0193,WH-TN-006,B00762428,403,26-01-2028,100,06-08-2026 09:00
MED0005,LOC0193,WH-TN-006,B00052571,337,13-05-2027,50,06-08-2026 09:00
MED0052,LOC0193,WH-TN-006,B00522627,139,30-06-2027,50,06-08-2026 09:00
MED0041,LOC0193,WH-TN-006,B00412754,151,27-08-2026,75,06-08-2026 09:00
MED0101,LOC0193,WH-TN-006,B01012889,51,10-12-2027,30,06-08-2026 09:00
MED0110,LOC0193,WH-TN-006,B01102942,190,31-01-2028,100,06-08-2026 09:00
MED0023,LOC0193,WH-TN-006,B00233099,4886,16-10-2027,50,06-08-2026 09:00
MED0112,LOC0193,WH-TN-006,B01123147,559,05-01-2029,20,06-08-2026 09:00
MED0089,LOC0193,WH-TN-006,B00893264,108,21-06-2028,100,06-08-2026 09:00
MED0063,LOC0193,WH-TN-006,B00633369,4,19-10-2027,75,06-08-2026 09:00
MED0078,LOC0193,WH-TN-006,B00783449,656,13-12-2027,50,06-08-2026 09:00
MED0010,LOC0193,WH-TN-006,B00103537,4786,12-08-2026,75,06-08-2026 09:00
MED0015,LOC0193,WH-TN-006,B00153683,464,27-11-2028,30,06-08-2026 09:00
MED0080,LOC0193,WH-TN-006,B00803752,89,18-12-2027,20,06-08-2026 09:00
MED0082,LOC0193,WH-TN-006,B00823865,793,14-06-2027,50,06-08-2026 09:00
MED0066,LOC0193,WH-TN-006,B00663918,520,18-01-2029,100,06-08-2026 09:00
MED0044,LOC0193,WH-TN-006,B00444056,755,29-08-2028,75,06-08-2026 09:00
MED0079,LOC0193,WH-TN-006,B00794158,770,07-07-2028,50,06-08-2026 09:00
MED0084,LOC0193,WH-TN-006,B00844227,415,18-08-2026,75,06-08-2026 09:00
MED0045,LOC0193,WH-TN-006,B00454354,313,13-06-2028,30,06-08-2026 09:00
MED0111,LOC0193,WH-TN-006,B01114444,240,08-11-2026,20,06-08-2026 09:00
MED0059,LOC0193,WH-TN-006,B00594587,257,03-09-2027,30,06-08-2026 09:00
MED0085,LOC0193,WH-TN-006,B00854673,159,06-03-2027,20,06-08-2026 09:00
MED0081,LOC0193,WH-TN-006,B00814728,278,10-08-2027,75,06-08-2026 09:00
MED0083,LOC0193,WH-TN-006,B00834892,190,18-03-2027,30,06-08-2026 09:00
MED0113,LOC0193,WH-TN-006,B01134975,604,19-05-2027,20,06-08-2026 09:00
MED0018,LOC0193,WH-TN-006,B00185042,698,30-06-2027,20,06-08-2026 09:00
MED0019,LOC0193,WH-TN-006,B00195194,464,06-12-2026,75,06-08-2026 09:00
MED0076,LOC0194,WH-TN-007,B00760167,200,29-07-2027,30,06-08-2026 09:00
MED0047,LOC0194,WH-TN-007,B00470241,266,08-06-2027,20,06-08-2026 09:00
MED0070,LOC0194,WH-TN-007,B00700372,170,22-02-2027,100,06-08-2026 09:00
MED0031,LOC0194,WH-TN-007,B00310414,144,03-04-2027,75,06-08-2026 09:00
MED0094,LOC0194,WH-TN-007,B00940585,136,25-08-2028,75,06-08-2026 09:00
MED0072,LOC0194,WH-TN-007,B00720675,564,30-04-2027,50,06-08-2026 09:00
MED0042,LOC0194,WH-TN-007,B00420783,121,05-01-2028,50,06-08-2026 09:00
MED0002,LOC0194,WH-TN-007,B00020864,679,30-01-2027,20,06-08-2026 09:00
MED0065,LOC0194,WH-TN-007,B00650923,300,23-05-2027,30,06-08-2026 09:00
MED0095,LOC0194,WH-TN-007,B00951035,747,14-02-2027,50,06-08-2026 09:00
MED0027,LOC0194,WH-TN-007,B00271163,444,21-08-2026,30,06-08-2026 09:00
MED0111,LOC0194,WH-TN-007,B01111264,395,13-08-2026,75,06-08-2026 09:00
MED0022,LOC0194,WH-TN-007,B00221312,246,02-10-2028,20,06-08-2026 09:00
MED0061,LOC0194,WH-TN-007,B00611470,710,30-11-2027,75,06-08-2026 09:00
MED0013,LOC0194,WH-TN-007,B00131563,4870,08-11-2026,20,06-08-2026 09:00
MED0004,LOC0194,WH-TN-007,B00041632,383,22-01-2027,100,06-08-2026 09:00
MED0039,LOC0194,WH-TN-007,B00391748,541,05-07-2028,20,06-08-2026 09:00
MED0041,LOC0194,WH-TN-007,B00411827,397,08-02-2028,20,06-08-2026 09:00
MED0104,LOC0194,WH-TN-007,B01041921,144,10-08-2027,100,06-08-2026 09:00
MED0105,LOC0194,WH-TN-007,B01052023,627,26-07-2028,100,06-08-2026 09:00
MED0108,LOC0194,WH-TN-007,B01082167,565,12-08-2028,75,06-08-2026 09:00
MED0012,LOC0194,WH-TN-007,B00122272,571,26-07-2027,50,06-08-2026 09:00
MED0028,LOC0194,WH-TN-007,B00282387,0,03-03-2027,50,06-08-2026 09:00
MED0097,LOC0194,WH-TN-007,B00972467,352,07-03-2027,30,06-08-2026 09:00
MED0084,LOC0194,WH-TN-007,B00842565,1,17-02-2027,50,06-08-2026 09:00
MED0055,LOC0194,WH-TN-007,B00552644,239,23-11-2028,20,06-08-2026 09:00
MED0026,LOC0194,WH-TN-007,B00262771,477,31-08-2026,20,06-08-2026 09:00
MED0087,LOC0194,WH-TN-007,B00872890,450,29-06-2028,50,06-08-2026 09:00
MED0038,LOC0194,WH-TN-007,B00382994,91,03-11-2027,20,06-08-2026 09:00
MED0029,LOC0194,WH-TN-007,B00293017,401,27-09-2028,20,06-08-2026 09:00
MED0009,LOC0194,WH-TN-007,B00093176,661,06-04-2028,30,06-08-2026 09:00
MED0057,LOC0194,WH-TN-007,B00573264,215,15-09-2026,30,06-08-2026 09:00
MED0010,LOC0194,WH-TN-007,B00103378,316,06-11-2027,75,06-08-2026 09:00
MED0078,LOC0194,WH-TN-007,B00783469,110,21-02-2028,50,06-08-2026 09:00
MED0090,LOC0194,WH-TN-007,B00903594,370,10-12-2027,75,06-08-2026 09:00
MED0049,LOC0194,WH-TN-007,B00493644,342,18-10-2028,100,06-08-2026 09:00
MED0063,LOC0195,WH-TN-008,B00630176,748,07-04-2027,20,06-08-2026 09:00
MED0089,LOC0195,WH-TN-008,B00890284,642,04-02-2028,50,06-08-2026 09:00
MED0053,LOC0195,WH-TN-008,B00530320,787,16-06-2027,30,06-08-2026 09:00
MED0026,LOC0195,WH-TN-008,B00260419,721,17-08-2026,50,06-08-2026 09:00
MED0054,LOC0195,WH-TN-008,B00540584,739,07-12-2026,50,06-08-2026 09:00
MED0052,LOC0195,WH-TN-008,B00520628,398,04-10-2026,75,06-08-2026 09:00
MED0023,LOC0195,WH-TN-008,B00230749,369,07-12-2026,100,06-08-2026 09:00
MED0065,LOC0195,WH-TN-008,B00650898,378,19-09-2028,20,06-08-2026 09:00
MED0064,LOC0195,WH-TN-008,B00640912,476,21-01-2029,75,06-08-2026 09:00
MED0013,LOC0195,WH-TN-008,B00131016,472,29-06-2027,30,06-08-2026 09:00
MED0010,LOC0195,WH-TN-008,B00101187,674,10-06-2028,75,06-08-2026 09:00
MED0060,LOC0195,WH-TN-008,B00601213,683,22-06-2028,75,06-08-2026 09:00
MED0015,LOC0195,WH-TN-008,B00151389,362,12-02-2027,75,06-08-2026 09:00
MED0056,LOC0195,WH-TN-008,B00561445,0,25-06-2027,50,06-08-2026 09:00
MED0048,LOC0195,WH-TN-008,B00481518,4975,06-07-2026,75,06-08-2026 09:00
MED0028,LOC0195,WH-TN-008,B00281627,0,08-04-2027,75,06-08-2026 09:00
MED0082,LOC0195,WH-TN-008,B00821736,325,20-09-2026,20,06-08-2026 09:00
MED0044,LOC0195,WH-TN-008,B00441855,0,08-10-2028,100,06-08-2026 09:00
MED0077,LOC0195,WH-TN-008,B00771996,2383,24-07-2027,20,06-08-2026 09:00
MED0043,LOC0195,WH-TN-008,B00432057,585,29-08-2026,75,06-08-2026 09:00
MED0045,LOC0195,WH-TN-008,B00452189,3972,14-10-2028,50,06-08-2026 09:00
MED0025,LOC0195,WH-TN-008,B00252247,506,23-10-2028,20,06-08-2026 09:00
MED0078,LOC0195,WH-TN-008,B00782358,557,23-03-2027,50,06-08-2026 09:00
MED0035,LOC0195,WH-TN-008,B00352481,251,14-08-2028,30,06-08-2026 09:00
MED0100,LOC0195,WH-TN-008,B01002518,747,20-10-2027,100,06-08-2026 09:00
MED0007,LOC0195,WH-TN-008,B00072635,212,31-05-2028,100,06-08-2026 09:00
MED0055,LOC0195,WH-TN-008,B00552725,301,09-08-2026,20,06-08-2026 09:00
MED0086,LOC0195,WH-TN-008,B00862842,415,20-01-2029,75,06-08-2026 09:00
MED0073,LOC0195,WH-TN-008,B00732982,42,19-08-2028,50,06-08-2026 09:00
MED0067,LOC0195,WH-TN-008,B00673072,297,05-03-2027,30,06-08-2026 09:00
MED0079,LOC0195,WH-TN-008,B00793146,640,31-05-2027,75,06-08-2026 09:00
MED0097,LOC0195,WH-TN-008,B00973268,725,19-12-2028,30,06-08-2026 09:00
MED0107,LOC0195,WH-TN-008,B01073390,155,14-02-2027,20,06-08-2026 09:00
MED0017,LOC0195,WH-TN-008,B00173495,392,22-01-2028,100,06-08-2026 09:00
MED0092,LOC0195,WH-TN-008,B00923558,225,05-10-2026,30,06-08-2026 09:00
MED0034,LOC0195,WH-TN-008,B00343620,681,25-09-2028,75,06-08-2026 09:00
MED0069,LOC0195,WH-TN-008,B00693779,62,03-07-2027,20,06-08-2026 09:00
MED0112,LOC0195,WH-TN-008,B01123871,408,30-09-2028,100,06-08-2026 09:00
MED0031,LOC0195,WH-TN-008,B00313955,143,20-09-2028,20,06-08-2026 09:00
MED0078,LOC0196,WH-TN-009,B00780191,629,16-06-2028,75,06-08-2026 09:00
MED0113,LOC0196,WH-TN-009,B01130238,0,10-03-2028,20,06-08-2026 09:00
MED0041,LOC0196,WH-TN-009,B00410350,532,02-12-2027,30,06-08-2026 09:00
MED0031,LOC0196,WH-TN-009,B00310432,302,27-12-2026,30,06-08-2026 09:00
MED0101,LOC0196,WH-TN-009,B01010531,400,14-06-2028,50,06-08-2026 09:00
MED0046,LOC0196,WH-TN-009,B00460652,370,14-11-2028,30,06-08-2026 09:00
MED0055,LOC0196,WH-TN-009,B00550791,0,08-07-2026,30,06-08-2026 09:00
MED0040,LOC0196,WH-TN-009,B00400849,310,20-05-2028,50,06-08-2026 09:00
MED0035,LOC0196,WH-TN-009,B00350956,4,01-01-2027,75,06-08-2026 09:00
MED0085,LOC0196,WH-TN-009,B00851011,707,24-02-2028,20,06-08-2026 09:00
MED0009,LOC0196,WH-TN-009,B00091167,174,17-09-2026,30,06-08-2026 09:00
MED0104,LOC0196,WH-TN-009,B01041242,626,29-08-2026,75,06-08-2026 09:00
MED0114,LOC0196,WH-TN-009,B01141313,542,19-01-2027,100,06-08-2026 09:00
MED0084,LOC0196,WH-TN-009,B00841416,707,13-11-2028,30,06-08-2026 09:00
MED0088,LOC0196,WH-TN-009,B00881517,134,12-01-2027,30,06-08-2026 09:00
MED0025,LOC0196,WH-TN-009,B00251653,611,05-07-2028,30,06-08-2026 09:00
MED0045,LOC0196,WH-TN-009,B00451729,365,01-03-2027,75,06-08-2026 09:00
MED0038,LOC0196,WH-TN-009,B00381887,57,23-03-2028,75,06-08-2026 09:00
MED0058,LOC0196,WH-TN-009,B00581999,670,04-06-2027,75,06-08-2026 09:00
MED0089,LOC0196,WH-TN-009,B00892059,162,25-02-2028,20,06-08-2026 09:00
MED0024,LOC0196,WH-TN-009,B00242125,545,01-05-2027,75,06-08-2026 09:00
MED0067,LOC0196,WH-TN-009,B00672237,427,04-06-2027,30,06-08-2026 09:00
MED0051,LOC0196,WH-TN-009,B00512391,734,04-05-2027,50,06-08-2026 09:00
MED0032,LOC0196,WH-TN-009,B00322430,407,16-12-2027,100,06-08-2026 09:00
MED0076,LOC0196,WH-TN-009,B00762551,175,15-11-2028,20,06-08-2026 09:00
MED0073,LOC0196,WH-TN-009,B00732648,0,06-06-2028,100,06-08-2026 09:00
MED0092,LOC0196,WH-TN-009,B00922766,3222,05-06-2027,50,06-08-2026 09:00
MED0021,LOC0196,WH-TN-009,B00212832,773,25-05-2028,75,06-08-2026 09:00
MED0107,LOC0196,WH-TN-009,B01072979,299,01-11-2027,50,06-08-2026 09:00
MED0003,LOC0196,WH-TN-009,B00033055,509,23-06-2028,75,06-08-2026 09:00
MED0087,LOC0196,WH-TN-009,B00873125,497,29-09-2027,50,06-08-2026 09:00
MED0030,LOC0196,WH-TN-009,B00303260,374,27-12-2026,100,06-08-2026 09:00
MED0065,LOC0196,WH-TN-009,B00653353,792,17-08-2027,75,06-08-2026 09:00
MED0034,LOC0196,WH-TN-009,B00343488,4399,20-09-2027,20,06-08-2026 09:00
MED0080,LOC0196,WH-TN-009,B00803510,339,14-02-2028,30,06-08-2026 09:00
MED0019,LOC0196,WH-TN-009,B00193673,434,21-07-2028,50,06-08-2026 09:00
MED0008,LOC0196,WH-TN-009,B00083748,746,16-01-2029,100,06-08-2026 09:00
MED0029,LOC0196,WH-TN-009,B00293859,6,08-08-2028,75,06-08-2026 09:00
MED0010,LOC0196,WH-TN-009,B00103974,800,10-05-2027,30,06-08-2026 09:00
MED0061,LOC0196,WH-TN-009,B00614028,0,05-01-2028,50,06-08-2026 09:00
MED0098,LOC0196,WH-TN-009,B00984191,644,02-12-2026,75,06-08-2026 09:00
MED0090,LOC0196,WH-TN-009,B00904238,342,11-05-2027,100,06-08-2026 09:00
MED0081,LOC0196,WH-TN-009,B00814346,0,22-09-2028,100,06-08-2026 09:00
MED0042,LOC0196,WH-TN-009,B00424473,391,21-03-2027,50,06-08-2026 09:00
MED0002,LOC0196,WH-TN-009,B00024547,736,01-10-2026,75,06-08-2026 09:00
MED0006,LOC0196,WH-TN-009,B00064621,604,10-08-2028,100,06-08-2026 09:00
MED0004,LOC0196,WH-TN-009,B00044745,134,06-10-2027,50,06-08-2026 09:00
MED0099,LOC0196,WH-TN-009,B00994879,573,20-11-2028,50,06-08-2026 09:00
MED0047,LOC0196,WH-TN-009,B00474952,647,24-06-2027,50,06-08-2026 09:00
MED0062,LOC0196,WH-TN-009,B00625087,300,07-08-2028,100,06-08-2026 09:00
MED0018,LOC0196,WH-TN-009,B00185138,68,25-10-2027,100,06-08-2026 09:00
MED0072,LOC0196,WH-TN-009,B00725253,660,02-11-2028,50,06-08-2026 09:00
MED0096,LOC0196,WH-TN-009,B00965351,4930,29-09-2028,30,06-08-2026 09:00
MED0017,LOC0197,WH-TN-010,B00170151,2,12-12-2028,20,06-08-2026 09:00
MED0001,LOC0197,WH-TN-010,B00010293,650,29-07-2028,100,06-08-2026 09:00
MED0074,LOC0197,WH-TN-010,B00740356,275,30-09-2026,75,06-08-2026 09:00
MED0089,LOC0197,WH-TN-010,B00890496,795,30-07-2027,100,06-08-2026 09:00
MED0006,LOC0197,WH-TN-010,B00060512,753,03-02-2027,50,06-08-2026 09:00
MED0009,LOC0197,WH-TN-010,B00090621,692,01-09-2027,50,06-08-2026 09:00
MED0071,LOC0197,WH-TN-010,B00710751,642,25-12-2027,100,06-08-2026 09:00
MED0012,LOC0197,WH-TN-010,B00120851,476,01-05-2027,50,06-08-2026 09:00
MED0064,LOC0197,WH-TN-010,B00640952,0,06-03-2027,50,06-08-2026 09:00
MED0086,LOC0197,WH-TN-010,B00861067,587,17-11-2027,20,06-08-2026 09:00
MED0039,LOC0197,WH-TN-010,B00391158,453,19-06-2028,75,06-08-2026 09:00
MED0097,LOC0197,WH-TN-010,B00971264,698,20-09-2028,20,06-08-2026 09:00
MED0112,LOC0197,WH-TN-010,B01121331,216,14-02-2027,100,06-08-2026 09:00
MED0059,LOC0197,WH-TN-010,B00591450,569,11-07-2028,100,06-08-2026 09:00
MED0032,LOC0197,WH-TN-010,B00321572,373,16-04-2027,50,06-08-2026 09:00
MED0099,LOC0197,WH-TN-010,B00991626,709,30-07-2028,75,06-08-2026 09:00
MED0109,LOC0197,WH-TN-010,B01091759,672,30-08-2026,30,06-08-2026 09:00
MED0016,LOC0197,WH-TN-010,B00161812,257,23-01-2028,100,06-08-2026 09:00
MED0011,LOC0197,WH-TN-010,B00111911,509,23-11-2026,100,06-08-2026 09:00
MED0037,LOC0197,WH-TN-010,B00372027,362,07-09-2028,30,06-08-2026 09:00
MED0078,LOC0197,WH-TN-010,B00782185,781,13-11-2027,20,06-08-2026 09:00
MED0055,LOC0197,WH-TN-010,B00552236,342,27-02-2028,75,06-08-2026 09:00
MED0031,LOC0197,WH-TN-010,B00312394,199,15-08-2028,50,06-08-2026 09:00
MED0027,LOC0197,WH-TN-010,B00272498,488,11-04-2028,75,06-08-2026 09:00
MED0093,LOC0197,WH-TN-010,B00932570,87,10-05-2028,50,06-08-2026 09:00
MED0004,LOC0197,WH-TN-010,B00042621,2,09-09-2026,100,06-08-2026 09:00
MED0073,LOC0197,WH-TN-010,B00732788,2944,02-03-2028,20,06-08-2026 09:00
MED0070,LOC0197,WH-TN-010,B00702844,163,08-02-2027,50,06-08-2026 09:00
MED0079,LOC0197,WH-TN-010,B00792911,83,30-01-2028,30,06-08-2026 09:00
MED0013,LOC0197,WH-TN-010,B00133074,780,07-09-2026,75,06-08-2026 09:00
MED0099,LOC0198,WH-TN-011,B00990193,0,27-09-2026,75,06-08-2026 09:00
MED0078,LOC0198,WH-TN-011,B00780296,97,22-03-2028,30,06-08-2026 09:00
MED0054,LOC0198,WH-TN-011,B00540353,35,03-01-2027,50,06-08-2026 09:00
MED0031,LOC0198,WH-TN-011,B00310421,340,19-08-2028,75,06-08-2026 09:00
MED0032,LOC0198,WH-TN-011,B00320524,251,20-04-2028,75,06-08-2026 09:00
MED0096,LOC0198,WH-TN-011,B00960620,167,22-12-2026,30,06-08-2026 09:00
MED0066,LOC0198,WH-TN-011,B00660772,627,09-10-2028,50,06-08-2026 09:00
MED0063,LOC0198,WH-TN-011,B00630832,376,22-12-2027,100,06-08-2026 09:00
MED0098,LOC0198,WH-TN-011,B00980963,3850,23-07-2026,20,06-08-2026 09:00
MED0105,LOC0198,WH-TN-011,B01051026,0,13-08-2026,30,06-08-2026 09:00
MED0079,LOC0198,WH-TN-011,B00791158,0,06-09-2028,50,06-08-2026 09:00
MED0083,LOC0198,WH-TN-011,B00831237,651,17-09-2028,75,06-08-2026 09:00
MED0006,LOC0198,WH-TN-011,B00061399,588,24-09-2026,75,06-08-2026 09:00
MED0108,LOC0198,WH-TN-011,B01081423,340,11-07-2026,30,06-08-2026 09:00
MED0093,LOC0198,WH-TN-011,B00931584,620,09-10-2028,30,06-08-2026 09:00
MED0009,LOC0198,WH-TN-011,B00091620,0,12-09-2026,50,06-08-2026 09:00
MED0025,LOC0198,WH-TN-011,B00251755,599,24-07-2027,100,06-08-2026 09:00
MED0087,LOC0198,WH-TN-011,B00871886,738,25-11-2028,50,06-08-2026 09:00
MED0023,LOC0198,WH-TN-011,B00231994,301,03-04-2027,75,06-08-2026 09:00
MED0109,LOC0198,WH-TN-011,B01092026,256,13-09-2027,20,06-08-2026 09:00
MED0007,LOC0198,WH-TN-011,B00072142,369,08-06-2028,20,06-08-2026 09:00
MED0065,LOC0198,WH-TN-011,B00652251,0,02-12-2027,100,06-08-2026 09:00
MED0019,LOC0198,WH-TN-011,B00192398,308,08-01-2028,20,06-08-2026 09:00
MED0024,LOC0198,WH-TN-011,B00242450,529,25-08-2026,50,06-08-2026 09:00
MED0094,LOC0198,WH-TN-011,B00942575,720,17-12-2028,30,06-08-2026 09:00
MED0040,LOC0198,WH-TN-011,B00402612,403,25-09-2027,100,06-08-2026 09:00
MED0037,LOC0198,WH-TN-011,B00372770,25,27-01-2027,100,06-08-2026 09:00
MED0067,LOC0198,WH-TN-011,B00672822,78,06-07-2028,100,06-08-2026 09:00
MED0038,LOC0198,WH-TN-011,B00382953,719,29-03-2028,30,06-08-2026 09:00
MED0085,LOC0198,WH-TN-011,B00853071,630,14-03-2028,50,06-08-2026 09:00
MED0111,LOC0198,WH-TN-011,B01113142,451,09-11-2027,30,06-08-2026 09:00
MED0041,LOC0198,WH-TN-011,B00413210,118,24-09-2027,30,06-08-2026 09:00
MED0015,LOC0198,WH-TN-011,B00153322,693,18-12-2028,30,06-08-2026 09:00
MED0113,LOC0198,WH-TN-011,B01133428,140,13-02-2028,30,06-08-2026 09:00
MED0107,LOC0198,WH-TN-011,B01073537,70,23-10-2027,20,06-08-2026 09:00
MED0101,LOC0198,WH-TN-011,B01013640,0,17-01-2028,75,06-08-2026 09:00
MED0072,LOC0198,WH-TN-011,B00723781,618,07-08-2028,30,06-08-2026 09:00
MED0013,LOC0198,WH-TN-011,B00133830,214,20-11-2027,75,06-08-2026 09:00
MED0112,LOC0198,WH-TN-011,B01123934,543,29-04-2028,20,06-08-2026 09:00
MED0033,LOC0198,WH-TN-011,B00334032,698,16-01-2029,75,06-08-2026 09:00
MED0046,LOC0198,WH-TN-011,B00464187,162,27-04-2028,75,06-08-2026 09:00
MED0061,LOC0198,WH-TN-011,B00614217,789,14-02-2027,50,06-08-2026 09:00
MED0082,LOC0198,WH-TN-011,B00824398,783,26-10-2028,100,06-08-2026 09:00
MED0005,LOC0198,WH-TN-011,B00054425,727,27-04-2028,100,06-08-2026 09:00
MED0086,LOC0198,WH-TN-011,B00864581,616,08-05-2027,20,06-08-2026 09:00
MED0092,LOC0198,WH-TN-011,B00924627,727,23-08-2027,20,06-08-2026 09:00
MED0044,LOC0198,WH-TN-011,B00444793,194,28-06-2028,20,06-08-2026 09:00
MED0003,LOC0198,WH-TN-011,B00034882,316,21-08-2027,50,06-08-2026 09:00
MED0002,LOC0198,WH-TN-011,B00024990,787,14-03-2027,75,06-08-2026 09:00
MED0091,LOC0198,WH-TN-011,B00915033,578,12-06-2027,20,06-08-2026 09:00
MED0070,LOC0198,WH-TN-011,B00705114,793,06-08-2028,50,06-08-2026 09:00
MED0011,LOC0198,WH-TN-011,B00115268,82,24-12-2028,20,06-08-2026 09:00
MED0114,LOC0198,WH-TN-011,B01145392,2789,31-08-2027,30,06-08-2026 09:00
MED0018,LOC0198,WH-TN-011,B00185473,0,14-09-2028,30,06-08-2026 09:00
MED0049,LOC0198,WH-TN-011,B00495513,491,12-06-2028,30,06-08-2026 09:00
MED0090,LOC0198,WH-TN-011,B00905631,2554,03-10-2026,75,06-08-2026 09:00
MED0064,LOC0199,WH-TN-012,B00640112,0,03-09-2027,100,06-08-2026 09:00
MED0080,LOC0199,WH-TN-012,B00800226,399,18-09-2026,30,06-08-2026 09:00
MED0104,LOC0199,WH-TN-012,B01040357,2563,29-02-2028,30,06-08-2026 09:00
MED0070,LOC0199,WH-TN-012,B00700459,0,11-06-2026,20,06-08-2026 09:00
MED0076,LOC0199,WH-TN-012,B00760540,357,19-09-2027,75,06-08-2026 09:00
MED0056,LOC0199,WH-TN-012,B00560680,486,04-07-2027,100,06-08-2026 09:00
MED0077,LOC0199,WH-TN-012,B00770798,461,05-02-2027,50,06-08-2026 09:00
MED0010,LOC0199,WH-TN-012,B00100839,374,06-12-2027,100,06-08-2026 09:00
MED0007,LOC0199,WH-TN-012,B00070978,109,22-01-2027,20,06-08-2026 09:00
MED0019,LOC0199,WH-TN-012,B00191027,198,03-03-2028,30,06-08-2026 09:00
MED0039,LOC0199,WH-TN-012,B00391176,95,18-09-2026,50,06-08-2026 09:00
MED0015,LOC0199,WH-TN-012,B00151221,210,10-11-2028,20,06-08-2026 09:00
MED0073,LOC0199,WH-TN-012,B00731356,156,29-11-2026,20,06-08-2026 09:00
MED0065,LOC0199,WH-TN-012,B00651432,465,27-05-2028,20,06-08-2026 09:00
MED0085,LOC0199,WH-TN-012,B00851546,156,03-10-2027,50,06-08-2026 09:00
MED0023,LOC0199,WH-TN-012,B00231673,773,16-08-2027,75,06-08-2026 09:00
MED0061,LOC0199,WH-TN-012,B00611748,78,06-02-2027,75,06-08-2026 09:00
MED0021,LOC0199,WH-TN-012,B00211836,609,28-12-2026,50,06-08-2026 09:00
MED0036,LOC0199,WH-TN-012,B00361930,363,19-08-2027,75,06-08-2026 09:00
MED0038,LOC0199,WH-TN-012,B00382059,261,09-02-2028,30,06-08-2026 09:00
MED0084,LOC0199,WH-TN-012,B00842173,714,18-01-2027,30,06-08-2026 09:00
MED0113,LOC0199,WH-TN-012,B01132252,602,06-05-2026,50,06-08-2026 09:00
MED0047,LOC0199,WH-TN-012,B00472398,301,27-04-2027,30,06-08-2026 09:00
MED0099,LOC0199,WH-TN-012,B00992456,800,03-04-2027,20,06-08-2026 09:00
MED0005,LOC0199,WH-TN-012,B00052539,545,24-08-2026,50,06-08-2026 09:00
MED0057,LOC0199,WH-TN-012,B00572698,4682,14-12-2026,75,06-08-2026 09:00
MED0050,LOC0199,WH-TN-012,B00502772,768,02-08-2028,30,06-08-2026 09:00
MED0074,LOC0199,WH-TN-012,B00742858,3753,08-05-2026,30,06-08-2026 09:00
MED0075,LOC0199,WH-TN-012,B00752921,579,12-05-2027,50,06-08-2026 09:00
MED0081,LOC0199,WH-TN-012,B00813050,654,02-10-2028,20,06-08-2026 09:00
MED0107,LOC0199,WH-TN-012,B01073112,261,09-05-2026,50,06-08-2026 09:00
MED0046,LOC0199,WH-TN-012,B00463217,654,19-01-2029,50,06-08-2026 09:00
MED0105,LOC0199,WH-TN-012,B01053340,561,27-03-2026,100,06-08-2026 09:00
MED0111,LOC0199,WH-TN-012,B01113474,766,30-10-2027,50,06-08-2026 09:00
MED0027,LOC0199,WH-TN-012,B00273567,328,01-06-2028,30,06-08-2026 09:00
MED0011,LOC0199,WH-TN-012,B00113671,459,02-01-2029,50,06-08-2026 09:00
MED0012,LOC0199,WH-TN-012,B00123784,3197,12-08-2028,50,06-08-2026 09:00
MED0102,LOC0199,WH-TN-012,B01023831,310,29-04-2028,20,06-08-2026 09:00
MED0060,LOC0199,WH-TN-012,B00603996,527,24-03-2028,75,06-08-2026 09:00
MED0114,LOC0199,WH-TN-012,B01144076,709,10-02-2028,100,06-08-2026 09:00
MED0101,LOC0199,WH-TN-012,B01014150,492,24-12-2028,75,06-08-2026 09:00
MED0083,LOC0199,WH-TN-012,B00834277,0,11-10-2027,30,06-08-2026 09:00
MED0014,LOC0199,WH-TN-012,B00144396,413,21-04-2028,20,06-08-2026 09:00
MED0055,LOC0199,WH-TN-012,B00554487,110,03-10-2026,100,06-08-2026 09:00
MED0052,LOC0199,WH-TN-012,B00524571,162,31-12-2027,30,06-08-2026 09:00
MED0108,LOC0199,WH-TN-012,B01084629,657,03-07-2028,20,06-08-2026 09:00
MED0008,LOC0199,WH-TN-012,B00084712,221,20-02-2027,75,06-08-2026 09:00
MED0072,LOC0199,WH-TN-012,B00724857,745,22-01-2029,20,06-08-2026 09:00
MED0025,LOC0200,WH-T-001,B00250141,194,11-12-2028,20,06-08-2026 09:00
MED0041,LOC0200,WH-T-001,B00410243,0,28-04-2028,75,06-08-2026 09:00
MED0010,LOC0200,WH-T-001,B00100370,605,05-09-2026,75,06-08-2026 09:00
MED0103,LOC0200,WH-T-001,B01030483,652,02-09-2026,30,06-08-2026 09:00
MED0099,LOC0200,WH-T-001,B00990562,624,16-09-2027,30,06-08-2026 09:00
MED0072,LOC0200,WH-T-001,B00720687,2066,17-08-2028,20,06-08-2026 09:00
MED0063,LOC0200,WH-T-001,B00630769,52,10-02-2026,75,06-08-2026 09:00
MED0045,LOC0200,WH-T-001,B00450896,2882,16-09-2026,20,06-08-2026 09:00
MED0058,LOC0200,WH-T-001,B00580922,73,25-11-2027,75,06-08-2026 09:00
MED0008,LOC0200,WH-T-001,B00081015,346,11-02-2028,20,06-08-2026 09:00
MED0047,LOC0200,WH-T-001,B00471129,21,04-10-2026,20,06-08-2026 09:00
MED0027,LOC0200,WH-T-001,B00271281,2478,14-12-2027,30,06-08-2026 09:00
MED0024,LOC0200,WH-T-001,B00241314,628,12-07-2026,30,06-08-2026 09:00
MED0006,LOC0200,WH-T-001,B00061418,78,16-05-2028,20,06-08-2026 09:00
MED0073,LOC0200,WH-T-001,B00731510,275,26-02-2027,75,06-08-2026 09:00
MED0092,LOC0200,WH-T-001,B00921618,446,06-03-2028,75,06-08-2026 09:00
MED0032,LOC0200,WH-T-001,B00321720,112,12-09-2027,20,06-08-2026 09:00
MED0049,LOC0200,WH-T-001,B00491832,795,26-06-2027,20,06-08-2026 09:00
MED0112,LOC0200,WH-T-001,B01121958,155,07-06-2028,100,06-08-2026 09:00
MED0029,LOC0200,WH-T-001,B00292090,604,06-04-2028,50,06-08-2026 09:00
MED0088,LOC0200,WH-T-001,B00882172,3827,11-08-2026,75,06-08-2026 09:00
MED0081,LOC0200,WH-T-001,B00812248,159,21-07-2027,20,06-08-2026 09:00
MED0003,LOC0200,WH-T-001,B00032345,334,26-06-2026,100,06-08-2026 09:00
MED0009,LOC0200,WH-T-001,B00092428,85,13-09-2028,30,06-08-2026 09:00
MED0037,LOC0200,WH-T-001,B00372552,269,25-12-2026,50,06-08-2026 09:00
MED0040,LOC0200,WH-T-001,B00402610,632,06-10-2027,75,06-08-2026 09:00
MED0053,LOC0200,WH-T-001,B00532763,257,25-03-2027,30,06-08-2026 09:00
MED0036,LOC0200,WH-T-001,B00362894,383,02-03-2027,30,06-08-2026 09:00
MED0014,LOC0200,WH-T-001,B00142925,294,27-03-2028,75,06-08-2026 09:00
MED0080,LOC0200,WH-T-001,B00803098,158,13-07-2026,30,06-08-2026 09:00
MED0062,LOC0200,WH-T-001,B00623123,652,22-08-2026,30,06-08-2026 09:00
MED0021,LOC0200,WH-T-001,B00213269,435,16-01-2029,100,06-08-2026 09:00
MED0100,LOC0200,WH-T-001,B01003372,171,06-12-2028,50,06-08-2026 09:00
MED0090,LOC0200,WH-T-001,B00903417,0,25-07-2028,100,06-08-2026 09:00
MED0096,LOC0200,WH-T-001,B00963514,306,27-06-2027,20,06-08-2026 09:00
MED0105,LOC0200,WH-T-001,B01053665,427,06-02-2028,100,06-08-2026 09:00
MED0028,LOC0200,WH-T-001,B00283787,32,30-10-2028,30,06-08-2026 09:00
MED0055,LOC0200,WH-T-001,B00553818,319,08-07-2028,75,06-08-2026 09:00
MED0064,LOC0200,WH-T-001,B00643948,731,02-01-2028,20,06-08-2026 09:00
MED0042,LOC0200,WH-T-001,B00424091,263,28-09-2027,100,06-08-2026 09:00
MED0068,LOC0200,WH-T-001,B00684154,750,25-12-2027,100,06-08-2026 09:00
MED0002,LOC0200,WH-T-001,B00024267,120,13-08-2028,75,06-08-2026 09:00
MED0050,LOC0200,WH-T-001,B00504384,260,01-04-2028,20,06-08-2026 09:00
MED0095,LOC0200,WH-T-001,B00954437,178,22-02-2028,30,06-08-2026 09:00
MED0020,LOC0200,WH-T-001,B00204558,795,26-02-2028,30,06-08-2026 09:00
MED0074,LOC0200,WH-T-001,B00744690,263,04-05-2028,75,06-08-2026 09:00
MED0035,LOC0200,WH-T-001,B00354747,3249,31-12-2028,50,06-08-2026 09:00
MED0101,LOC0200,WH-T-001,B01014817,350,28-08-2028,75,06-08-2026 09:00
MED0085,LOC0200,WH-T-001,B00854992,30,12-04-2027,30,06-08-2026 09:00
MED0109,LOC0201,WH-T-002,B01090191,686,15-07-2028,50,06-08-2026 09:00
MED0039,LOC0201,WH-T-002,B00390280,226,25-07-2028,30,06-08-2026 09:00
MED0030,LOC0201,WH-T-002,B00300391,2953,24-02-2028,20,06-08-2026 09:00
MED0050,LOC0201,WH-T-002,B00500496,4504,30-08-2026,75,06-08-2026 09:00
MED0054,LOC0201,WH-T-002,B00540521,8,26-08-2026,75,06-08-2026 09:00
MED0042,LOC0201,WH-T-002,B00420623,364,28-04-2028,20,06-08-2026 09:00
MED0097,LOC0201,WH-T-002,B00970788,216,22-08-2026,75,06-08-2026 09:00
MED0073,LOC0201,WH-T-002,B00730869,75,10-09-2026,50,06-08-2026 09:00
MED0038,LOC0201,WH-T-002,B00380935,590,24-11-2027,75,06-08-2026 09:00
MED0046,LOC0201,WH-T-002,B00461066,652,16-11-2027,100,06-08-2026 09:00
MED0026,LOC0201,WH-T-002,B00261157,777,01-10-2026,100,06-08-2026 09:00
MED0071,LOC0201,WH-T-002,B00711221,0,27-05-2028,20,06-08-2026 09:00
MED0103,LOC0201,WH-T-002,B01031347,0,02-08-2027,20,06-08-2026 09:00
MED0023,LOC0201,WH-T-002,B00231438,0,07-09-2026,30,06-08-2026 09:00
MED0028,LOC0201,WH-T-002,B00281582,693,15-12-2027,30,06-08-2026 09:00
MED0018,LOC0201,WH-T-002,B00181680,658,16-05-2027,50,06-08-2026 09:00
MED0032,LOC0201,WH-T-002,B00321731,538,25-05-2027,20,06-08-2026 09:00
MED0040,LOC0201,WH-T-002,B00401892,427,15-10-2028,75,06-08-2026 09:00
MED0043,LOC0201,WH-T-002,B00431968,3009,10-08-2026,20,06-08-2026 09:00
MED0093,LOC0201,WH-T-002,B00932020,611,05-03-2028,50,06-08-2026 09:00
MED0098,LOC0201,WH-T-002,B00982127,2761,29-08-2027,50,06-08-2026 09:00
MED0100,LOC0201,WH-T-002,B01002258,385,25-07-2027,100,06-08-2026 09:00
MED0045,LOC0201,WH-T-002,B00452374,203,29-05-2027,20,06-08-2026 09:00
MED0111,LOC0201,WH-T-002,B01112498,307,21-03-2027,20,06-08-2026 09:00
MED0110,LOC0201,WH-T-002,B01102555,320,26-12-2026,100,06-08-2026 09:00
MED0066,LOC0201,WH-T-002,B00662684,485,28-05-2028,100,06-08-2026 09:00
MED0021,LOC0201,WH-T-002,B00212785,344,08-09-2026,50,06-08-2026 09:00
MED0017,LOC0201,WH-T-002,B00172887,165,11-10-2027,75,06-08-2026 09:00
MED0068,LOC0201,WH-T-002,B00682932,569,13-05-2028,75,06-08-2026 09:00
MED0077,LOC0201,WH-T-002,B00773047,294,12-10-2028,30,06-08-2026 09:00
MED0090,LOC0201,WH-T-002,B00903111,286,25-11-2026,20,06-08-2026 09:00
MED0039,LOC0202,WH-T-003,B00390111,247,21-11-2028,30,06-08-2026 09:00
MED0082,LOC0202,WH-T-003,B00820254,643,04-09-2028,20,06-08-2026 09:00
MED0076,LOC0202,WH-T-003,B00760333,609,08-09-2028,50,06-08-2026 09:00
MED0079,LOC0202,WH-T-003,B00790495,211,17-03-2028,50,06-08-2026 09:00
MED0052,LOC0202,WH-T-003,B00520577,3469,09-11-2027,30,06-08-2026 09:00
MED0016,LOC0202,WH-T-003,B00160624,125,09-02-2027,75,06-08-2026 09:00
MED0015,LOC0202,WH-T-003,B00150736,124,17-09-2028,20,06-08-2026 09:00
MED0098,LOC0202,WH-T-003,B00980882,421,25-08-2026,50,06-08-2026 09:00
MED0061,LOC0202,WH-T-003,B00610949,2354,19-06-2028,30,06-08-2026 09:00
MED0058,LOC0202,WH-T-003,B00581018,507,05-03-2028,50,06-08-2026 09:00
MED0068,LOC0202,WH-T-003,B00681187,236,04-10-2028,75,06-08-2026 09:00
MED0042,LOC0202,WH-T-003,B00421284,713,01-10-2028,30,06-08-2026 09:00
MED0036,LOC0202,WH-T-003,B00361378,358,16-08-2027,20,06-08-2026 09:00
MED0048,LOC0202,WH-T-003,B00481437,162,13-03-2028,30,06-08-2026 09:00
MED0027,LOC0202,WH-T-003,B00271535,287,09-01-2029,100,06-08-2026 09:00
MED0073,LOC0202,WH-T-003,B00731686,785,24-08-2028,20,06-08-2026 09:00
MED0095,LOC0202,WH-T-003,B00951794,562,03-05-2028,100,06-08-2026 09:00
MED0084,LOC0202,WH-T-003,B00841871,156,01-03-2028,75,06-08-2026 09:00
MED0005,LOC0202,WH-T-003,B00051927,2910,28-01-2028,50,06-08-2026 09:00
MED0093,LOC0202,WH-T-003,B00932055,450,09-12-2028,20,06-08-2026 09:00
MED0045,LOC0202,WH-T-003,B00452197,384,18-02-2027,20,06-08-2026 09:00
MED0057,LOC0202,WH-T-003,B00572260,559,28-11-2028,30,06-08-2026 09:00
MED0091,LOC0202,WH-T-003,B00912346,281,08-01-2028,100,06-08-2026 09:00
MED0080,LOC0202,WH-T-003,B00802421,101,28-01-2027,100,06-08-2026 09:00
MED0070,LOC0202,WH-T-003,B00702549,652,25-09-2027,50,06-08-2026 09:00
MED0049,LOC0202,WH-T-003,B00492676,766,13-02-2027,20,06-08-2026 09:00
MED0050,LOC0202,WH-T-003,B00502741,709,14-11-2026,20,06-08-2026 09:00
MED0017,LOC0202,WH-T-003,B00172825,236,30-11-2028,75,06-08-2026 09:00
MED0056,LOC0202,WH-T-003,B00562921,175,18-09-2026,100,06-08-2026 09:00
MED0077,LOC0202,WH-T-003,B00773017,408,20-09-2026,75,06-08-2026 09:00
MED0023,LOC0202,WH-T-003,B00233166,246,14-04-2028,75,06-08-2026 09:00
MED0028,LOC0202,WH-T-003,B00283251,297,01-10-2028,20,06-08-2026 09:00
MED0040,LOC0203,WH-T-004,B00400153,464,14-05-2027,75,06-08-2026 09:00
MED0112,LOC0203,WH-T-004,B01120259,390,19-12-2026,20,06-08-2026 09:00
MED0026,LOC0203,WH-T-004,B00260328,365,05-05-2026,100,06-08-2026 09:00
MED0004,LOC0203,WH-T-004,B00040462,2193,27-07-2028,75,06-08-2026 09:00
MED0001,LOC0203,WH-T-004,B00010542,752,03-12-2027,50,06-08-2026 09:00
MED0060,LOC0203,WH-T-004,B00600618,109,27-07-2027,75,06-08-2026 09:00
MED0083,LOC0203,WH-T-004,B00830735,14,28-07-2027,30,06-08-2026 09:00
MED0038,LOC0203,WH-T-004,B00380850,290,07-06-2027,100,06-08-2026 09:00
MED0101,LOC0203,WH-T-004,B01010918,397,07-08-2026,100,06-08-2026 09:00
MED0044,LOC0203,WH-T-004,B00441072,159,27-03-2026,100,06-08-2026 09:00
MED0087,LOC0203,WH-T-004,B00871125,221,21-05-2028,20,06-08-2026 09:00
MED0098,LOC0203,WH-T-004,B00981228,693,21-08-2028,100,06-08-2026 09:00
MED0058,LOC0203,WH-T-004,B00581338,2389,15-06-2028,75,06-08-2026 09:00
MED0095,LOC0203,WH-T-004,B00951471,108,04-05-2028,100,06-08-2026 09:00
MED0063,LOC0203,WH-T-004,B00631577,3692,11-02-2027,100,06-08-2026 09:00
MED0061,LOC0203,WH-T-004,B00611611,370,05-12-2028,20,06-08-2026 09:00
MED0107,LOC0203,WH-T-004,B01071797,532,28-01-2028,20,06-08-2026 09:00
MED0016,LOC0203,WH-T-004,B00161886,129,13-09-2027,50,06-08-2026 09:00
MED0108,LOC0203,WH-T-004,B01081931,702,22-06-2027,20,06-08-2026 09:00
MED0103,LOC0203,WH-T-004,B01032020,3653,15-10-2027,100,06-08-2026 09:00
MED0054,LOC0203,WH-T-004,B00542188,205,12-08-2026,75,06-08-2026 09:00
MED0045,LOC0203,WH-T-004,B00452251,583,07-07-2027,75,06-08-2026 09:00
MED0013,LOC0203,WH-T-004,B00132333,761,14-01-2028,30,06-08-2026 09:00
MED0065,LOC0203,WH-T-004,B00652494,252,11-01-2028,50,06-08-2026 09:00
MED0027,LOC0203,WH-T-004,B00272565,4124,28-09-2027,50,06-08-2026 09:00
MED0092,LOC0203,WH-T-004,B00922686,345,20-08-2026,75,06-08-2026 09:00
MED0052,LOC0203,WH-T-004,B00522742,480,28-08-2026,20,06-08-2026 09:00
MED0032,LOC0203,WH-T-004,B00322834,423,07-02-2027,100,06-08-2026 09:00
MED0113,LOC0203,WH-T-004,B01132946,3367,15-06-2026,50,06-08-2026 09:00
MED0023,LOC0203,WH-T-004,B00233063,0,02-07-2028,75,06-08-2026 09:00
MED0047,LOC0203,WH-T-004,B00473147,456,05-12-2028,100,06-08-2026 09:00
MED0029,LOC0203,WH-T-004,B00293228,311,08-05-2028,75,06-08-2026 09:00
MED0104,LOC0203,WH-T-004,B01043394,500,28-05-2028,20,06-08-2026 09:00
MED0056,LOC0203,WH-T-004,B00563475,2520,03-10-2027,30,06-08-2026 09:00
MED0086,LOC0203,WH-T-004,B00863554,482,14-12-2026,100,06-08-2026 09:00
MED0006,LOC0203,WH-T-004,B00063649,66,04-06-2027,20,06-08-2026 09:00
MED0043,LOC0203,WH-T-004,B00433751,558,03-01-2028,75,06-08-2026 09:00
MED0059,LOC0203,WH-T-004,B00593879,439,16-06-2027,75,06-08-2026 09:00
MED0046,LOC0203,WH-T-004,B00463920,300,21-03-2028,75,06-08-2026 09:00
MED0109,LOC0203,WH-T-004,B01094092,169,06-07-2027,30,06-08-2026 09:00
MED0091,LOC0203,WH-T-004,B00914121,795,31-07-2027,100,06-08-2026 09:00
MED0049,LOC0203,WH-T-004,B00494288,795,22-03-2027,20,06-08-2026 09:00
MED0054,LOC0204,WH-T-005,B00540199,404,24-01-2028,20,06-08-2026 09:00
MED0108,LOC0204,WH-T-005,B01080275,4054,04-03-2028,50,06-08-2026 09:00
MED0049,LOC0204,WH-T-005,B00490380,657,25-04-2028,100,06-08-2026 09:00
MED0047,LOC0204,WH-T-005,B00470472,358,05-08-2028,100,06-08-2026 09:00
MED0114,LOC0204,WH-T-005,B01140571,364,20-06-2028,100,06-08-2026 09:00
MED0098,LOC0204,WH-T-005,B00980687,4452,04-10-2026,20,06-08-2026 09:00
MED0021,LOC0204,WH-T-005,B00210758,662,29-12-2026,50,06-08-2026 09:00
MED0092,LOC0204,WH-T-005,B00920883,181,18-08-2028,100,06-08-2026 09:00
MED0099,LOC0204,WH-T-005,B00990936,4207,13-11-2028,50,06-08-2026 09:00
MED0006,LOC0204,WH-T-005,B00061060,686,16-12-2027,30,06-08-2026 09:00
MED0110,LOC0204,WH-T-005,B01101183,555,16-07-2028,100,06-08-2026 09:00
MED0064,LOC0204,WH-T-005,B00641259,18,19-06-2026,100,06-08-2026 09:00
MED0081,LOC0204,WH-T-005,B00811327,2935,24-09-2027,50,06-08-2026 09:00
MED0007,LOC0204,WH-T-005,B00071466,3116,14-12-2026,50,06-08-2026 09:00
MED0031,LOC0204,WH-T-005,B00311537,97,20-06-2027,75,06-08-2026 09:00
MED0078,LOC0204,WH-T-005,B00781670,576,21-11-2027,50,06-08-2026 09:00
MED0030,LOC0204,WH-T-005,B00301782,0,10-08-2028,75,06-08-2026 09:00
MED0028,LOC0204,WH-T-005,B00281844,72,09-05-2028,75,06-08-2026 09:00
MED0112,LOC0204,WH-T-005,B01121948,735,29-12-2026,100,06-08-2026 09:00
MED0057,LOC0204,WH-T-005,B00572018,434,16-12-2027,50,06-08-2026 09:00
MED0088,LOC0204,WH-T-005,B00882158,581,20-03-2028,30,06-08-2026 09:00
MED0063,LOC0204,WH-T-005,B00632252,4607,23-05-2027,30,06-08-2026 09:00
MED0059,LOC0204,WH-T-005,B00592339,413,18-08-2027,50,06-08-2026 09:00
MED0033,LOC0204,WH-T-005,B00332490,202,11-04-2028,20,06-08-2026 09:00
MED0040,LOC0204,WH-T-005,B00402583,311,21-08-2028,30,06-08-2026 09:00
MED0013,LOC0204,WH-T-005,B00132632,371,10-01-2027,100,06-08-2026 09:00
MED0005,LOC0204,WH-T-005,B00052715,0,16-06-2028,20,06-08-2026 09:00
MED0072,LOC0204,WH-T-005,B00722845,0,02-05-2027,50,06-08-2026 09:00
MED0091,LOC0204,WH-T-005,B00912942,461,24-04-2026,20,06-08-2026 09:00
MED0026,LOC0204,WH-T-005,B00263019,502,14-06-2027,30,06-08-2026 09:00
MED0075,LOC0204,WH-T-005,B00753147,648,11-08-2026,30,06-08-2026 09:00
MED0061,LOC0204,WH-T-005,B00613260,4099,11-03-2028,75,06-08-2026 09:00
MED0016,LOC0204,WH-T-005,B00163387,777,27-02-2028,30,06-08-2026 09:00
MED0015,LOC0204,WH-T-005,B00153414,657,12-02-2027,50,06-08-2026 09:00
MED0067,LOC0204,WH-T-005,B00673527,507,11-05-2028,20,06-08-2026 09:00
MED0024,LOC0204,WH-T-005,B00243653,88,28-12-2028,20,06-08-2026 09:00
MED0008,LOC0204,WH-T-005,B00083740,502,09-01-2028,20,06-08-2026 09:00
MED0002,LOC0204,WH-T-005,B00023845,280,12-09-2028,20,06-08-2026 09:00
MED0097,LOC0204,WH-T-005,B00973999,82,07-01-2028,100,06-08-2026 09:00
MED0036,LOC0204,WH-T-005,B00364021,3623,10-03-2028,50,06-08-2026 09:00
MED0094,LOC0204,WH-T-005,B00944198,52,24-09-2027,50,06-08-2026 09:00
MED0032,LOC0204,WH-T-005,B00324230,443,24-01-2028,100,06-08-2026 09:00
MED0043,LOC0204,WH-T-005,B00434369,380,06-02-2028,30,06-08-2026 09:00
MED0066,LOC0204,WH-T-005,B00664483,474,11-08-2026,20,06-08-2026 09:00
MED0079,LOC0204,WH-T-005,B00794587,199,05-09-2028,100,06-08-2026 09:00
MED0062,LOC0204,WH-T-005,B00624695,738,05-11-2026,20,06-08-2026 09:00
MED0102,LOC0204,WH-T-005,B01024766,1,17-09-2026,75,06-08-2026 09:00
MED0093,LOC0204,WH-T-005,B00934849,793,14-08-2027,100,06-08-2026 09:00
MED0085,LOC0204,WH-T-005,B00854935,517,28-08-2027,50,06-08-2026 09:00
MED0018,LOC0204,WH-T-005,B00185073,10,15-05-2028,20,06-08-2026 09:00
MED0101,LOC0204,WH-T-005,B01015146,40,13-01-2029,100,06-08-2026 09:00
MED0014,LOC0204,WH-T-005,B00145286,348,14-09-2027,75,06-08-2026 09:00
MED0105,LOC0204,WH-T-005,B01055348,553,26-08-2028,20,06-08-2026 09:00
MED0063,LOC0205,WH-T-006,B00630110,770,21-11-2027,75,06-08-2026 09:00
MED0090,LOC0205,WH-T-006,B00900292,322,29-11-2028,100,06-08-2026 09:00
MED0035,LOC0205,WH-T-006,B00350394,293,07-04-2027,75,06-08-2026 09:00
MED0078,LOC0205,WH-T-006,B00780472,148,21-07-2027,75,06-08-2026 09:00
MED0091,LOC0205,WH-T-006,B00910597,206,08-04-2027,75,06-08-2026 09:00
MED0025,LOC0205,WH-T-006,B00250616,0,05-01-2027,100,06-08-2026 09:00
MED0113,LOC0205,WH-T-006,B01130777,538,06-11-2028,30,06-08-2026 09:00
MED0023,LOC0205,WH-T-006,B00230840,644,27-06-2028,75,06-08-2026 09:00
MED0001,LOC0205,WH-T-006,B00010941,398,13-07-2028,100,06-08-2026 09:00
MED0027,LOC0205,WH-T-006,B00271074,627,13-07-2027,30,06-08-2026 09:00
MED0093,LOC0205,WH-T-006,B00931180,539,17-01-2028,30,06-08-2026 09:00
MED0075,LOC0205,WH-T-006,B00751284,736,21-04-2028,100,06-08-2026 09:00
MED0019,LOC0205,WH-T-006,B00191336,525,04-09-2026,100,06-08-2026 09:00
MED0022,LOC0205,WH-T-006,B00221458,444,16-02-2027,100,06-08-2026 09:00
MED0049,LOC0205,WH-T-006,B00491572,145,12-12-2026,50,06-08-2026 09:00
MED0071,LOC0205,WH-T-006,B00711679,646,09-03-2028,100,06-08-2026 09:00
MED0052,LOC0205,WH-T-006,B00521784,646,28-02-2027,75,06-08-2026 09:00
MED0065,LOC0205,WH-T-006,B00651886,385,23-07-2027,100,06-08-2026 09:00
MED0061,LOC0205,WH-T-006,B00611947,0,05-06-2027,75,06-08-2026 09:00
MED0004,LOC0205,WH-T-006,B00042017,798,29-10-2027,30,06-08-2026 09:00
MED0083,LOC0205,WH-T-006,B00832162,157,10-04-2027,100,06-08-2026 09:00
MED0088,LOC0205,WH-T-006,B00882261,90,07-02-2028,75,06-08-2026 09:00
MED0105,LOC0205,WH-T-006,B01052362,454,08-05-2028,75,06-08-2026 09:00
MED0096,LOC0205,WH-T-006,B00962419,234,11-03-2028,75,06-08-2026 09:00
MED0047,LOC0205,WH-T-006,B00472583,623,20-02-2026,100,06-08-2026 09:00
MED0048,LOC0205,WH-T-006,B00482683,440,18-01-2029,75,06-08-2026 09:00
MED0114,LOC0205,WH-T-006,B01142772,33,12-10-2028,100,06-08-2026 09:00
MED0069,LOC0205,WH-T-006,B00692827,0,24-07-2027,50,06-08-2026 09:00
MED0089,LOC0205,WH-T-006,B00892945,4904,08-04-2027,75,06-08-2026 09:00
MED0037,LOC0205,WH-T-006,B00373023,510,28-10-2027,100,06-08-2026 09:00
MED0042,LOC0205,WH-T-006,B00423178,798,24-07-2028,100,06-08-2026 09:00
MED0062,LOC0205,WH-T-006,B00623248,83,20-06-2028,75,06-08-2026 09:00
MED0050,LOC0205,WH-T-006,B00503343,373,09-05-2027,20,06-08-2026 09:00
MED0084,LOC0205,WH-T-006,B00843470,208,26-10-2027,75,06-08-2026 09:00
MED0028,LOC0205,WH-T-006,B00283514,676,30-09-2027,30,06-08-2026 09:00
MED0106,LOC0205,WH-T-006,B01063648,566,27-10-2028,20,06-08-2026 09:00
MED0103,LOC0205,WH-T-006,B01033711,729,24-04-2028,30,06-08-2026 09:00
MED0102,LOC0205,WH-T-006,B01023865,602,17-01-2028,20,06-08-2026 09:00
MED0034,LOC0205,WH-T-006,B00343950,714,25-08-2028,100,06-08-2026 09:00
MED0054,LOC0205,WH-T-006,B00544013,66,27-07-2028,20,06-08-2026 09:00
MED0085,LOC0205,WH-T-006,B00854187,478,23-10-2027,50,06-08-2026 09:00
MED0092,LOC0205,WH-T-006,B00924240,231,29-09-2027,75,06-08-2026 09:00
MED0003,LOC0205,WH-T-006,B00034317,633,14-02-2027,75,06-08-2026 09:00
MED0097,LOC0205,WH-T-006,B00974468,587,02-02-2028,75,06-08-2026 09:00
MED0015,LOC0205,WH-T-006,B00154558,144,14-09-2027,30,06-08-2026 09:00
MED0029,LOC0205,WH-T-006,B00294614,331,04-07-2027,20,06-08-2026 09:00
MED0017,LOC0205,WH-T-006,B00174756,11,25-09-2026,20,06-08-2026 09:00
MED0020,LOC0205,WH-T-006,B00204870,487,22-07-2028,20,06-08-2026 09:00
MED0107,LOC0205,WH-T-006,B01074914,249,12-10-2028,75,06-08-2026 09:00
MED0045,LOC0205,WH-T-006,B00455058,3467,24-05-2028,50,06-08-2026 09:00
MED0059,LOC0205,WH-T-006,B00595119,119,15-04-2028,100,06-08-2026 09:00
MED0024,LOC0205,WH-T-006,B00245216,38,10-11-2026,30,06-08-2026 09:00
MED0002,LOC0205,WH-T-006,B00025320,788,04-10-2028,20,06-08-2026 09:00
MED0068,LOC0205,WH-T-006,B00685484,354,16-06-2027,50,06-08-2026 09:00
MED0005,LOC0205,WH-T-006,B00055565,264,03-11-2027,30,06-08-2026 09:00
MED0009,LOC0205,WH-T-006,B00095678,185,26-08-2026,50,06-08-2026 09:00
MED0011,LOC0205,WH-T-006,B00115783,785,15-09-2026,100,06-08-2026 09:00
MED0084,LOC0206,WH-T-007,B00840184,135,18-04-2028,20,06-08-2026 09:00
MED0011,LOC0206,WH-T-007,B00110283,578,04-04-2028,100,06-08-2026 09:00
MED0058,LOC0206,WH-T-007,B00580346,0,22-05-2028,30,06-08-2026 09:00
MED0052,LOC0206,WH-T-007,B00520451,76,22-12-2026,20,06-08-2026 09:00
MED0073,LOC0206,WH-T-007,B00730523,573,04-12-2028,75,06-08-2026 09:00
MED0077,LOC0206,WH-T-007,B00770699,4673,30-07-2027,100,06-08-2026 09:00
MED0026,LOC0206,WH-T-007,B00260743,540,03-10-2027,100,06-08-2026 09:00
MED0027,LOC0206,WH-T-007,B00270844,69,09-08-2027,100,06-08-2026 09:00
MED0007,LOC0206,WH-T-007,B00070955,247,16-01-2028,20,06-08-2026 09:00
MED0031,LOC0206,WH-T-007,B00311092,637,29-03-2028,50,06-08-2026 09:00
MED0071,LOC0206,WH-T-007,B00711149,381,15-02-2028,20,06-08-2026 09:00
MED0113,LOC0206,WH-T-007,B01131238,344,09-04-2027,100,06-08-2026 09:00
MED0041,LOC0206,WH-T-007,B00411360,744,02-05-2026,20,06-08-2026 09:00
MED0056,LOC0206,WH-T-007,B00561423,316,09-12-2027,20,06-08-2026 09:00
MED0075,LOC0206,WH-T-007,B00751596,0,29-09-2026,50,06-08-2026 09:00
MED0042,LOC0206,WH-T-007,B00421657,53,08-08-2028,30,06-08-2026 09:00
MED0076,LOC0206,WH-T-007,B00761713,56,07-11-2027,75,06-08-2026 09:00
MED0006,LOC0206,WH-T-007,B00061857,523,24-08-2028,50,06-08-2026 09:00
MED0062,LOC0206,WH-T-007,B00621937,496,14-06-2028,75,06-08-2026 09:00
MED0002,LOC0206,WH-T-007,B00022049,254,12-07-2028,75,06-08-2026 09:00
MED0045,LOC0206,WH-T-007,B00452185,472,06-06-2028,75,06-08-2026 09:00
MED0085,LOC0206,WH-T-007,B00852298,333,27-01-2027,20,06-08-2026 09:00
MED0087,LOC0206,WH-T-007,B00872385,396,22-11-2026,100,06-08-2026 09:00
MED0101,LOC0206,WH-T-007,B01012444,0,12-01-2029,20,06-08-2026 09:00
MED0109,LOC0206,WH-T-007,B01092593,3263,25-09-2028,75,06-08-2026 09:00
MED0048,LOC0206,WH-T-007,B00482684,103,16-09-2026,30,06-08-2026 09:00
MED0009,LOC0206,WH-T-007,B00092727,4654,23-09-2028,20,06-08-2026 09:00
MED0095,LOC0206,WH-T-007,B00952823,196,22-05-2028,30,06-08-2026 09:00
MED0091,LOC0206,WH-T-007,B00912941,255,21-03-2026,30,06-08-2026 09:00
MED0107,LOC0206,WH-T-007,B01073072,378,17-07-2027,20,06-08-2026 09:00
MED0053,LOC0206,WH-T-007,B00533137,13,04-12-2027,100,06-08-2026 09:00
MED0015,LOC0206,WH-T-007,B00153291,185,01-08-2027,30,06-08-2026 09:00
MED0088,LOC0206,WH-T-007,B00883360,426,22-05-2028,30,06-08-2026 09:00
MED0018,LOC0206,WH-T-007,B00183480,34,11-10-2027,75,06-08-2026 09:00
MED0067,LOC0206,WH-T-007,B00673583,0,26-05-2028,20,06-08-2026 09:00
MED0063,LOC0206,WH-T-007,B00633624,716,14-05-2028,50,06-08-2026 09:00
MED0038,LOC0206,WH-T-007,B00383721,381,28-12-2026,50,06-08-2026 09:00
MED0097,LOC0206,WH-T-007,B00973852,701,08-10-2028,50,06-08-2026 09:00
MED0065,LOC0206,WH-T-007,B00653968,573,10-03-2028,75,06-08-2026 09:00
MED0083,LOC0206,WH-T-007,B00834023,729,30-07-2028,100,06-08-2026 09:00
MED0082,LOC0206,WH-T-007,B00824154,532,01-03-2027,50,06-08-2026 09:00
MED0059,LOC0206,WH-T-007,B00594286,277,06-02-2027,20,06-08-2026 09:00
MED0025,LOC0206,WH-T-007,B00254310,113,10-12-2026,100,06-08-2026 09:00
MED0004,LOC0206,WH-T-007,B00044460,424,14-12-2027,75,06-08-2026 09:00
MED0049,LOC0206,WH-T-007,B00494550,370,14-01-2029,75,06-08-2026 09:00
MED0030,LOC0206,WH-T-007,B00304673,649,17-06-2027,50,06-08-2026 09:00
MED0068,LOC0206,WH-T-007,B00684789,369,30-10-2027,75,06-08-2026 09:00
MED0019,LOC0206,WH-T-007,B00194846,0,13-08-2027,100,06-08-2026 09:00
MED0030,LOC0207,WH-T-008,B00300119,3477,19-08-2026,30,06-08-2026 09:00
MED0103,LOC0207,WH-T-008,B01030210,116,01-02-2028,30,06-08-2026 09:00
MED0072,LOC0207,WH-T-008,B00720349,296,04-09-2027,30,06-08-2026 09:00
MED0014,LOC0207,WH-T-008,B00140431,591,03-02-2028,75,06-08-2026 09:00
MED0107,LOC0207,WH-T-008,B01070524,635,08-12-2028,30,06-08-2026 09:00
MED0055,LOC0207,WH-T-008,B00550681,77,26-12-2027,75,06-08-2026 09:00
MED0024,LOC0207,WH-T-008,B00240795,354,19-10-2027,30,06-08-2026 09:00
MED0108,LOC0207,WH-T-008,B01080837,279,07-03-2027,100,06-08-2026 09:00
MED0049,LOC0207,WH-T-008,B00490977,697,19-11-2026,50,06-08-2026 09:00
MED0109,LOC0207,WH-T-008,B01091034,280,12-04-2026,75,06-08-2026 09:00
MED0035,LOC0207,WH-T-008,B00351172,588,18-02-2027,100,06-08-2026 09:00
MED0066,LOC0207,WH-T-008,B00661217,449,11-06-2028,50,06-08-2026 09:00
MED0040,LOC0207,WH-T-008,B00401329,2994,30-07-2027,75,06-08-2026 09:00
MED0079,LOC0207,WH-T-008,B00791443,4072,17-05-2026,50,06-08-2026 09:00
MED0083,LOC0207,WH-T-008,B00831526,599,12-09-2028,50,06-08-2026 09:00
MED0111,LOC0207,WH-T-008,B01111640,2529,20-01-2028,50,06-08-2026 09:00
MED0068,LOC0207,WH-T-008,B00681721,6,03-09-2026,50,06-08-2026 09:00
MED0100,LOC0207,WH-T-008,B01001858,0,17-09-2028,75,06-08-2026 09:00
MED0051,LOC0207,WH-T-008,B00511937,120,03-10-2027,50,06-08-2026 09:00
MED0013,LOC0207,WH-T-008,B00132022,357,24-11-2026,30,06-08-2026 09:00
MED0102,LOC0207,WH-T-008,B01022123,97,23-09-2028,50,06-08-2026 09:00
MED0050,LOC0207,WH-T-008,B00502270,305,29-10-2027,75,06-08-2026 09:00
MED0021,LOC0207,WH-T-008,B00212344,435,17-04-2028,30,06-08-2026 09:00
MED0071,LOC0207,WH-T-008,B00712490,90,16-01-2027,20,06-08-2026 09:00
MED0067,LOC0207,WH-T-008,B00672524,15,16-03-2028,75,06-08-2026 09:00
MED0114,LOC0207,WH-T-008,B01142654,657,26-08-2026,100,06-08-2026 09:00
MED0052,LOC0207,WH-T-008,B00522798,367,13-09-2026,20,06-08-2026 09:00
MED0028,LOC0207,WH-T-008,B00282837,793,16-03-2028,50,06-08-2026 09:00
MED0043,LOC0207,WH-T-008,B00432964,478,12-12-2027,75,06-08-2026 09:00
MED0069,LOC0207,WH-T-008,B00693040,529,01-06-2026,20,06-08-2026 09:00
MED0008,LOC0207,WH-T-008,B00083149,70,10-05-2028,100,06-08-2026 09:00
MED0048,LOC0207,WH-T-008,B00483293,3918,23-05-2027,100,06-08-2026 09:00
MED0027,LOC0207,WH-T-008,B00273349,618,01-08-2026,20,06-08-2026 09:00
MED0036,LOC0208,WH-T-009,B00360136,0,04-11-2027,100,06-08-2026 09:00
MED0033,LOC0208,WH-T-009,B00330256,168,06-09-2028,50,06-08-2026 09:00
MED0044,LOC0208,WH-T-009,B00440354,53,22-12-2028,50,06-08-2026 09:00
MED0001,LOC0208,WH-T-009,B00010449,576,17-05-2027,30,06-08-2026 09:00
MED0031,LOC0208,WH-T-009,B00310585,4773,25-07-2028,50,06-08-2026 09:00
MED0003,LOC0208,WH-T-009,B00030617,430,31-08-2026,75,06-08-2026 09:00
MED0085,LOC0208,WH-T-009,B00850769,637,13-04-2027,20,06-08-2026 09:00
MED0111,LOC0208,WH-T-009,B01110893,717,26-07-2027,50,06-08-2026 09:00
MED0049,LOC0208,WH-T-009,B00490918,3584,22-01-2029,30,06-08-2026 09:00
MED0086,LOC0208,WH-T-009,B00861056,91,22-01-2028,100,06-08-2026 09:00
MED0107,LOC0208,WH-T-009,B01071130,50,22-12-2028,75,06-08-2026 09:00
MED0034,LOC0208,WH-T-009,B00341262,177,17-12-2026,50,06-08-2026 09:00
MED0046,LOC0208,WH-T-009,B00461331,661,10-05-2027,30,06-08-2026 09:00
MED0092,LOC0208,WH-T-009,B00921487,208,20-02-2028,30,06-08-2026 09:00
MED0093,LOC0208,WH-T-009,B00931548,661,12-06-2028,100,06-08-2026 09:00
MED0016,LOC0208,WH-T-009,B00161651,575,12-04-2027,50,06-08-2026 09:00
MED0087,LOC0208,WH-T-009,B00871732,285,29-09-2027,20,06-08-2026 09:00
MED0079,LOC0208,WH-T-009,B00791856,455,16-12-2027,100,06-08-2026 09:00
MED0097,LOC0208,WH-T-009,B00971996,4109,12-04-2028,50,06-08-2026 09:00
MED0007,LOC0208,WH-T-009,B00072064,446,15-05-2027,100,06-08-2026 09:00
MED0066,LOC0208,WH-T-009,B00662136,355,02-01-2027,75,06-08-2026 09:00
MED0011,LOC0208,WH-T-009,B00112219,80,07-08-2028,20,06-08-2026 09:00
MED0094,LOC0208,WH-T-009,B00942373,778,15-04-2028,30,06-08-2026 09:00
MED0062,LOC0208,WH-T-009,B00622443,656,16-01-2029,50,06-08-2026 09:00
MED0030,LOC0208,WH-T-009,B00302552,3176,11-06-2027,30,06-08-2026 09:00
MED0028,LOC0208,WH-T-009,B00282668,776,14-01-2029,50,06-08-2026 09:00
MED0095,LOC0208,WH-T-009,B00952789,539,28-06-2027,50,06-08-2026 09:00
MED0004,LOC0208,WH-T-009,B00042856,205,14-03-2027,75,06-08-2026 09:00
MED0023,LOC0208,WH-T-009,B00232934,293,03-08-2028,30,06-08-2026 09:00
MED0064,LOC0208,WH-T-009,B00643055,773,08-01-2027,50,06-08-2026 09:00
MED0082,LOC0208,WH-T-009,B00823158,696,20-01-2029,20,06-08-2026 09:00
MED0106,LOC0208,WH-T-009,B01063278,21,20-01-2028,75,06-08-2026 09:00
MED0110,LOC0208,WH-T-009,B01103342,729,08-04-2027,100,06-08-2026 09:00
MED0018,LOC0208,WH-T-009,B00183463,3466,28-09-2027,75,06-08-2026 09:00
MED0059,LOC0208,WH-T-009,B00593514,0,17-07-2026,20,06-08-2026 09:00
MED0024,LOC0208,WH-T-009,B00243627,166,17-02-2027,30,06-08-2026 09:00
MED0022,LOC0208,WH-T-009,B00223763,372,13-08-2026,30,06-08-2026 09:00
MED0027,LOC0208,WH-T-009,B00273855,139,25-05-2028,100,06-08-2026 09:00
MED0108,LOC0208,WH-T-009,B01083939,2518,28-12-2027,50,06-08-2026 09:00
MED0029,LOC0208,WH-T-009,B00294043,764,25-08-2026,30,06-08-2026 09:00
MED0055,LOC0208,WH-T-009,B00554114,486,17-09-2026,50,06-08-2026 09:00
MED0042,LOC0208,WH-T-009,B00424266,632,13-05-2028,50,06-08-2026 09:00
MED0008,LOC0208,WH-T-009,B00084396,33,23-01-2027,75,06-08-2026 09:00
MED0103,LOC0208,WH-T-009,B01034432,779,05-06-2027,20,06-08-2026 09:00
MED0077,LOC0208,WH-T-009,B00774597,190,02-05-2027,75,06-08-2026 09:00
MED0019,LOC0208,WH-T-009,B00194688,363,02-01-2028,75,06-08-2026 09:00
MED0050,LOC0208,WH-T-009,B00504782,734,26-11-2028,20,06-08-2026 09:00
MED0006,LOC0208,WH-T-009,B00064868,3397,07-06-2028,30,06-08-2026 09:00
MED0043,LOC0208,WH-T-009,B00434947,720,01-11-2027,30,06-08-2026 09:00
MED0044,LOC0209,WH-T-010,B00440125,698,07-12-2027,100,06-08-2026 09:00
MED0018,LOC0209,WH-T-010,B00180294,675,20-09-2026,30,06-08-2026 09:00
MED0059,LOC0209,WH-T-010,B00590353,0,09-11-2027,20,06-08-2026 09:00
MED0072,LOC0209,WH-T-010,B00720437,334,14-12-2027,20,06-08-2026 09:00
MED0094,LOC0209,WH-T-010,B00940514,209,02-03-2028,75,06-08-2026 09:00
MED0061,LOC0209,WH-T-010,B00610665,607,27-12-2027,30,06-08-2026 09:00
MED0056,LOC0209,WH-T-010,B00560744,545,09-05-2028,100,06-08-2026 09:00
MED0082,LOC0209,WH-T-010,B00820817,3577,11-01-2027,30,06-08-2026 09:00
MED0100,LOC0209,WH-T-010,B01000988,772,20-09-2026,75,06-08-2026 09:00
MED0021,LOC0209,WH-T-010,B00211056,211,21-12-2027,50,06-08-2026 09:00
MED0081,LOC0209,WH-T-010,B00811166,80,07-05-2026,50,06-08-2026 09:00
MED0049,LOC0209,WH-T-010,B00491217,2185,30-09-2028,75,06-08-2026 09:00
MED0001,LOC0209,WH-T-010,B00011390,587,27-05-2028,30,06-08-2026 09:00
MED0024,LOC0209,WH-T-010,B00241488,781,01-12-2027,100,06-08-2026 09:00
MED0028,LOC0209,WH-T-010,B00281536,339,06-09-2027,75,06-08-2026 09:00
MED0043,LOC0209,WH-T-010,B00431645,192,12-09-2026,50,06-08-2026 09:00
MED0055,LOC0209,WH-T-010,B00551780,103,28-10-2028,50,06-08-2026 09:00
MED0037,LOC0209,WH-T-010,B00371810,0,24-09-2026,75,06-08-2026 09:00
MED0003,LOC0209,WH-T-010,B00031944,110,02-10-2028,100,06-08-2026 09:00
MED0087,LOC0209,WH-T-010,B00872084,737,29-07-2028,20,06-08-2026 09:00
MED0075,LOC0209,WH-T-010,B00752110,309,29-08-2027,20,06-08-2026 09:00
MED0030,LOC0209,WH-T-010,B00302220,571,15-09-2028,50,06-08-2026 09:00
MED0002,LOC0209,WH-T-010,B00022330,490,05-11-2028,30,06-08-2026 09:00
MED0080,LOC0209,WH-T-010,B00802419,224,22-07-2027,100,06-08-2026 09:00
MED0079,LOC0209,WH-T-010,B00792550,421,22-03-2027,30,06-08-2026 09:00
MED0090,LOC0209,WH-T-010,B00902646,716,05-05-2027,50,06-08-2026 09:00
MED0069,LOC0209,WH-T-010,B00692726,741,27-08-2027,50,06-08-2026 09:00
MED0108,LOC0209,WH-T-010,B01082846,0,11-02-2028,50,06-08-2026 09:00
MED0066,LOC0209,WH-T-010,B00662999,4755,10-06-2028,50,06-08-2026 09:00
MED0078,LOC0209,WH-T-010,B00783067,345,13-05-2027,75,06-08-2026 09:00
MED0011,LOC0209,WH-T-010,B00113180,181,11-07-2026,75,06-08-2026 09:00
MED0077,LOC0209,WH-T-010,B00773259,2624,30-12-2028,100,06-08-2026 09:00
MED0048,LOC0209,WH-T-010,B00483378,3063,10-01-2029,75,06-08-2026 09:00
MED0092,LOC0209,WH-T-010,B00923487,499,03-08-2026,20,06-08-2026 09:00
MED0062,LOC0209,WH-T-010,B00623541,15,24-09-2028,75,06-08-2026 09:00
MED0111,LOC0209,WH-T-010,B01113650,103,06-10-2028,50,06-08-2026 09:00
MED0095,LOC0209,WH-T-010,B00953740,3921,10-06-2027,100,06-08-2026 09:00
MED0064,LOC0209,WH-T-010,B00643836,138,28-10-2027,20,06-08-2026 09:00
MED0073,LOC0209,WH-T-010,B00733916,485,28-04-2026,30,06-08-2026 09:00
MED0051,LOC0209,WH-T-010,B00514054,241,08-03-2028,50,06-08-2026 09:00
MED0076,LOC0209,WH-T-010,B00764121,787,25-02-2028,100,06-08-2026 09:00
MED0074,LOC0209,WH-T-010,B00744240,4804,21-08-2026,75,06-08-2026 09:00
MED0106,LOC0209,WH-T-010,B01064353,0,13-05-2027,30,06-08-2026 09:00
MED0068,LOC0209,WH-T-010,B00684442,425,24-12-2028,75,06-08-2026 09:00
MED0014,LOC0209,WH-T-010,B00144555,241,13-08-2026,20,06-08-2026 09:00
MED0016,LOC0209,WH-T-010,B00164679,515,28-08-2027,20,06-08-2026 09:00
MED0021,LOC0210,WH-UP-001,B00210175,332,16-09-2027,30,06-08-2026 09:00
MED0019,LOC0210,WH-UP-001,B00190288,733,23-12-2028,50,06-08-2026 09:00
MED0053,LOC0210,WH-UP-001,B00530355,261,25-12-2027,100,06-08-2026 09:00
MED0084,LOC0210,WH-UP-001,B00840438,562,21-08-2028,75,06-08-2026 09:00
MED0056,LOC0210,WH-UP-001,B00560597,685,04-11-2026,50,06-08-2026 09:00
MED0026,LOC0210,WH-UP-001,B00260635,443,31-03-2027,75,06-08-2026 09:00
MED0012,LOC0210,WH-UP-001,B00120768,41,29-07-2027,20,06-08-2026 09:00
MED0048,LOC0210,WH-UP-001,B00480823,463,18-11-2026,100,06-08-2026 09:00
MED0039,LOC0210,WH-UP-001,B00390993,509,17-05-2027,75,06-08-2026 09:00
MED0028,LOC0210,WH-UP-001,B00281096,258,08-08-2026,50,06-08-2026 09:00
MED0003,LOC0210,WH-UP-001,B00031162,4478,28-05-2027,50,06-08-2026 09:00
MED0076,LOC0210,WH-UP-001,B00761261,156,14-05-2027,50,06-08-2026 09:00
MED0079,LOC0210,WH-UP-001,B00791363,291,16-03-2028,50,06-08-2026 09:00
MED0004,LOC0210,WH-UP-001,B00041471,786,21-01-2028,100,06-08-2026 09:00
MED0027,LOC0210,WH-UP-001,B00271559,644,13-05-2027,50,06-08-2026 09:00
MED0083,LOC0210,WH-UP-001,B00831621,726,18-01-2029,100,06-08-2026 09:00
MED0111,LOC0210,WH-UP-001,B01111781,135,05-01-2029,30,06-08-2026 09:00
MED0040,LOC0210,WH-UP-001,B00401831,96,05-11-2026,100,06-08-2026 09:00
MED0089,LOC0210,WH-UP-001,B00891959,495,12-09-2026,75,06-08-2026 09:00
MED0073,LOC0210,WH-UP-001,B00732079,617,08-02-2027,20,06-08-2026 09:00
MED0016,LOC0210,WH-UP-001,B00162163,3882,10-03-2027,50,06-08-2026 09:00
MED0032,LOC0210,WH-UP-001,B00322298,557,04-10-2027,20,06-08-2026 09:00
MED0010,LOC0210,WH-UP-001,B00102330,428,11-05-2027,30,06-08-2026 09:00
MED0046,LOC0210,WH-UP-001,B00462449,320,16-01-2027,100,06-08-2026 09:00
MED0049,LOC0210,WH-UP-001,B00492518,579,30-11-2027,20,06-08-2026 09:00
MED0082,LOC0210,WH-UP-001,B00822653,635,14-04-2027,50,06-08-2026 09:00
MED0044,LOC0210,WH-UP-001,B00442752,47,03-04-2028,75,06-08-2026 09:00
MED0109,LOC0210,WH-UP-001,B01092838,15,24-10-2028,20,06-08-2026 09:00
MED0090,LOC0210,WH-UP-001,B00902919,494,19-11-2028,50,06-08-2026 09:00
MED0110,LOC0210,WH-UP-001,B01103093,140,29-11-2026,20,06-08-2026 09:00
MED0064,LOC0210,WH-UP-001,B00643191,540,10-11-2027,30,06-08-2026 09:00
MED0108,LOC0210,WH-UP-001,B01083298,719,11-02-2027,100,06-08-2026 09:00
MED0100,LOC0210,WH-UP-001,B01003369,157,10-12-2026,30,06-08-2026 09:00
MED0052,LOC0210,WH-UP-001,B00523457,46,10-07-2027,30,06-08-2026 09:00
MED0097,LOC0210,WH-UP-001,B00973596,229,28-07-2028,100,06-08-2026 09:00
MED0054,LOC0210,WH-UP-001,B00543690,4862,22-08-2026,50,06-08-2026 09:00
MED0087,LOC0210,WH-UP-001,B00873779,781,11-07-2027,100,06-08-2026 09:00
MED0043,LOC0210,WH-UP-001,B00433859,449,26-02-2028,75,06-08-2026 09:00
MED0011,LOC0210,WH-UP-001,B00113991,160,11-11-2026,75,06-08-2026 09:00
MED0106,LOC0210,WH-UP-001,B01064059,186,25-09-2026,100,06-08-2026 09:00
MED0042,LOC0210,WH-UP-001,B00424175,311,28-07-2027,75,06-08-2026 09:00
MED0022,LOC0210,WH-UP-001,B00224229,277,21-12-2027,75,06-08-2026 09:00
MED0024,LOC0210,WH-UP-001,B00244381,66,26-09-2028,20,06-08-2026 09:00
MED0066,LOC0210,WH-UP-001,B00664474,629,27-06-2028,50,06-08-2026 09:00
MED0019,LOC0211,WH-UP-002,B00190121,114,28-12-2027,50,06-08-2026 09:00
MED0007,LOC0211,WH-UP-002,B00070244,700,06-05-2027,75,06-08-2026 09:00
MED0023,LOC0211,WH-UP-002,B00230393,538,01-03-2027,20,06-08-2026 09:00
MED0108,LOC0211,WH-UP-002,B01080472,246,23-05-2027,75,06-08-2026 09:00
MED0076,LOC0211,WH-UP-002,B00760595,753,02-11-2028,20,06-08-2026 09:00
MED0066,LOC0211,WH-UP-002,B00660632,2994,15-04-2027,50,06-08-2026 09:00
MED0011,LOC0211,WH-UP-002,B00110751,342,09-03-2027,75,06-08-2026 09:00
MED0009,LOC0211,WH-UP-002,B00090820,546,28-10-2027,30,06-08-2026 09:00
MED0027,LOC0211,WH-UP-002,B00270962,504,05-03-2027,75,06-08-2026 09:00
MED0002,LOC0211,WH-UP-002,B00021074,284,29-12-2027,50,06-08-2026 09:00
MED0098,LOC0211,WH-UP-002,B00981197,108,27-04-2027,50,06-08-2026 09:00
MED0001,LOC0211,WH-UP-002,B00011217,0,06-01-2029,100,06-08-2026 09:00
MED0067,LOC0211,WH-UP-002,B00671376,664,28-08-2026,30,06-08-2026 09:00
MED0035,LOC0211,WH-UP-002,B00351420,100,25-04-2028,50,06-08-2026 09:00
MED0031,LOC0211,WH-UP-002,B00311515,54,31-08-2026,20,06-08-2026 09:00
MED0083,LOC0211,WH-UP-002,B00831691,763,15-10-2027,30,06-08-2026 09:00
MED0028,LOC0211,WH-UP-002,B00281711,521,02-07-2028,100,06-08-2026 09:00
MED0075,LOC0211,WH-UP-002,B00751898,49,27-03-2027,20,06-08-2026 09:00
MED0016,LOC0211,WH-UP-002,B00161973,233,17-12-2027,30,06-08-2026 09:00
MED0038,LOC0211,WH-UP-002,B00382081,146,15-12-2027,75,06-08-2026 09:00
MED0111,LOC0211,WH-UP-002,B01112181,541,25-05-2028,100,06-08-2026 09:00
MED0097,LOC0211,WH-UP-002,B00972268,524,21-01-2029,50,06-08-2026 09:00
MED0091,LOC0211,WH-UP-002,B00912339,630,01-05-2028,20,06-08-2026 09:00
MED0071,LOC0211,WH-UP-002,B00712421,454,26-10-2027,50,06-08-2026 09:00
MED0015,LOC0211,WH-UP-002,B00152570,781,23-07-2027,20,06-08-2026 09:00
MED0010,LOC0211,WH-UP-002,B00102676,642,12-05-2027,30,06-08-2026 09:00
MED0082,LOC0211,WH-UP-002,B00822799,220,12-08-2026,30,06-08-2026 09:00
MED0057,LOC0211,WH-UP-002,B00572848,176,06-02-2027,50,06-08-2026 09:00
MED0110,LOC0211,WH-UP-002,B01102958,0,16-09-2027,30,06-08-2026 09:00
MED0053,LOC0211,WH-UP-002,B00533051,641,03-04-2027,100,06-08-2026 09:00
MED0032,LOC0211,WH-UP-002,B00323112,307,11-12-2028,100,06-08-2026 09:00
MED0025,LOC0211,WH-UP-002,B00253287,604,25-04-2028,20,06-08-2026 09:00
MED0003,LOC0211,WH-UP-002,B00033323,368,31-05-2026,30,06-08-2026 09:00
MED0081,LOC0211,WH-UP-002,B00813415,682,16-09-2026,100,06-08-2026 09:00
MED0044,LOC0211,WH-UP-002,B00443519,0,08-12-2027,30,06-08-2026 09:00
MED0103,LOC0211,WH-UP-002,B01033659,0,20-02-2027,75,06-08-2026 09:00
MED0059,LOC0211,WH-UP-002,B00593798,274,18-09-2027,75,06-08-2026 09:00
MED0036,LOC0211,WH-UP-002,B00363886,138,05-12-2026,100,06-08-2026 09:00
MED0074,LOC0211,WH-UP-002,B00743919,543,22-04-2028,100,06-08-2026 09:00
MED0080,LOC0211,WH-UP-002,B00804027,3594,14-07-2028,100,06-08-2026 09:00
MED0113,LOC0211,WH-UP-002,B01134151,260,31-12-2026,30,06-08-2026 09:00
MED0037,LOC0211,WH-UP-002,B00374231,316,19-02-2028,50,06-08-2026 09:00
MED0073,LOC0211,WH-UP-002,B00734393,799,23-05-2027,20,06-08-2026 09:00
MED0100,LOC0211,WH-UP-002,B01004462,724,19-01-2027,75,06-08-2026 09:00
MED0022,LOC0211,WH-UP-002,B00224524,279,01-09-2027,20,06-08-2026 09:00
MED0087,LOC0211,WH-UP-002,B00874689,161,12-01-2027,75,06-08-2026 09:00
MED0013,LOC0211,WH-UP-002,B00134764,2228,08-12-2027,20,06-08-2026 09:00
MED0070,LOC0211,WH-UP-002,B00704822,248,21-03-2027,100,06-08-2026 09:00
MED0079,LOC0211,WH-UP-002,B00794975,568,24-10-2027,100,06-08-2026 09:00
MED0114,LOC0211,WH-UP-002,B01145071,768,12-09-2027,50,06-08-2026 09:00
MED0077,LOC0211,WH-UP-002,B00775130,374,02-02-2027,20,06-08-2026 09:00
MED0063,LOC0211,WH-UP-002,B00635245,354,13-10-2028,75,06-08-2026 09:00
MED0061,LOC0211,WH-UP-002,B00615368,323,07-01-2028,20,06-08-2026 09:00
MED0043,LOC0212,WH-UP-003,B00430163,347,05-09-2026,30,06-08-2026 09:00
MED0059,LOC0212,WH-UP-003,B00590234,728,05-07-2027,20,06-08-2026 09:00
MED0099,LOC0212,WH-UP-003,B00990392,621,12-04-2028,50,06-08-2026 09:00
MED0102,LOC0212,WH-UP-003,B01020465,528,03-04-2028,50,06-08-2026 09:00
MED0015,LOC0212,WH-UP-003,B00150536,195,20-07-2027,100,06-08-2026 09:00
MED0011,LOC0212,WH-UP-003,B00110673,164,15-09-2028,50,06-08-2026 09:00
MED0106,LOC0212,WH-UP-003,B01060798,133,10-03-2027,100,06-08-2026 09:00
MED0016,LOC0212,WH-UP-003,B00160879,2984,22-06-2028,20,06-08-2026 09:00
MED0018,LOC0212,WH-UP-003,B00180910,9,18-08-2027,100,06-08-2026 09:00
MED0005,LOC0212,WH-UP-003,B00051094,430,16-09-2027,20,06-08-2026 09:00
MED0064,LOC0212,WH-UP-003,B00641115,16,26-08-2026,100,06-08-2026 09:00
MED0003,LOC0212,WH-UP-003,B00031267,753,07-05-2026,50,06-08-2026 09:00
MED0014,LOC0212,WH-UP-003,B00141315,688,08-07-2028,100,06-08-2026 09:00
MED0067,LOC0212,WH-UP-003,B00671469,57,04-10-2026,100,06-08-2026 09:00
MED0089,LOC0212,WH-UP-003,B00891587,277,13-12-2027,100,06-08-2026 09:00
MED0085,LOC0212,WH-UP-003,B00851676,781,26-02-2027,20,06-08-2026 09:00
MED0103,LOC0212,WH-UP-003,B01031779,430,30-04-2028,30,06-08-2026 09:00
MED0100,LOC0212,WH-UP-003,B01001820,418,02-01-2028,30,06-08-2026 09:00
MED0044,LOC0212,WH-UP-003,B00441970,398,21-09-2028,75,06-08-2026 09:00
MED0081,LOC0212,WH-UP-003,B00812086,726,12-05-2027,20,06-08-2026 09:00
MED0068,LOC0212,WH-UP-003,B00682196,697,06-09-2027,75,06-08-2026 09:00
MED0073,LOC0212,WH-UP-003,B00732244,637,30-09-2026,30,06-08-2026 09:00
MED0025,LOC0212,WH-UP-003,B00252321,473,14-05-2028,100,06-08-2026 09:00
MED0048,LOC0212,WH-UP-003,B00482466,2566,20-04-2027,50,06-08-2026 09:00
MED0093,LOC0212,WH-UP-003,B00932570,0,22-03-2026,75,06-08-2026 09:00
MED0055,LOC0212,WH-UP-003,B00552643,41,19-04-2027,50,06-08-2026 09:00
MED0063,LOC0212,WH-UP-003,B00632778,547,23-09-2026,50,06-08-2026 09:00
MED0095,LOC0212,WH-UP-003,B00952857,394,01-07-2028,100,06-08-2026 09:00
MED0076,LOC0212,WH-UP-003,B00762935,4351,12-09-2026,20,06-08-2026 09:00
MED0024,LOC0212,WH-UP-003,B00243020,448,05-11-2028,100,06-08-2026 09:00
MED0053,LOC0212,WH-UP-003,B00533189,22,24-08-2026,50,06-08-2026 09:00
MED0110,LOC0213,WH-UP-004,B01100110,0,05-06-2028,30,06-08-2026 09:00
MED0040,LOC0213,WH-UP-004,B00400288,711,10-06-2028,100,06-08-2026 09:00
MED0028,LOC0213,WH-UP-004,B00280318,285,07-01-2028,100,06-08-2026 09:00
MED0071,LOC0213,WH-UP-004,B00710421,0,04-03-2027,75,06-08-2026 09:00
MED0096,LOC0213,WH-UP-004,B00960550,359,19-04-2027,20,06-08-2026 09:00
MED0023,LOC0213,WH-UP-004,B00230690,136,22-09-2026,75,06-08-2026 09:00
MED0070,LOC0213,WH-UP-004,B00700768,0,24-10-2027,100,06-08-2026 09:00
MED0085,LOC0213,WH-UP-004,B00850817,351,28-11-2026,100,06-08-2026 09:00
MED0098,LOC0213,WH-UP-004,B00980958,75,29-12-2028,50,06-08-2026 09:00
MED0010,LOC0213,WH-UP-004,B00101067,0,17-11-2028,30,06-08-2026 09:00
MED0113,LOC0213,WH-UP-004,B01131112,444,14-05-2027,30,06-08-2026 09:00
MED0003,LOC0213,WH-UP-004,B00031281,3307,06-05-2027,30,06-08-2026 09:00
MED0038,LOC0213,WH-UP-004,B00381313,22,17-02-2028,30,06-08-2026 09:00
MED0050,LOC0213,WH-UP-004,B00501499,657,10-12-2027,20,06-08-2026 09:00
MED0109,LOC0213,WH-UP-004,B01091595,681,08-11-2026,20,06-08-2026 09:00
MED0104,LOC0213,WH-UP-004,B01041634,749,18-07-2028,30,06-08-2026 09:00
MED0061,LOC0213,WH-UP-004,B00611756,476,11-03-2028,30,06-08-2026 09:00
MED0069,LOC0213,WH-UP-004,B00691859,626,23-11-2027,75,06-08-2026 09:00
MED0056,LOC0213,WH-UP-004,B00561947,190,23-12-2028,100,06-08-2026 09:00
MED0088,LOC0213,WH-UP-004,B00882087,428,01-06-2028,100,06-08-2026 09:00
MED0094,LOC0213,WH-UP-004,B00942166,745,03-04-2026,100,06-08-2026 09:00
MED0026,LOC0213,WH-UP-004,B00262254,648,25-01-2028,50,06-08-2026 09:00
MED0046,LOC0213,WH-UP-004,B00462360,767,19-11-2027,100,06-08-2026 09:00
MED0057,LOC0213,WH-UP-004,B00572445,794,06-05-2027,50,06-08-2026 09:00
MED0024,LOC0213,WH-UP-004,B00242597,247,08-05-2028,30,06-08-2026 09:00
MED0112,LOC0213,WH-UP-004,B01122621,631,10-11-2027,30,06-08-2026 09:00
MED0053,LOC0213,WH-UP-004,B00532736,187,20-03-2028,75,06-08-2026 09:00
MED0107,LOC0213,WH-UP-004,B01072860,4255,30-04-2028,50,06-08-2026 09:00
MED0021,LOC0213,WH-UP-004,B00212981,642,25-08-2026,30,06-08-2026 09:00
MED0062,LOC0213,WH-UP-004,B00623035,451,26-12-2027,75,06-08-2026 09:00
MED0030,LOC0213,WH-UP-004,B00303134,738,08-08-2026,100,06-08-2026 09:00
MED0084,LOC0213,WH-UP-004,B00843273,449,06-05-2027,20,06-08-2026 09:00
MED0007,LOC0213,WH-UP-004,B00073395,428,28-12-2027,75,06-08-2026 09:00
MED0065,LOC0213,WH-UP-004,B00653495,534,26-01-2028,100,06-08-2026 09:00
MED0074,LOC0213,WH-UP-004,B00743597,178,08-10-2027,50,06-08-2026 09:00
MED0002,LOC0213,WH-UP-004,B00023661,332,03-09-2027,20,06-08-2026 09:00
MED0031,LOC0213,WH-UP-004,B00313762,71,30-07-2027,30,06-08-2026 09:00
MED0099,LOC0213,WH-UP-004,B00993824,4954,25-09-2027,50,06-08-2026 09:00
MED0041,LOC0213,WH-UP-004,B00413919,135,03-10-2026,50,06-08-2026 09:00
MED0102,LOC0213,WH-UP-004,B01024092,128,31-03-2028,30,06-08-2026 09:00
MED0077,LOC0213,WH-UP-004,B00774165,544,22-11-2028,75,06-08-2026 09:00
MED0051,LOC0213,WH-UP-004,B00514265,110,21-07-2027,100,06-08-2026 09:00
MED0081,LOC0213,WH-UP-004,B00814354,104,27-12-2028,75,06-08-2026 09:00
MED0037,LOC0213,WH-UP-004,B00374498,424,21-02-2027,100,06-08-2026 09:00
MED0032,LOC0213,WH-UP-004,B00324519,168,15-09-2027,50,06-08-2026 09:00
MED0100,LOC0213,WH-UP-004,B01004652,395,22-11-2027,30,06-08-2026 09:00
MED0009,LOC0213,WH-UP-004,B00094772,753,08-11-2028,30,06-08-2026 09:00
MED0006,LOC0213,WH-UP-004,B00064858,200,01-03-2027,100,06-08-2026 09:00
MED0042,LOC0213,WH-UP-004,B00424930,5,07-05-2027,100,06-08-2026 09:00
MED0075,LOC0213,WH-UP-004,B00755074,84,25-01-2027,75,06-08-2026 09:00
MED0101,LOC0213,WH-UP-004,B01015186,0,24-08-2026,20,06-08-2026 09:00
MED0036,LOC0213,WH-UP-004,B00365242,0,03-05-2028,100,06-08-2026 09:00
MED0027,LOC0213,WH-UP-004,B00275356,322,10-10-2027,75,06-08-2026 09:00
MED0082,LOC0213,WH-UP-004,B00825437,252,25-08-2028,75,06-08-2026 09:00
MED0108,LOC0213,WH-UP-004,B01085534,234,12-01-2027,30,06-08-2026 09:00
MED0083,LOC0213,WH-UP-004,B00835691,723,19-05-2028,30,06-08-2026 09:00
MED0052,LOC0213,WH-UP-004,B00525789,594,30-07-2027,30,06-08-2026 09:00
MED0092,LOC0213,WH-UP-004,B00925877,601,14-11-2026,100,06-08-2026 09:00
MED0043,LOC0213,WH-UP-004,B00435936,528,27-03-2028,50,06-08-2026 09:00
MED0074,LOC0214,WH-UP-005,B00740163,478,29-12-2026,20,06-08-2026 09:00
MED0101,LOC0214,WH-UP-005,B01010252,435,10-11-2028,30,06-08-2026 09:00
MED0059,LOC0214,WH-UP-005,B00590332,579,29-03-2028,100,06-08-2026 09:00
MED0041,LOC0214,WH-UP-005,B00410420,307,10-07-2027,50,06-08-2026 09:00
MED0066,LOC0214,WH-UP-005,B00660597,700,27-03-2027,30,06-08-2026 09:00
MED0035,LOC0214,WH-UP-005,B00350641,176,25-06-2028,20,06-08-2026 09:00
MED0097,LOC0214,WH-UP-005,B00970720,603,05-10-2028,100,06-08-2026 09:00
MED0043,LOC0214,WH-UP-005,B00430853,2744,18-01-2027,30,06-08-2026 09:00
MED0055,LOC0214,WH-UP-005,B00550920,660,01-11-2027,20,06-08-2026 09:00
MED0019,LOC0214,WH-UP-005,B00191023,285,23-05-2026,30,06-08-2026 09:00
MED0061,LOC0214,WH-UP-005,B00611111,169,18-03-2028,75,06-08-2026 09:00
MED0014,LOC0214,WH-UP-005,B00141219,462,19-11-2027,20,06-08-2026 09:00
MED0083,LOC0214,WH-UP-005,B00831330,0,21-06-2026,100,06-08-2026 09:00
MED0025,LOC0214,WH-UP-005,B00251469,0,21-12-2028,75,06-08-2026 09:00
MED0060,LOC0214,WH-UP-005,B00601542,245,25-02-2028,100,06-08-2026 09:00
MED0007,LOC0214,WH-UP-005,B00071619,278,16-06-2027,100,06-08-2026 09:00
MED0081,LOC0214,WH-UP-005,B00811779,213,21-08-2026,20,06-08-2026 09:00
MED0105,LOC0214,WH-UP-005,B01051871,248,23-01-2028,50,06-08-2026 09:00
MED0034,LOC0214,WH-UP-005,B00341978,0,21-10-2027,30,06-08-2026 09:00
MED0039,LOC0214,WH-UP-005,B00392053,3731,15-08-2027,30,06-08-2026 09:00
MED0051,LOC0214,WH-UP-005,B00512144,429,25-03-2027,100,06-08-2026 09:00
MED0079,LOC0214,WH-UP-005,B00792229,2557,24-01-2027,30,06-08-2026 09:00
MED0068,LOC0214,WH-UP-005,B00682388,374,31-03-2028,50,06-08-2026 09:00
MED0036,LOC0214,WH-UP-005,B00362412,631,02-06-2027,100,06-08-2026 09:00
MED0045,LOC0214,WH-UP-005,B00452552,273,05-10-2026,75,06-08-2026 09:00
MED0073,LOC0214,WH-UP-005,B00732668,0,02-01-2027,75,06-08-2026 09:00
MED0070,LOC0214,WH-UP-005,B00702793,720,09-11-2028,75,06-08-2026 09:00
MED0093,LOC0214,WH-UP-005,B00932853,307,02-11-2028,30,06-08-2026 09:00
MED0004,LOC0214,WH-UP-005,B00042966,480,12-07-2028,50,06-08-2026 09:00
MED0078,LOC0214,WH-UP-005,B00783098,2451,15-12-2028,20,06-08-2026 09:00
MED0008,LOC0214,WH-UP-005,B00083115,498,23-09-2028,75,06-08-2026 09:00
MED0049,LOC0214,WH-UP-005,B00493286,396,24-09-2027,30,06-08-2026 09:00
MED0052,LOC0214,WH-UP-005,B00523377,585,15-01-2028,75,06-08-2026 09:00
MED0048,LOC0215,WH-UP-006,B00480165,560,03-06-2026,100,06-08-2026 09:00
MED0066,LOC0215,WH-UP-006,B00660282,795,14-09-2027,75,06-08-2026 09:00
MED0028,LOC0215,WH-UP-006,B00280384,0,20-09-2027,75,06-08-2026 09:00
MED0091,LOC0215,WH-UP-006,B00910424,0,10-08-2028,100,06-08-2026 09:00
MED0013,LOC0215,WH-UP-006,B00130538,678,04-08-2027,100,06-08-2026 09:00
MED0104,LOC0215,WH-UP-006,B01040613,146,11-10-2027,30,06-08-2026 09:00
MED0002,LOC0215,WH-UP-006,B00020770,2316,07-04-2028,30,06-08-2026 09:00
MED0103,LOC0215,WH-UP-006,B01030832,4,01-07-2026,20,06-08-2026 09:00
MED0074,LOC0215,WH-UP-006,B00740931,367,10-12-2028,30,06-08-2026 09:00
MED0108,LOC0215,WH-UP-006,B01081059,240,06-11-2027,20,06-08-2026 09:00
MED0025,LOC0215,WH-UP-006,B00251159,541,19-04-2026,20,06-08-2026 09:00
MED0045,LOC0215,WH-UP-006,B00451221,119,19-11-2026,20,06-08-2026 09:00
MED0072,LOC0215,WH-UP-006,B00721355,549,23-02-2028,50,06-08-2026 09:00
MED0087,LOC0215,WH-UP-006,B00871434,102,16-03-2028,100,06-08-2026 09:00
MED0107,LOC0215,WH-UP-006,B01071517,0,01-10-2027,100,06-08-2026 09:00
MED0065,LOC0215,WH-UP-006,B00651669,644,12-11-2027,75,06-08-2026 09:00
MED0092,LOC0215,WH-UP-006,B00921725,187,24-05-2027,75,06-08-2026 09:00
MED0061,LOC0215,WH-UP-006,B00611816,0,26-10-2027,75,06-08-2026 09:00
MED0018,LOC0215,WH-UP-006,B00181926,348,15-06-2026,30,06-08-2026 09:00
MED0049,LOC0215,WH-UP-006,B00492096,62,15-10-2028,75,06-08-2026 09:00
MED0109,LOC0215,WH-UP-006,B01092164,281,10-09-2028,50,06-08-2026 09:00
MED0088,LOC0215,WH-UP-006,B00882250,796,04-12-2028,100,06-08-2026 09:00
MED0024,LOC0215,WH-UP-006,B00242369,390,26-11-2027,75,06-08-2026 09:00
MED0089,LOC0215,WH-UP-006,B00892462,675,22-07-2027,75,06-08-2026 09:00
MED0097,LOC0215,WH-UP-006,B00972574,122,04-11-2028,100,06-08-2026 09:00
MED0100,LOC0215,WH-UP-006,B01002699,0,02-08-2026,50,06-08-2026 09:00
MED0005,LOC0215,WH-UP-006,B00052775,454,05-02-2028,20,06-08-2026 09:00
MED0098,LOC0215,WH-UP-006,B00982840,99,06-04-2026,50,06-08-2026 09:00
MED0063,LOC0215,WH-UP-006,B00632951,195,03-04-2027,100,06-08-2026 09:00
MED0082,LOC0215,WH-UP-006,B00823031,228,11-01-2029,100,06-08-2026 09:00
MED0010,LOC0215,WH-UP-006,B00103152,214,06-08-2027,30,06-08-2026 09:00
MED0078,LOC0215,WH-UP-006,B00783261,3130,07-09-2026,20,06-08-2026 09:00
MED0020,LOC0215,WH-UP-006,B00203320,431,25-01-2028,50,06-08-2026 09:00
MED0050,LOC0215,WH-UP-006,B00503486,51,08-05-2026,20,06-08-2026 09:00
MED0040,LOC0215,WH-UP-006,B00403530,125,29-11-2027,20,06-08-2026 09:00
MED0101,LOC0215,WH-UP-006,B01013690,770,12-06-2027,50,06-08-2026 09:00
MED0015,LOC0215,WH-UP-006,B00153746,520,30-01-2027,30,06-08-2026 09:00
MED0001,LOC0215,WH-UP-006,B00013838,4411,07-12-2027,20,06-08-2026 09:00
MED0023,LOC0215,WH-UP-006,B00233996,716,29-10-2027,20,06-08-2026 09:00
MED0031,LOC0215,WH-UP-006,B00314057,0,04-04-2026,100,06-08-2026 09:00
MED0071,LOC0215,WH-UP-006,B00714137,471,10-10-2028,75,06-08-2026 09:00
MED0057,LOC0215,WH-UP-006,B00574280,780,14-11-2028,20,06-08-2026 09:00
MED0021,LOC0215,WH-UP-006,B00214378,502,23-09-2026,30,06-08-2026 09:00
MED0036,LOC0216,WH-UP-007,B00360182,354,14-11-2028,30,06-08-2026 09:00
MED0033,LOC0216,WH-UP-007,B00330290,3937,23-01-2027,75,06-08-2026 09:00
MED0050,LOC0216,WH-UP-007,B00500371,397,28-08-2028,20,06-08-2026 09:00
MED0069,LOC0216,WH-UP-007,B00690487,793,08-07-2028,75,06-08-2026 09:00
MED0082,LOC0216,WH-UP-007,B00820524,444,07-09-2027,100,06-08-2026 09:00
MED0041,LOC0216,WH-UP-007,B00410659,397,05-05-2026,100,06-08-2026 09:00
MED0003,LOC0216,WH-UP-007,B00030781,102,23-09-2026,75,06-08-2026 09:00
MED0014,LOC0216,WH-UP-007,B00140812,132,27-10-2028,30,06-08-2026 09:00
MED0086,LOC0216,WH-UP-007,B00860981,441,08-11-2027,75,06-08-2026 09:00
MED0026,LOC0216,WH-UP-007,B00261035,0,20-06-2027,30,06-08-2026 09:00
MED0081,LOC0216,WH-UP-007,B00811174,268,21-03-2027,75,06-08-2026 09:00
MED0070,LOC0216,WH-UP-007,B00701261,592,19-09-2026,100,06-08-2026 09:00
MED0012,LOC0216,WH-UP-007,B00121365,327,15-05-2028,20,06-08-2026 09:00
MED0032,LOC0216,WH-UP-007,B00321458,324,01-07-2028,30,06-08-2026 09:00
MED0065,LOC0216,WH-UP-007,B00651582,173,04-01-2028,50,06-08-2026 09:00
MED0047,LOC0216,WH-UP-007,B00471640,346,28-04-2028,100,06-08-2026 09:00
MED0092,LOC0216,WH-UP-007,B00921778,0,28-10-2027,20,06-08-2026 09:00
MED0087,LOC0216,WH-UP-007,B00871857,724,18-02-2028,20,06-08-2026 09:00
MED0039,LOC0216,WH-UP-007,B00391988,251,27-08-2027,75,06-08-2026 09:00
MED0107,LOC0216,WH-UP-007,B01072039,40,26-10-2027,20,06-08-2026 09:00
MED0071,LOC0216,WH-UP-007,B00712187,559,30-01-2027,50,06-08-2026 09:00
MED0040,LOC0216,WH-UP-007,B00402274,167,31-01-2028,30,06-08-2026 09:00
MED0023,LOC0216,WH-UP-007,B00232390,508,06-10-2028,30,06-08-2026 09:00
MED0079,LOC0216,WH-UP-007,B00792421,4055,11-09-2026,30,06-08-2026 09:00
MED0029,LOC0216,WH-UP-007,B00292567,88,20-03-2028,75,06-08-2026 09:00
MED0021,LOC0216,WH-UP-007,B00212616,2925,01-05-2027,20,06-08-2026 09:00
MED0052,LOC0216,WH-UP-007,B00522750,447,26-08-2026,75,06-08-2026 09:00
MED0114,LOC0216,WH-UP-007,B01142888,267,16-09-2026,75,06-08-2026 09:00
MED0042,LOC0216,WH-UP-007,B00422917,654,22-11-2026,20,06-08-2026 09:00
MED0059,LOC0216,WH-UP-007,B00593097,92,03-01-2027,20,06-08-2026 09:00
MED0006,LOC0216,WH-UP-007,B00063112,282,28-06-2028,30,06-08-2026 09:00
MED0009,LOC0216,WH-UP-007,B00093241,81,28-09-2026,50,06-08-2026 09:00
MED0061,LOC0216,WH-UP-007,B00613319,363,28-05-2028,100,06-08-2026 09:00
MED0058,LOC0216,WH-UP-007,B00583444,786,03-04-2027,100,06-08-2026 09:00
MED0101,LOC0216,WH-UP-007,B01013551,459,26-08-2027,50,06-08-2026 09:00
MED0030,LOC0216,WH-UP-007,B00303664,4995,17-09-2027,75,06-08-2026 09:00
MED0063,LOC0216,WH-UP-007,B00633791,101,08-10-2028,100,06-08-2026 09:00
MED0005,LOC0216,WH-UP-007,B00053852,200,15-12-2027,100,06-08-2026 09:00
MED0083,LOC0216,WH-UP-007,B00833990,316,19-12-2026,100,06-08-2026 09:00
MED0007,LOC0216,WH-UP-007,B00074025,4110,08-10-2028,100,06-08-2026 09:00
MED0055,LOC0216,WH-UP-007,B00554175,689,19-11-2026,100,06-08-2026 09:00
MED0099,LOC0216,WH-UP-007,B00994258,534,06-12-2028,30,06-08-2026 09:00
MED0055,LOC0217,WH-UP-008,B00550162,0,08-12-2026,20,06-08-2026 09:00
MED0016,LOC0217,WH-UP-008,B00160270,4685,11-01-2029,100,06-08-2026 09:00
MED0073,LOC0217,WH-UP-008,B00730369,229,16-08-2027,30,06-08-2026 09:00
MED0061,LOC0217,WH-UP-008,B00610473,680,22-01-2028,50,06-08-2026 09:00
MED0069,LOC0217,WH-UP-008,B00690541,345,04-02-2028,100,06-08-2026 09:00
MED0082,LOC0217,WH-UP-008,B00820610,376,21-12-2027,100,06-08-2026 09:00
MED0103,LOC0217,WH-UP-008,B01030727,470,07-06-2027,50,06-08-2026 09:00
MED0100,LOC0217,WH-UP-008,B01000866,3,13-04-2028,20,06-08-2026 09:00
MED0075,LOC0217,WH-UP-008,B00750931,643,19-11-2026,100,06-08-2026 09:00
MED0049,LOC0217,WH-UP-008,B00491073,354,12-12-2028,30,06-08-2026 09:00
MED0070,LOC0217,WH-UP-008,B00701178,223,09-09-2026,75,06-08-2026 09:00
MED0010,LOC0217,WH-UP-008,B00101284,700,05-03-2026,30,06-08-2026 09:00
MED0018,LOC0217,WH-UP-008,B00181311,688,16-11-2028,20,06-08-2026 09:00
MED0105,LOC0217,WH-UP-008,B01051454,4805,28-01-2027,75,06-08-2026 09:00
MED0052,LOC0217,WH-UP-008,B00521582,313,23-01-2027,50,06-08-2026 09:00
MED0053,LOC0217,WH-UP-008,B00531646,465,19-03-2026,75,06-08-2026 09:00
MED0088,LOC0217,WH-UP-008,B00881766,499,21-09-2026,100,06-08-2026 09:00
MED0079,LOC0217,WH-UP-008,B00791858,541,25-06-2028,30,06-08-2026 09:00
MED0106,LOC0217,WH-UP-008,B01061916,432,18-01-2029,30,06-08-2026 09:00
MED0113,LOC0217,WH-UP-008,B01132099,427,11-08-2028,100,06-08-2026 09:00
MED0050,LOC0217,WH-UP-008,B00502187,182,04-04-2028,75,06-08-2026 09:00
MED0074,LOC0217,WH-UP-008,B00742241,680,28-01-2027,75,06-08-2026 09:00
MED0112,LOC0217,WH-UP-008,B01122364,381,16-12-2027,30,06-08-2026 09:00
MED0021,LOC0217,WH-UP-008,B00212475,4772,21-01-2027,75,06-08-2026 09:00
MED0059,LOC0217,WH-UP-008,B00592588,2455,12-05-2026,75,06-08-2026 09:00
MED0058,LOC0217,WH-UP-008,B00582670,162,20-12-2026,100,06-08-2026 09:00
MED0087,LOC0217,WH-UP-008,B00872712,622,18-09-2028,20,06-08-2026 09:00
MED0004,LOC0217,WH-UP-008,B00042884,248,11-09-2026,30,06-08-2026 09:00
MED0065,LOC0217,WH-UP-008,B00652959,0,18-05-2026,75,06-08-2026 09:00
MED0109,LOC0217,WH-UP-008,B01093047,649,22-08-2026,20,06-08-2026 09:00
MED0114,LOC0217,WH-UP-008,B01143121,494,24-07-2027,20,06-08-2026 09:00
MED0101,LOC0217,WH-UP-008,B01013220,353,05-10-2027,50,06-08-2026 09:00
MED0046,LOC0217,WH-UP-008,B00463356,211,18-10-2027,30,06-08-2026 09:00
MED0090,LOC0217,WH-UP-008,B00903454,3235,01-02-2027,100,06-08-2026 09:00
MED0038,LOC0217,WH-UP-008,B00383535,24,30-11-2027,75,06-08-2026 09:00
MED0110,LOC0217,WH-UP-008,B01103652,732,18-12-2027,30,06-08-2026 09:00
MED0084,LOC0217,WH-UP-008,B00843736,0,30-07-2027,20,06-08-2026 09:00
MED0048,LOC0217,WH-UP-008,B00483818,324,05-11-2026,50,06-08-2026 09:00
MED0089,LOC0217,WH-UP-008,B00893969,3498,27-07-2027,100,06-08-2026 09:00
MED0057,LOC0217,WH-UP-008,B00574090,666,15-01-2028,20,06-08-2026 09:00
MED0041,LOC0217,WH-UP-008,B00414136,640,30-09-2026,75,06-08-2026 09:00
MED0060,LOC0217,WH-UP-008,B00604245,3401,30-09-2026,50,06-08-2026 09:00
MED0063,LOC0217,WH-UP-008,B00634397,281,09-01-2027,100,06-08-2026 09:00
MED0056,LOC0217,WH-UP-008,B00564443,25,18-09-2028,50,06-08-2026 09:00
MED0062,LOC0217,WH-UP-008,B00624545,752,20-04-2028,30,06-08-2026 09:00
MED0028,LOC0217,WH-UP-008,B00284629,387,08-07-2028,20,06-08-2026 09:00
MED0086,LOC0217,WH-UP-008,B00864722,652,11-11-2027,100,06-08-2026 09:00
MED0019,LOC0218,WH-UP-009,B00190138,400,13-09-2026,30,06-08-2026 09:00
MED0059,LOC0218,WH-UP-009,B00590225,438,07-12-2028,30,06-08-2026 09:00
MED0011,LOC0218,WH-UP-009,B00110383,622,31-08-2027,20,06-08-2026 09:00
MED0007,LOC0218,WH-UP-009,B00070464,2867,30-07-2026,20,06-08-2026 09:00
MED0005,LOC0218,WH-UP-009,B00050537,776,11-04-2028,30,06-08-2026 09:00
MED0039,LOC0218,WH-UP-009,B00390683,372,07-09-2026,100,06-08-2026 09:00
MED0080,LOC0218,WH-UP-009,B00800783,409,21-09-2026,20,06-08-2026 09:00
MED0084,LOC0218,WH-UP-009,B00840822,0,30-01-2027,75,06-08-2026 09:00
MED0075,LOC0218,WH-UP-009,B00750951,152,24-10-2028,75,06-08-2026 09:00
MED0014,LOC0218,WH-UP-009,B00141020,4996,03-06-2027,100,06-08-2026 09:00
MED0023,LOC0218,WH-UP-009,B00231179,442,15-12-2028,50,06-08-2026 09:00
MED0055,LOC0218,WH-UP-009,B00551299,735,01-11-2027,75,06-08-2026 09:00
MED0099,LOC0218,WH-UP-009,B00991313,735,12-10-2028,20,06-08-2026 09:00
MED0100,LOC0218,WH-UP-009,B01001473,272,15-09-2028,100,06-08-2026 09:00
MED0036,LOC0218,WH-UP-009,B00361595,439,01-05-2028,20,06-08-2026 09:00
MED0097,LOC0218,WH-UP-009,B00971647,79,15-03-2027,100,06-08-2026 09:00
MED0031,LOC0218,WH-UP-009,B00311761,164,11-02-2027,50,06-08-2026 09:00
MED0067,LOC0218,WH-UP-009,B00671876,612,09-06-2027,30,06-08-2026 09:00
MED0034,LOC0218,WH-UP-009,B00341994,291,17-10-2028,75,06-08-2026 09:00
MED0061,LOC0218,WH-UP-009,B00612037,144,19-04-2027,75,06-08-2026 09:00
MED0092,LOC0218,WH-UP-009,B00922135,258,21-01-2028,30,06-08-2026 09:00
MED0004,LOC0218,WH-UP-009,B00042275,569,11-12-2027,75,06-08-2026 09:00
MED0079,LOC0218,WH-UP-009,B00792327,257,28-08-2026,20,06-08-2026 09:00
MED0072,LOC0218,WH-UP-009,B00722488,554,25-10-2027,100,06-08-2026 09:00
MED0013,LOC0218,WH-UP-009,B00132566,476,04-02-2027,20,06-08-2026 09:00
MED0074,LOC0218,WH-UP-009,B00742654,279,07-11-2026,75,06-08-2026 09:00
MED0021,LOC0218,WH-UP-009,B00212798,683,04-12-2027,75,06-08-2026 09:00
MED0083,LOC0218,WH-UP-009,B00832841,358,18-06-2028,50,06-08-2026 09:00
MED0003,LOC0218,WH-UP-009,B00032939,275,15-12-2028,30,06-08-2026 09:00
MED0047,LOC0218,WH-UP-009,B00473057,121,27-06-2028,50,06-08-2026 09:00
MED0111,LOC0218,WH-UP-009,B01113187,771,18-10-2028,50,06-08-2026 09:00
MED0078,LOC0218,WH-UP-009,B00783279,270,07-11-2028,75,06-08-2026 09:00
MED0090,LOC0218,WH-UP-009,B00903364,684,16-01-2028,20,06-08-2026 09:00
MED0050,LOC0218,WH-UP-009,B00503432,730,18-04-2026,30,06-08-2026 09:00
MED0028,LOC0218,WH-UP-009,B00283566,0,06-02-2028,30,06-08-2026 09:00
MED0098,LOC0218,WH-UP-009,B00983631,292,05-03-2028,20,06-08-2026 09:00
MED0073,LOC0218,WH-UP-009,B00733724,598,17-01-2028,50,06-08-2026 09:00
MED0020,LOC0218,WH-UP-009,B00203896,531,05-10-2028,50,06-08-2026 09:00
MED0001,LOC0219,WH-UP-010,B00010184,747,09-01-2029,20,06-08-2026 09:00
MED0042,LOC0219,WH-UP-010,B00420221,594,17-05-2026,30,06-08-2026 09:00
MED0097,LOC0219,WH-UP-010,B00970331,0,24-04-2027,20,06-08-2026 09:00
MED0055,LOC0219,WH-UP-010,B00550483,139,21-02-2028,75,06-08-2026 09:00
MED0071,LOC0219,WH-UP-010,B00710588,538,19-01-2029,100,06-08-2026 09:00
MED0018,LOC0219,WH-UP-010,B00180639,172,08-12-2026,50,06-08-2026 09:00
MED0094,LOC0219,WH-UP-010,B00940793,306,04-08-2026,30,06-08-2026 09:00
MED0007,LOC0219,WH-UP-010,B00070878,32,04-04-2026,75,06-08-2026 09:00
MED0072,LOC0219,WH-UP-010,B00720979,355,30-04-2026,20,06-08-2026 09:00
MED0107,LOC0219,WH-UP-010,B01071081,390,28-03-2026,50,06-08-2026 09:00
MED0066,LOC0219,WH-UP-010,B00661116,589,24-09-2028,100,06-08-2026 09:00
MED0023,LOC0219,WH-UP-010,B00231227,366,18-08-2026,100,06-08-2026 09:00
MED0003,LOC0219,WH-UP-010,B00031383,392,26-11-2026,100,06-08-2026 09:00
MED0093,LOC0219,WH-UP-010,B00931483,467,27-08-2027,100,06-08-2026 09:00
MED0061,LOC0219,WH-UP-010,B00611557,105,24-02-2027,50,06-08-2026 09:00
MED0083,LOC0219,WH-UP-010,B00831672,240,30-03-2028,100,06-08-2026 09:00
MED0065,LOC0219,WH-UP-010,B00651794,713,23-09-2028,30,06-08-2026 09:00
MED0114,LOC0219,WH-UP-010,B01141864,149,15-06-2028,20,06-08-2026 09:00
MED0077,LOC0219,WH-UP-010,B00771939,706,21-12-2028,100,06-08-2026 09:00
MED0098,LOC0219,WH-UP-010,B00982094,701,10-05-2028,30,06-08-2026 09:00
MED0104,LOC0219,WH-UP-010,B01042133,76,06-09-2028,75,06-08-2026 09:00
MED0024,LOC0219,WH-UP-010,B00242251,347,05-07-2028,100,06-08-2026 09:00
MED0022,LOC0219,WH-UP-010,B00222393,4381,21-09-2028,75,06-08-2026 09:00
MED0005,LOC0219,WH-UP-010,B00052486,0,02-02-2027,75,06-08-2026 09:00
MED0075,LOC0219,WH-UP-010,B00752539,721,22-12-2026,20,06-08-2026 09:00
MED0017,LOC0219,WH-UP-010,B00172689,411,27-10-2027,50,06-08-2026 09:00
MED0046,LOC0219,WH-UP-010,B00462711,3925,03-08-2027,30,06-08-2026 09:00
MED0103,LOC0219,WH-UP-010,B01032879,88,02-05-2028,50,06-08-2026 09:00
MED0081,LOC0219,WH-UP-010,B00812944,112,29-08-2028,75,06-08-2026 09:00
MED0015,LOC0219,WH-UP-010,B00153053,57,08-01-2027,30,06-08-2026 09:00
MED0112,LOC0219,WH-UP-010,B01123199,118,03-10-2026,50,06-08-2026 09:00
MED0099,LOC0219,WH-UP-010,B00993242,635,22-07-2028,100,06-08-2026 09:00
MED0076,LOC0219,WH-UP-010,B00763359,117,15-11-2028,100,06-08-2026 09:00
MED0036,LOC0219,WH-UP-010,B00363439,343,20-08-2026,50,06-08-2026 09:00
MED0019,LOC0219,WH-UP-010,B00193545,433,06-03-2027,75,06-08-2026 09:00
MED0026,LOC0219,WH-UP-010,B00263610,3845,27-11-2026,30,06-08-2026 09:00
MED0045,LOC0219,WH-UP-010,B00453710,59,22-02-2027,20,06-08-2026 09:00
MED0034,LOC0219,WH-UP-010,B00343840,168,08-08-2027,75,06-08-2026 09:00
MED0063,LOC0219,WH-UP-010,B00633950,791,08-06-2028,30,06-08-2026 09:00
MED0073,LOC0219,WH-UP-010,B00734025,622,31-03-2028,20,06-08-2026 09:00
MED0065,LOC0220,WH-UP-011,B00650182,457,14-10-2027,30,06-08-2026 09:00
MED0084,LOC0220,WH-UP-011,B00840212,671,15-08-2027,100,06-08-2026 09:00
MED0085,LOC0220,WH-UP-011,B00850383,3538,01-01-2027,100,06-08-2026 09:00
MED0043,LOC0220,WH-UP-011,B00430451,384,22-11-2026,20,06-08-2026 09:00
MED0110,LOC0220,WH-UP-011,B01100537,26,06-10-2027,100,06-08-2026 09:00
MED0042,LOC0220,WH-UP-011,B00420678,278,04-11-2027,75,06-08-2026 09:00
MED0009,LOC0220,WH-UP-011,B00090765,87,21-11-2028,30,06-08-2026 09:00
MED0058,LOC0220,WH-UP-011,B00580841,340,04-06-2028,75,06-08-2026 09:00
MED0077,LOC0220,WH-UP-011,B00770962,522,16-08-2026,50,06-08-2026 09:00
MED0015,LOC0220,WH-UP-011,B00151090,749,06-09-2026,100,06-08-2026 09:00
MED0045,LOC0220,WH-UP-011,B00451132,721,06-07-2027,100,06-08-2026 09:00
MED0037,LOC0220,WH-UP-011,B00371212,3901,11-06-2026,20,06-08-2026 09:00
MED0031,LOC0220,WH-UP-011,B00311364,537,23-09-2026,75,06-08-2026 09:00
MED0052,LOC0220,WH-UP-011,B00521477,735,13-10-2027,30,06-08-2026 09:00
MED0075,LOC0220,WH-UP-011,B00751593,4649,01-08-2028,100,06-08-2026 09:00
MED0072,LOC0220,WH-UP-011,B00721656,450,12-02-2027,20,06-08-2026 09:00
MED0006,LOC0220,WH-UP-011,B00061749,460,03-08-2027,20,06-08-2026 09:00
MED0083,LOC0220,WH-UP-011,B00831812,479,20-10-2028,30,06-08-2026 09:00
MED0028,LOC0220,WH-UP-011,B00281987,674,23-10-2027,20,06-08-2026 09:00
MED0035,LOC0220,WH-UP-011,B00352053,323,11-05-2027,75,06-08-2026 09:00
MED0047,LOC0220,WH-UP-011,B00472182,358,29-01-2028,50,06-08-2026 09:00
MED0078,LOC0220,WH-UP-011,B00782288,3601,12-09-2026,50,06-08-2026 09:00
MED0092,LOC0220,WH-UP-011,B00922343,68,09-09-2028,20,06-08-2026 09:00
MED0033,LOC0220,WH-UP-011,B00332448,601,12-10-2027,20,06-08-2026 09:00
MED0069,LOC0220,WH-UP-011,B00692557,585,29-08-2028,50,06-08-2026 09:00
MED0106,LOC0220,WH-UP-011,B01062688,431,21-05-2028,30,06-08-2026 09:00
MED0027,LOC0220,WH-UP-011,B00272796,758,22-06-2028,75,06-08-2026 09:00
MED0004,LOC0220,WH-UP-011,B00042872,413,20-12-2027,20,06-08-2026 09:00
MED0103,LOC0220,WH-UP-011,B01032911,262,09-05-2027,50,06-08-2026 09:00
MED0079,LOC0220,WH-UP-011,B00793073,3313,03-07-2028,30,06-08-2026 09:00
MED0095,LOC0220,WH-UP-011,B00953123,355,10-01-2027,20,06-08-2026 09:00
MED0007,LOC0220,WH-UP-011,B00073266,775,06-09-2026,30,06-08-2026 09:00
MED0068,LOC0220,WH-UP-011,B00683389,229,25-09-2028,100,06-08-2026 09:00
MED0098,LOC0220,WH-UP-011,B00983427,49,08-06-2028,75,06-08-2026 09:00
MED0093,LOC0220,WH-UP-011,B00933531,782,03-01-2028,30,06-08-2026 09:00
MED0108,LOC0220,WH-UP-011,B01083633,621,05-11-2027,30,06-08-2026 09:00
MED0005,LOC0220,WH-UP-011,B00053767,0,09-08-2028,75,06-08-2026 09:00
MED0001,LOC0220,WH-UP-011,B00013836,351,11-01-2027,30,06-08-2026 09:00
MED0054,LOC0220,WH-UP-011,B00543993,445,28-08-2026,30,06-08-2026 09:00
MED0109,LOC0220,WH-UP-011,B01094020,463,09-11-2026,50,06-08-2026 09:00
MED0101,LOC0220,WH-UP-011,B01014192,2828,19-03-2027,100,06-08-2026 09:00
MED0070,LOC0220,WH-UP-011,B00704238,0,04-10-2028,20,06-08-2026 09:00
MED0012,LOC0220,WH-UP-011,B00124349,740,24-11-2028,20,06-08-2026 09:00
MED0090,LOC0220,WH-UP-011,B00904457,96,01-01-2029,20,06-08-2026 09:00
MED0096,LOC0220,WH-UP-011,B00964547,778,01-09-2026,30,06-08-2026 09:00
MED0025,LOC0220,WH-UP-011,B00254681,424,29-11-2028,100,06-08-2026 09:00
MED0071,LOC0220,WH-UP-011,B00714743,702,08-09-2026,75,06-08-2026 09:00
MED0011,LOC0220,WH-UP-011,B00114882,242,25-08-2027,100,06-08-2026 09:00
MED0051,LOC0220,WH-UP-011,B00514963,2614,27-06-2028,30,06-08-2026 09:00
MED0061,LOC0220,WH-UP-011,B00615058,533,07-01-2027,50,06-08-2026 09:00
MED0022,LOC0220,WH-UP-011,B00225136,626,22-12-2026,75,06-08-2026 09:00
MED0082,LOC0220,WH-UP-011,B00825275,444,22-05-2028,30,06-08-2026 09:00
MED0074,LOC0220,WH-UP-011,B00745399,97,28-01-2027,20,06-08-2026 09:00
MED0063,LOC0220,WH-UP-011,B00635421,269,23-09-2028,50,06-08-2026 09:00
MED0019,LOC0220,WH-UP-011,B00195523,771,05-05-2027,30,06-08-2026 09:00
MED0002,LOC0220,WH-UP-011,B00025693,709,19-11-2026,100,06-08-2026 09:00
MED0061,LOC0221,WH-UP-012,B00610198,0,14-11-2027,30,06-08-2026 09:00
MED0074,LOC0221,WH-UP-012,B00740253,125,02-02-2028,75,06-08-2026 09:00
MED0092,LOC0221,WH-UP-012,B00920336,633,29-04-2027,75,06-08-2026 09:00
MED0010,LOC0221,WH-UP-012,B00100432,0,25-08-2026,20,06-08-2026 09:00
MED0076,LOC0221,WH-UP-012,B00760549,460,31-08-2026,30,06-08-2026 09:00
MED0039,LOC0221,WH-UP-012,B00390698,677,26-11-2028,30,06-08-2026 09:00
MED0035,LOC0221,WH-UP-012,B00350790,613,09-02-2028,50,06-08-2026 09:00
MED0090,LOC0221,WH-UP-012,B00900888,67,15-08-2026,30,06-08-2026 09:00
MED0091,LOC0221,WH-UP-012,B00910997,8,26-07-2028,30,06-08-2026 09:00
MED0044,LOC0221,WH-UP-012,B00441064,56,29-02-2028,100,06-08-2026 09:00
MED0081,LOC0221,WH-UP-012,B00811124,4598,19-10-2028,50,06-08-2026 09:00
MED0047,LOC0221,WH-UP-012,B00471219,777,13-07-2027,20,06-08-2026 09:00
MED0114,LOC0221,WH-UP-012,B01141397,4509,05-12-2026,20,06-08-2026 09:00
MED0056,LOC0221,WH-UP-012,B00561492,49,13-05-2027,50,06-08-2026 09:00
MED0095,LOC0221,WH-UP-012,B00951578,348,05-01-2028,20,06-08-2026 09:00
MED0050,LOC0221,WH-UP-012,B00501686,91,18-03-2026,75,06-08-2026 09:00
MED0075,LOC0221,WH-UP-012,B00751768,702,22-03-2027,50,06-08-2026 09:00
MED0097,LOC0221,WH-UP-012,B00971886,587,28-11-2028,100,06-08-2026 09:00
MED0112,LOC0221,WH-UP-012,B01121977,219,05-08-2027,20,06-08-2026 09:00
MED0049,LOC0221,WH-UP-012,B00492086,22,28-12-2027,100,06-08-2026 09:00
MED0020,LOC0221,WH-UP-012,B00202149,484,22-09-2027,75,06-08-2026 09:00
MED0045,LOC0221,WH-UP-012,B00452282,610,24-05-2028,30,06-08-2026 09:00
MED0026,LOC0221,WH-UP-012,B00262393,241,23-04-2027,20,06-08-2026 09:00
MED0053,LOC0221,WH-UP-012,B00532484,242,29-07-2027,50,06-08-2026 09:00
MED0058,LOC0221,WH-UP-012,B00582543,415,28-03-2026,20,06-08-2026 09:00
MED0014,LOC0221,WH-UP-012,B00142630,123,01-04-2027,75,06-08-2026 09:00
MED0089,LOC0221,WH-UP-012,B00892783,272,14-08-2028,30,06-08-2026 09:00
MED0063,LOC0221,WH-UP-012,B00632848,683,05-05-2028,50,06-08-2026 09:00
MED0016,LOC0221,WH-UP-012,B00162949,680,30-07-2028,100,06-08-2026 09:00
MED0043,LOC0222,WH-UP-013,B00430166,10,26-02-2028,30,06-08-2026 09:00
MED0011,LOC0222,WH-UP-013,B00110281,4540,18-02-2028,30,06-08-2026 09:00
MED0090,LOC0222,WH-UP-013,B00900342,626,10-06-2027,20,06-08-2026 09:00
MED0034,LOC0222,WH-UP-013,B00340453,164,06-09-2026,75,06-08-2026 09:00
MED0023,LOC0222,WH-UP-013,B00230591,613,18-09-2026,30,06-08-2026 09:00
MED0016,LOC0222,WH-UP-013,B00160697,562,16-04-2028,100,06-08-2026 09:00
MED0081,LOC0222,WH-UP-013,B00810751,522,07-06-2027,100,06-08-2026 09:00
MED0048,LOC0222,WH-UP-013,B00480891,637,01-05-2028,20,06-08-2026 09:00
MED0060,LOC0222,WH-UP-013,B00600925,371,28-03-2026,50,06-08-2026 09:00
MED0018,LOC0222,WH-UP-013,B00181068,2354,20-03-2027,50,06-08-2026 09:00
MED0080,LOC0222,WH-UP-013,B00801130,788,25-12-2027,100,06-08-2026 09:00
MED0096,LOC0222,WH-UP-013,B00961296,723,18-04-2027,20,06-08-2026 09:00
MED0076,LOC0222,WH-UP-013,B00761325,181,04-04-2028,75,06-08-2026 09:00
MED0012,LOC0222,WH-UP-013,B00121420,371,29-10-2027,50,06-08-2026 09:00
MED0033,LOC0222,WH-UP-013,B00331514,463,30-08-2028,50,06-08-2026 09:00
MED0017,LOC0222,WH-UP-013,B00171679,394,11-07-2027,20,06-08-2026 09:00
MED0049,LOC0222,WH-UP-013,B00491721,290,07-11-2026,50,06-08-2026 09:00
MED0092,LOC0222,WH-UP-013,B00921897,143,15-09-2026,30,06-08-2026 09:00
MED0008,LOC0222,WH-UP-013,B00081936,514,14-02-2027,100,06-08-2026 09:00
MED0062,LOC0222,WH-UP-013,B00622041,2219,17-07-2028,20,06-08-2026 09:00
MED0009,LOC0222,WH-UP-013,B00092113,532,01-07-2027,20,06-08-2026 09:00
MED0029,LOC0222,WH-UP-013,B00292215,669,08-04-2027,100,06-08-2026 09:00
MED0026,LOC0222,WH-UP-013,B00262364,316,29-03-2028,30,06-08-2026 09:00
MED0075,LOC0222,WH-UP-013,B00752461,606,30-09-2028,75,06-08-2026 09:00
MED0113,LOC0222,WH-UP-013,B01132558,560,21-04-2027,100,06-08-2026 09:00
MED0035,LOC0222,WH-UP-013,B00352695,61,22-11-2026,75,06-08-2026 09:00
MED0030,LOC0222,WH-UP-013,B00302751,679,18-06-2027,20,06-08-2026 09:00
MED0069,LOC0222,WH-UP-013,B00692886,419,15-09-2028,50,06-08-2026 09:00
MED0099,LOC0222,WH-UP-013,B00992937,748,12-08-2026,50,06-08-2026 09:00
MED0057,LOC0222,WH-UP-013,B00573053,193,17-08-2026,50,06-08-2026 09:00
MED0052,LOC0222,WH-UP-013,B00523159,203,26-07-2027,30,06-08-2026 09:00
MED0037,LOC0222,WH-UP-013,B00373291,476,06-09-2026,75,06-08-2026 09:00
MED0051,LOC0222,WH-UP-013,B00513390,305,07-06-2027,50,06-08-2026 09:00
MED0015,LOC0222,WH-UP-013,B00153489,179,18-01-2027,20,06-08-2026 09:00
MED0086,LOC0222,WH-UP-013,B00863599,338,15-12-2028,50,06-08-2026 09:00
MED0028,LOC0222,WH-UP-013,B00283630,355,24-06-2027,75,06-08-2026 09:00
MED0077,LOC0222,WH-UP-013,B00773780,753,09-01-2029,20,06-08-2026 09:00
MED0046,LOC0222,WH-UP-013,B00463859,360,10-04-2027,50,06-08-2026 09:00
MED0042,LOC0222,WH-UP-013,B00423936,376,25-03-2026,100,06-08-2026 09:00
MED0111,LOC0222,WH-UP-013,B01114074,0,30-05-2028,75,06-08-2026 09:00
MED0047,LOC0222,WH-UP-013,B00474129,590,19-06-2028,50,06-08-2026 09:00
MED0019,LOC0222,WH-UP-013,B00194262,572,01-11-2028,100,06-08-2026 09:00
MED0114,LOC0222,WH-UP-013,B01144361,541,29-07-2026,75,06-08-2026 09:00
MED0108,LOC0222,WH-UP-013,B01084446,741,22-10-2027,50,06-08-2026 09:00
MED0094,LOC0223,WH-UP-014,B00940186,599,29-08-2026,50,06-08-2026 09:00
MED0026,LOC0223,WH-UP-014,B00260281,271,03-09-2027,20,06-08-2026 09:00
MED0005,LOC0223,WH-UP-014,B00050349,648,10-07-2026,75,06-08-2026 09:00
MED0041,LOC0223,WH-UP-014,B00410476,266,27-03-2026,75,06-08-2026 09:00
MED0023,LOC0223,WH-UP-014,B00230519,590,16-01-2029,75,06-08-2026 09:00
MED0085,LOC0223,WH-UP-014,B00850627,410,17-04-2027,50,06-08-2026 09:00
MED0028,LOC0223,WH-UP-014,B00280784,4645,12-08-2028,100,06-08-2026 09:00
MED0096,LOC0223,WH-UP-014,B00960896,407,19-08-2027,20,06-08-2026 09:00
MED0055,LOC0223,WH-UP-014,B00550940,489,10-10-2028,20,06-08-2026 09:00
MED0014,LOC0223,WH-UP-014,B00141049,0,21-06-2028,30,06-08-2026 09:00
MED0033,LOC0223,WH-UP-014,B00331150,610,13-08-2026,75,06-08-2026 09:00
MED0098,LOC0223,WH-UP-014,B00981258,513,25-02-2028,100,06-08-2026 09:00
MED0013,LOC0223,WH-UP-014,B00131353,467,21-01-2028,75,06-08-2026 09:00
MED0056,LOC0223,WH-UP-014,B00561458,286,25-11-2028,30,06-08-2026 09:00
MED0030,LOC0223,WH-UP-014,B00301522,429,31-01-2028,75,06-08-2026 09:00
MED0084,LOC0223,WH-UP-014,B00841624,406,21-09-2026,75,06-08-2026 09:00
MED0057,LOC0223,WH-UP-014,B00571727,530,19-11-2027,20,06-08-2026 09:00
MED0003,LOC0223,WH-UP-014,B00031873,4024,09-09-2026,50,06-08-2026 09:00
MED0059,LOC0223,WH-UP-014,B00591941,167,18-08-2028,50,06-08-2026 09:00
MED0082,LOC0223,WH-UP-014,B00822011,208,01-02-2027,50,06-08-2026 09:00
MED0021,LOC0223,WH-UP-014,B00212176,27,27-05-2028,20,06-08-2026 09:00
MED0064,LOC0223,WH-UP-014,B00642218,274,03-01-2029,30,06-08-2026 09:00
MED0034,LOC0223,WH-UP-014,B00342315,2347,15-08-2026,50,06-08-2026 09:00
MED0091,LOC0223,WH-UP-014,B00912481,312,21-10-2028,20,06-08-2026 09:00
MED0018,LOC0223,WH-UP-014,B00182522,703,24-01-2028,20,06-08-2026 09:00
MED0004,LOC0223,WH-UP-014,B00042674,280,16-05-2027,100,06-08-2026 09:00
MED0006,LOC0223,WH-UP-014,B00062798,69,29-09-2027,20,06-08-2026 09:00
MED0109,LOC0223,WH-UP-014,B01092875,798,12-11-2026,100,06-08-2026 09:00
MED0095,LOC0223,WH-UP-014,B00952976,44,19-02-2028,20,06-08-2026 09:00
MED0045,LOC0223,WH-UP-014,B00453046,749,14-10-2028,50,06-08-2026 09:00
MED0007,LOC0223,WH-UP-014,B00073169,182,29-09-2028,30,06-08-2026 09:00
MED0024,LOC0223,WH-UP-014,B00243290,395,22-02-2027,20,06-08-2026 09:00
MED0080,LOC0223,WH-UP-014,B00803365,677,24-12-2027,50,06-08-2026 09:00
MED0038,LOC0223,WH-UP-014,B00383432,1,19-10-2028,100,06-08-2026 09:00
MED0001,LOC0223,WH-UP-014,B00013540,134,04-01-2029,100,06-08-2026 09:00
MED0103,LOC0223,WH-UP-014,B01033675,535,30-11-2026,20,06-08-2026 09:00
MED0073,LOC0223,WH-UP-014,B00733745,246,09-09-2027,75,06-08-2026 09:00
MED0100,LOC0223,WH-UP-014,B01003880,450,21-12-2026,50,06-08-2026 09:00
MED0079,LOC0223,WH-UP-014,B00793975,669,15-06-2026,30,06-08-2026 09:00
MED0061,LOC0223,WH-UP-014,B00614081,609,25-03-2027,50,06-08-2026 09:00
MED0072,LOC0223,WH-UP-014,B00724163,157,27-05-2027,50,06-08-2026 09:00
MED0066,LOC0223,WH-UP-014,B00664245,565,07-11-2028,30,06-08-2026 09:00
MED0011,LOC0223,WH-UP-014,B00114347,111,28-09-2028,100,06-08-2026 09:00
MED0099,LOC0223,WH-UP-014,B00994420,270,04-10-2027,75,06-08-2026 09:00
MED0031,LOC0224,WH-UP-015,B00310178,4553,16-05-2026,100,06-08-2026 09:00
MED0063,LOC0224,WH-UP-015,B00630239,178,06-04-2027,30,06-08-2026 09:00
MED0082,LOC0224,WH-UP-015,B00820344,230,25-03-2027,30,06-08-2026 09:00
MED0078,LOC0224,WH-UP-015,B00780437,401,15-04-2028,20,06-08-2026 09:00
MED0022,LOC0224,WH-UP-015,B00220579,659,22-07-2027,100,06-08-2026 09:00
MED0052,LOC0224,WH-UP-015,B00520631,277,19-09-2028,100,06-08-2026 09:00
MED0112,LOC0224,WH-UP-015,B01120748,196,08-09-2026,30,06-08-2026 09:00
MED0003,LOC0224,WH-UP-015,B00030882,404,13-09-2026,75,06-08-2026 09:00
MED0098,LOC0224,WH-UP-015,B00980975,4082,27-12-2028,75,06-08-2026 09:00
MED0056,LOC0224,WH-UP-015,B00561067,113,24-06-2027,75,06-08-2026 09:00
MED0107,LOC0224,WH-UP-015,B01071143,697,25-01-2027,50,06-08-2026 09:00
MED0070,LOC0224,WH-UP-015,B00701229,309,18-03-2027,50,06-08-2026 09:00
MED0099,LOC0224,WH-UP-015,B00991376,0,23-08-2026,75,06-08-2026 09:00
MED0017,LOC0224,WH-UP-015,B00171443,652,22-03-2028,100,06-08-2026 09:00
MED0032,LOC0224,WH-UP-015,B00321597,179,24-07-2028,50,06-08-2026 09:00
MED0088,LOC0224,WH-UP-015,B00881656,223,14-04-2028,75,06-08-2026 09:00
MED0067,LOC0224,WH-UP-015,B00671728,448,19-06-2027,20,06-08-2026 09:00
MED0019,LOC0224,WH-UP-015,B00191892,53,08-11-2026,20,06-08-2026 09:00
MED0002,LOC0224,WH-UP-015,B00021941,654,17-03-2028,100,06-08-2026 09:00
MED0102,LOC0224,WH-UP-015,B01022074,390,11-11-2027,75,06-08-2026 09:00
MED0104,LOC0224,WH-UP-015,B01042150,452,07-02-2027,50,06-08-2026 09:00
MED0096,LOC0224,WH-UP-015,B00962274,231,19-06-2027,75,06-08-2026 09:00
MED0095,LOC0224,WH-UP-015,B00952341,603,11-05-2027,30,06-08-2026 09:00
MED0108,LOC0224,WH-UP-015,B01082496,766,29-08-2027,100,06-08-2026 09:00
MED0023,LOC0224,WH-UP-015,B00232568,608,29-09-2028,20,06-08-2026 09:00
MED0077,LOC0224,WH-UP-015,B00772677,626,29-11-2028,75,06-08-2026 09:00
MED0061,LOC0224,WH-UP-015,B00612787,692,19-02-2028,20,06-08-2026 09:00
MED0069,LOC0224,WH-UP-015,B00692888,553,11-03-2026,75,06-08-2026 09:00
MED0093,LOC0224,WH-UP-015,B00932968,268,15-12-2028,50,06-08-2026 09:00
MED0054,LOC0224,WH-UP-015,B00543029,460,04-02-2028,50,06-08-2026 09:00
MED0091,LOC0224,WH-UP-015,B00913118,4977,27-11-2026,20,06-08-2026 09:00
MED0062,LOC0224,WH-UP-015,B00623260,653,14-10-2028,20,06-08-2026 09:00
MED0071,LOC0224,WH-UP-015,B00713324,301,16-11-2027,75,06-08-2026 09:00
MED0018,LOC0224,WH-UP-015,B00183443,464,04-09-2027,20,06-08-2026 09:00
MED0035,LOC0224,WH-UP-015,B00353572,520,17-12-2026,100,06-08-2026 09:00
MED0055,LOC0224,WH-UP-015,B00553675,499,18-04-2028,20,06-08-2026 09:00
MED0041,LOC0224,WH-UP-015,B00413783,169,12-12-2028,20,06-08-2026 09:00
MED0111,LOC0224,WH-UP-015,B01113881,692,13-11-2026,30,06-08-2026 09:00
MED0026,LOC0224,WH-UP-015,B00263925,123,09-03-2028,30,06-08-2026 09:00
MED0001,LOC0224,WH-UP-015,B00014088,701,16-06-2026,50,06-08-2026 09:00
MED0097,LOC0224,WH-UP-015,B00974111,0,08-04-2028,30,06-08-2026 09:00
MED0020,LOC0224,WH-UP-015,B00204266,275,17-07-2027,30,06-08-2026 09:00
MED0024,LOC0224,WH-UP-015,B00244313,4913,15-10-2028,30,06-08-2026 09:00
MED0110,LOC0224,WH-UP-015,B01104479,527,23-11-2028,50,06-08-2026 09:00
MED0016,LOC0224,WH-UP-015,B00164582,554,12-11-2027,20,06-08-2026 09:00
MED0101,LOC0224,WH-UP-015,B01014684,141,22-08-2028,100,06-08-2026 09:00
MED0066,LOC0224,WH-UP-015,B00664785,492,01-08-2028,30,06-08-2026 09:00
MED0067,LOC0225,WH-UP-016,B00670162,388,07-05-2028,20,06-08-2026 09:00
MED0031,LOC0225,WH-UP-016,B00310279,280,06-03-2027,50,06-08-2026 09:00
MED0103,LOC0225,WH-UP-016,B01030331,2433,18-09-2028,50,06-08-2026 09:00
MED0090,LOC0225,WH-UP-016,B00900439,179,17-02-2028,75,06-08-2026 09:00
MED0085,LOC0225,WH-UP-016,B00850573,516,25-04-2028,20,06-08-2026 09:00
MED0074,LOC0225,WH-UP-016,B00740612,308,21-06-2027,30,06-08-2026 09:00
MED0070,LOC0225,WH-UP-016,B00700772,749,07-05-2027,30,06-08-2026 09:00
MED0051,LOC0225,WH-UP-016,B00510872,703,25-04-2027,50,06-08-2026 09:00
MED0027,LOC0225,WH-UP-016,B00270946,123,18-06-2027,30,06-08-2026 09:00
MED0109,LOC0225,WH-UP-016,B01091079,392,01-07-2027,20,06-08-2026 09:00
MED0013,LOC0225,WH-UP-016,B00131166,449,22-06-2028,30,06-08-2026 09:00
MED0081,LOC0225,WH-UP-016,B00811275,477,12-09-2026,30,06-08-2026 09:00
MED0005,LOC0225,WH-UP-016,B00051360,360,08-09-2027,50,06-08-2026 09:00
MED0054,LOC0225,WH-UP-016,B00541417,450,20-12-2028,50,06-08-2026 09:00
MED0023,LOC0225,WH-UP-016,B00231592,551,11-10-2028,100,06-08-2026 09:00
MED0004,LOC0225,WH-UP-016,B00041672,800,03-04-2028,100,06-08-2026 09:00
MED0036,LOC0225,WH-UP-016,B00361730,297,19-12-2027,20,06-08-2026 09:00
MED0055,LOC0225,WH-UP-016,B00551834,2382,09-03-2028,100,06-08-2026 09:00
MED0059,LOC0225,WH-UP-016,B00591910,333,07-07-2028,75,06-08-2026 09:00
MED0072,LOC0225,WH-UP-016,B00722014,87,27-11-2026,100,06-08-2026 09:00
MED0101,LOC0225,WH-UP-016,B01012176,482,03-03-2027,75,06-08-2026 09:00
MED0026,LOC0225,WH-UP-016,B00262219,208,18-07-2027,30,06-08-2026 09:00
MED0006,LOC0225,WH-UP-016,B00062333,695,04-06-2027,100,06-08-2026 09:00
MED0029,LOC0225,WH-UP-016,B00292435,750,04-08-2028,30,06-08-2026 09:00
MED0108,LOC0225,WH-UP-016,B01082593,153,26-07-2027,30,06-08-2026 09:00
MED0009,LOC0225,WH-UP-016,B00092646,271,28-10-2027,50,06-08-2026 09:00
MED0050,LOC0225,WH-UP-016,B00502786,164,24-03-2028,50,06-08-2026 09:00
MED0075,LOC0225,WH-UP-016,B00752897,448,19-11-2028,30,06-08-2026 09:00
MED0089,LOC0225,WH-UP-016,B00892962,77,28-11-2026,75,06-08-2026 09:00
MED0105,LOC0225,WH-UP-016,B01053043,460,17-06-2028,75,06-08-2026 09:00
MED0033,LOC0225,WH-UP-016,B00333137,697,07-03-2027,30,06-08-2026 09:00
MED0111,LOC0225,WH-UP-016,B01113267,544,18-05-2027,75,06-08-2026 09:00
MED0107,LOC0225,WH-UP-016,B01073387,4297,22-09-2026,75,06-08-2026 09:00
MED0062,LOC0225,WH-UP-016,B00623473,557,01-01-2029,30,06-08-2026 09:00
MED0077,LOC0226,WH-UP-017,B00770174,196,17-03-2027,20,06-08-2026 09:00
MED0009,LOC0226,WH-UP-017,B00090233,498,11-05-2028,50,06-08-2026 09:00
MED0023,LOC0226,WH-UP-017,B00230355,741,24-04-2027,100,06-08-2026 09:00
MED0065,LOC0226,WH-UP-017,B00650415,0,13-05-2027,30,06-08-2026 09:00
MED0010,LOC0226,WH-UP-017,B00100593,553,23-12-2028,100,06-08-2026 09:00
MED0112,LOC0226,WH-UP-017,B01120694,493,15-12-2027,20,06-08-2026 09:00
MED0011,LOC0226,WH-UP-017,B00110713,676,03-06-2027,75,06-08-2026 09:00
MED0021,LOC0226,WH-UP-017,B00210844,501,06-12-2028,30,06-08-2026 09:00
MED0052,LOC0226,WH-UP-017,B00520954,221,04-03-2028,20,06-08-2026 09:00
MED0028,LOC0226,WH-UP-017,B00281078,425,02-10-2028,20,06-08-2026 09:00
MED0041,LOC0226,WH-UP-017,B00411186,310,16-02-2027,50,06-08-2026 09:00
MED0103,LOC0226,WH-UP-017,B01031281,629,14-02-2027,75,06-08-2026 09:00
MED0092,LOC0226,WH-UP-017,B00921375,69,06-11-2026,50,06-08-2026 09:00
MED0101,LOC0226,WH-UP-017,B01011475,767,17-07-2027,50,06-08-2026 09:00
MED0072,LOC0226,WH-UP-017,B00721561,4334,21-11-2027,50,06-08-2026 09:00
MED0015,LOC0226,WH-UP-017,B00151637,699,21-06-2028,100,06-08-2026 09:00
MED0047,LOC0226,WH-UP-017,B00471769,0,22-12-2026,50,06-08-2026 09:00
MED0056,LOC0226,WH-UP-017,B00561889,561,18-07-2028,50,06-08-2026 09:00
MED0062,LOC0226,WH-UP-017,B00621994,347,19-11-2028,75,06-08-2026 09:00
MED0110,LOC0226,WH-UP-017,B01102088,0,14-10-2027,50,06-08-2026 09:00
MED0005,LOC0226,WH-UP-017,B00052133,120,26-12-2028,30,06-08-2026 09:00
MED0109,LOC0226,WH-UP-017,B01092282,275,27-09-2028,75,06-08-2026 09:00
MED0050,LOC0226,WH-UP-017,B00502311,640,12-02-2026,50,06-08-2026 09:00
MED0022,LOC0226,WH-UP-017,B00222464,558,23-08-2026,75,06-08-2026 09:00
MED0091,LOC0226,WH-UP-017,B00912566,152,23-11-2027,75,06-08-2026 09:00
MED0042,LOC0226,WH-UP-017,B00422650,577,14-04-2026,75,06-08-2026 09:00
MED0053,LOC0227,WH-UP-018,B00530155,292,31-12-2028,30,06-08-2026 09:00
MED0026,LOC0227,WH-UP-018,B00260220,695,05-07-2028,50,06-08-2026 09:00
MED0070,LOC0227,WH-UP-018,B00700376,340,14-05-2026,100,06-08-2026 09:00
MED0001,LOC0227,WH-UP-018,B00010483,72,08-08-2027,50,06-08-2026 09:00
MED0052,LOC0227,WH-UP-018,B00520561,550,05-10-2027,30,06-08-2026 09:00
MED0055,LOC0227,WH-UP-018,B00550655,138,01-07-2027,20,06-08-2026 09:00
MED0024,LOC0227,WH-UP-018,B00240791,3997,10-04-2028,20,06-08-2026 09:00
MED0110,LOC0227,WH-UP-018,B01100815,636,10-05-2028,75,06-08-2026 09:00
MED0097,LOC0227,WH-UP-018,B00970910,401,03-03-2028,50,06-08-2026 09:00
MED0062,LOC0227,WH-UP-018,B00621057,686,16-03-2028,50,06-08-2026 09:00
MED0080,LOC0227,WH-UP-018,B00801114,448,10-01-2027,100,06-08-2026 09:00
MED0039,LOC0227,WH-UP-018,B00391292,269,28-05-2027,100,06-08-2026 09:00
MED0002,LOC0227,WH-UP-018,B00021360,256,01-07-2028,20,06-08-2026 09:00
MED0078,LOC0227,WH-UP-018,B00781478,431,27-04-2028,20,06-08-2026 09:00
MED0089,LOC0227,WH-UP-018,B00891550,368,04-04-2028,100,06-08-2026 09:00
MED0075,LOC0227,WH-UP-018,B00751678,604,06-03-2028,30,06-08-2026 09:00
MED0005,LOC0227,WH-UP-018,B00051791,436,14-04-2028,100,06-08-2026 09:00
MED0059,LOC0227,WH-UP-018,B00591880,337,12-09-2026,20,06-08-2026 09:00
MED0027,LOC0227,WH-UP-018,B00271970,292,26-10-2028,100,06-08-2026 09:00
MED0060,LOC0227,WH-UP-018,B00602075,85,10-02-2028,30,06-08-2026 09:00
MED0093,LOC0227,WH-UP-018,B00932197,472,06-03-2028,50,06-08-2026 09:00
MED0018,LOC0227,WH-UP-018,B00182253,0,23-02-2026,75,06-08-2026 09:00
MED0022,LOC0227,WH-UP-018,B00222379,519,19-09-2027,50,06-08-2026 09:00
MED0104,LOC0227,WH-UP-018,B01042439,290,09-11-2028,50,06-08-2026 09:00
MED0015,LOC0227,WH-UP-018,B00152519,722,27-01-2027,30,06-08-2026 09:00
MED0064,LOC0227,WH-UP-018,B00642620,153,26-12-2026,50,06-08-2026 09:00
MED0050,LOC0227,WH-UP-018,B00502789,392,19-12-2027,50,06-08-2026 09:00
MED0036,LOC0227,WH-UP-018,B00362826,552,30-08-2026,100,06-08-2026 09:00
MED0069,LOC0227,WH-UP-018,B00692981,601,09-08-2026,75,06-08-2026 09:00
MED0102,LOC0227,WH-UP-018,B01023045,243,10-01-2028,50,06-08-2026 09:00
MED0006,LOC0228,WH-UP-019,B00060136,84,31-07-2026,30,06-08-2026 09:00
MED0052,LOC0228,WH-UP-019,B00520269,408,04-02-2027,30,06-08-2026 09:00
MED0088,LOC0228,WH-UP-019,B00880342,0,24-12-2027,100,06-08-2026 09:00
MED0113,LOC0228,WH-UP-019,B01130460,721,14-01-2027,50,06-08-2026 09:00
MED0082,LOC0228,WH-UP-019,B00820554,711,01-01-2028,30,06-08-2026 09:00
MED0040,LOC0228,WH-UP-019,B00400630,749,02-09-2027,20,06-08-2026 09:00
MED0073,LOC0228,WH-UP-019,B00730724,2348,13-06-2028,50,06-08-2026 09:00
MED0100,LOC0228,WH-UP-019,B01000884,377,05-10-2027,50,06-08-2026 09:00
MED0026,LOC0228,WH-UP-019,B00260960,74,22-02-2028,30,06-08-2026 09:00
MED0021,LOC0228,WH-UP-019,B00211087,384,23-03-2027,75,06-08-2026 09:00
MED0031,LOC0228,WH-UP-019,B00311116,25,18-09-2026,30,06-08-2026 09:00
MED0063,LOC0228,WH-UP-019,B00631247,45,05-09-2026,75,06-08-2026 09:00
MED0043,LOC0228,WH-UP-019,B00431358,552,29-05-2028,50,06-08-2026 09:00
MED0102,LOC0228,WH-UP-019,B01021468,499,13-11-2026,50,06-08-2026 09:00
MED0089,LOC0228,WH-UP-019,B00891536,207,15-08-2026,100,06-08-2026 09:00
MED0069,LOC0228,WH-UP-019,B00691644,3306,23-06-2027,30,06-08-2026 09:00
MED0027,LOC0228,WH-UP-019,B00271746,177,07-09-2026,100,06-08-2026 09:00
MED0066,LOC0228,WH-UP-019,B00661867,771,18-06-2027,20,06-08-2026 09:00
MED0067,LOC0228,WH-UP-019,B00671962,2436,31-05-2028,50,06-08-2026 09:00
MED0106,LOC0228,WH-UP-019,B01062088,591,17-05-2027,75,06-08-2026 09:00
MED0093,LOC0228,WH-UP-019,B00932166,197,17-03-2027,75,06-08-2026 09:00
MED0029,LOC0228,WH-UP-019,B00292299,163,27-08-2027,100,06-08-2026 09:00
MED0030,LOC0228,WH-UP-019,B00302356,796,12-06-2027,100,06-08-2026 09:00
MED0084,LOC0228,WH-UP-019,B00842418,671,21-11-2026,50,06-08-2026 09:00
MED0012,LOC0228,WH-UP-019,B00122520,4458,06-06-2028,30,06-08-2026 09:00
MED0034,LOC0228,WH-UP-019,B00342626,606,26-10-2027,50,06-08-2026 09:00
MED0075,LOC0228,WH-UP-019,B00752710,344,04-07-2027,50,06-08-2026 09:00
MED0032,LOC0228,WH-UP-019,B00322872,396,08-06-2028,20,06-08-2026 09:00
MED0091,LOC0228,WH-UP-019,B00912956,638,24-07-2027,20,06-08-2026 09:00
MED0020,LOC0228,WH-UP-019,B00203019,266,01-01-2029,100,06-08-2026 09:00
MED0046,LOC0228,WH-UP-019,B00463179,4621,03-04-2028,20,06-08-2026 09:00
MED0037,LOC0228,WH-UP-019,B00373291,0,14-07-2027,75,06-08-2026 09:00
MED0097,LOC0228,WH-UP-019,B00973318,0,18-03-2027,75,06-08-2026 09:00
MED0042,LOC0228,WH-UP-019,B00423414,101,10-11-2026,30,06-08-2026 09:00
MED0074,LOC0228,WH-UP-019,B00743528,496,01-11-2027,50,06-08-2026 09:00
MED0022,LOC0228,WH-UP-019,B00223680,0,25-08-2026,20,06-08-2026 09:00
MED0065,LOC0228,WH-UP-019,B00653765,179,09-10-2027,75,06-08-2026 09:00
MED0023,LOC0228,WH-UP-019,B00233817,145,28-07-2028,100,06-08-2026 09:00
MED0002,LOC0228,WH-UP-019,B00023921,290,18-02-2028,50,06-08-2026 09:00
MED0051,LOC0228,WH-UP-019,B00514028,391,10-07-2028,20,06-08-2026 09:00
MED0055,LOC0228,WH-UP-019,B00554114,660,13-06-2028,100,06-08-2026 09:00
MED0056,LOC0228,WH-UP-019,B00564292,389,15-04-2028,75,06-08-2026 09:00
MED0081,LOC0228,WH-UP-019,B00814334,246,24-04-2028,75,06-08-2026 09:00
MED0098,LOC0228,WH-UP-019,B00984452,589,09-09-2028,100,06-08-2026 09:00
MED0107,LOC0228,WH-UP-019,B01074548,373,29-12-2026,20,06-08-2026 09:00
MED0064,LOC0228,WH-UP-019,B00644699,40,23-05-2027,75,06-08-2026 09:00
MED0058,LOC0228,WH-UP-019,B00584741,457,20-02-2028,20,06-08-2026 09:00
MED0090,LOC0228,WH-UP-019,B00904849,218,18-02-2028,30,06-08-2026 09:00
MED0005,LOC0228,WH-UP-019,B00054930,159,13-12-2027,30,06-08-2026 09:00
MED0003,LOC0228,WH-UP-019,B00035048,435,05-06-2027,30,06-08-2026 09:00
MED0078,LOC0228,WH-UP-019,B00785127,241,30-09-2028,100,06-08-2026 09:00
MED0110,LOC0229,WH-UP-020,B01100142,0,09-07-2027,100,06-08-2026 09:00
MED0001,LOC0229,WH-UP-020,B00010277,418,30-12-2026,20,06-08-2026 09:00
MED0010,LOC0229,WH-UP-020,B00100377,413,16-09-2028,75,06-08-2026 09:00
MED0034,LOC0229,WH-UP-020,B00340430,533,12-04-2027,75,06-08-2026 09:00
MED0053,LOC0229,WH-UP-020,B00530555,475,22-04-2028,50,06-08-2026 09:00
MED0033,LOC0229,WH-UP-020,B00330647,709,29-12-2028,75,06-08-2026 09:00
MED0055,LOC0229,WH-UP-020,B00550753,595,23-03-2028,50,06-08-2026 09:00
MED0062,LOC0229,WH-UP-020,B00620826,2860,30-08-2026,20,06-08-2026 09:00
MED0047,LOC0229,WH-UP-020,B00470933,319,24-03-2027,75,06-08-2026 09:00
MED0100,LOC0229,WH-UP-020,B01001055,3578,03-10-2026,30,06-08-2026 09:00
MED0004,LOC0229,WH-UP-020,B00041180,104,19-07-2028,30,06-08-2026 09:00
MED0032,LOC0229,WH-UP-020,B00321299,3178,26-11-2026,75,06-08-2026 09:00
MED0068,LOC0229,WH-UP-020,B00681389,467,07-02-2028,30,06-08-2026 09:00
MED0008,LOC0229,WH-UP-020,B00081441,3038,13-09-2026,30,06-08-2026 09:00
MED0078,LOC0229,WH-UP-020,B00781539,218,15-12-2028,100,06-08-2026 09:00
MED0042,LOC0229,WH-UP-020,B00421637,346,31-05-2027,20,06-08-2026 09:00
MED0095,LOC0229,WH-UP-020,B00951793,304,26-02-2028,75,06-08-2026 09:00
MED0038,LOC0229,WH-UP-020,B00381850,792,22-01-2028,75,06-08-2026 09:00
MED0011,LOC0229,WH-UP-020,B00111955,146,19-01-2028,100,06-08-2026 09:00
MED0070,LOC0229,WH-UP-020,B00702085,644,01-08-2028,50,06-08-2026 09:00
MED0041,LOC0229,WH-UP-020,B00412172,652,09-06-2028,20,06-08-2026 09:00
MED0089,LOC0229,WH-UP-020,B00892275,655,21-03-2028,30,06-08-2026 09:00
MED0022,LOC0229,WH-UP-020,B00222396,105,19-09-2028,50,06-08-2026 09:00
MED0101,LOC0229,WH-UP-020,B01012435,129,23-04-2028,50,06-08-2026 09:00
MED0028,LOC0229,WH-UP-020,B00282568,419,08-08-2026,75,06-08-2026 09:00
MED0075,LOC0229,WH-UP-020,B00752654,0,13-02-2027,50,06-08-2026 09:00
MED0064,LOC0229,WH-UP-020,B00642786,99,21-05-2026,50,06-08-2026 09:00
MED0014,LOC0229,WH-UP-020,B00142887,4134,16-12-2028,100,06-08-2026 09:00
MED0006,LOC0229,WH-UP-020,B00062987,88,27-04-2028,75,06-08-2026 09:00
MED0016,LOC0229,WH-UP-020,B00163026,2294,26-01-2028,20,06-08-2026 09:00
MED0003,LOC0229,WH-UP-020,B00033133,8,19-11-2028,100,06-08-2026 09:00
MED0036,LOC0229,WH-UP-020,B00363261,657,24-09-2026,75,06-08-2026 09:00
MED0035,LOC0229,WH-UP-020,B00353316,267,08-12-2027,30,06-08-2026 09:00
MED0090,LOC0229,WH-UP-020,B00903489,70,22-12-2027,50,06-08-2026 09:00
MED0081,LOC0229,WH-UP-020,B00813552,10,14-07-2027,75,06-08-2026 09:00
MED0005,LOC0229,WH-UP-020,B00053618,564,25-11-2028,30,06-08-2026 09:00
MED0106,LOC0229,WH-UP-020,B01063784,304,28-01-2027,100,06-08-2026 09:00
MED0086,LOC0229,WH-UP-020,B00863823,682,26-03-2028,20,06-08-2026 09:00
MED0093,LOC0229,WH-UP-020,B00933926,713,14-07-2027,20,06-08-2026 09:00
MED0058,LOC0230,WH-U-001,B00580156,0,02-09-2027,50,06-08-2026 09:00
MED0047,LOC0230,WH-U-001,B00470229,560,13-08-2026,100,06-08-2026 09:00
MED0080,LOC0230,WH-U-001,B00800384,453,11-03-2026,50,06-08-2026 09:00
MED0107,LOC0230,WH-U-001,B01070412,105,31-08-2028,75,06-08-2026 09:00
MED0018,LOC0230,WH-U-001,B00180542,6,30-12-2027,50,06-08-2026 09:00
MED0016,LOC0230,WH-U-001,B00160698,4279,02-12-2027,75,06-08-2026 09:00
MED0024,LOC0230,WH-U-001,B00240798,276,18-05-2028,30,06-08-2026 09:00
MED0031,LOC0230,WH-U-001,B00310888,302,01-07-2027,20,06-08-2026 09:00
MED0104,LOC0230,WH-U-001,B01040912,8,20-03-2027,50,06-08-2026 09:00
MED0005,LOC0230,WH-U-001,B00051095,256,25-10-2027,75,06-08-2026 09:00
MED0106,LOC0230,WH-U-001,B01061126,548,04-05-2027,100,06-08-2026 09:00
MED0026,LOC0230,WH-U-001,B00261210,495,06-10-2028,30,06-08-2026 09:00
MED0039,LOC0230,WH-U-001,B00391372,2222,22-01-2028,30,06-08-2026 09:00
MED0066,LOC0230,WH-U-001,B00661446,459,12-12-2028,30,06-08-2026 09:00
MED0079,LOC0230,WH-U-001,B00791585,359,09-03-2027,50,06-08-2026 09:00
MED0073,LOC0230,WH-U-001,B00731618,500,31-03-2027,20,06-08-2026 09:00
MED0098,LOC0230,WH-U-001,B00981736,570,03-01-2028,20,06-08-2026 09:00
MED0082,LOC0230,WH-U-001,B00821897,743,23-11-2026,50,06-08-2026 09:00
MED0008,LOC0230,WH-U-001,B00081954,339,17-11-2028,100,06-08-2026 09:00
MED0042,LOC0230,WH-U-001,B00422053,234,06-07-2027,50,06-08-2026 09:00
MED0053,LOC0230,WH-U-001,B00532149,579,12-03-2027,30,06-08-2026 09:00
MED0092,LOC0230,WH-U-001,B00922293,633,31-08-2028,100,06-08-2026 09:00
MED0033,LOC0230,WH-U-001,B00332338,340,11-01-2029,30,06-08-2026 09:00
MED0027,LOC0230,WH-U-001,B00272467,0,09-05-2027,50,06-08-2026 09:00
MED0011,LOC0230,WH-U-001,B00112534,405,11-11-2026,75,06-08-2026 09:00
MED0057,LOC0230,WH-U-001,B00572671,503,16-06-2027,30,06-08-2026 09:00
MED0110,LOC0230,WH-U-001,B01102772,505,02-11-2028,20,06-08-2026 09:00
MED0090,LOC0230,WH-U-001,B00902890,186,03-10-2028,50,06-08-2026 09:00
MED0096,LOC0230,WH-U-001,B00962911,46,19-05-2026,30,06-08-2026 09:00
MED0083,LOC0230,WH-U-001,B00833016,287,05-10-2026,30,06-08-2026 09:00
MED0084,LOC0230,WH-U-001,B00843180,558,07-06-2027,30,06-08-2026 09:00
MED0036,LOC0230,WH-U-001,B00363214,786,06-11-2027,50,06-08-2026 09:00
MED0051,LOC0230,WH-U-001,B00513340,3285,30-12-2027,20,06-08-2026 09:00
MED0091,LOC0230,WH-U-001,B00913491,386,17-08-2027,100,06-08-2026 09:00
MED0009,LOC0230,WH-U-001,B00093589,346,21-11-2028,30,06-08-2026 09:00
MED0010,LOC0230,WH-U-001,B00103698,620,12-05-2028,50,06-08-2026 09:00
MED0068,LOC0230,WH-U-001,B00683792,116,30-10-2028,50,06-08-2026 09:00
MED0050,LOC0230,WH-U-001,B00503899,322,15-07-2027,50,06-08-2026 09:00
MED0059,LOC0230,WH-U-001,B00593950,509,21-03-2028,30,06-08-2026 09:00
MED0003,LOC0230,WH-U-001,B00034074,159,02-02-2027,100,06-08-2026 09:00
MED0112,LOC0230,WH-U-001,B01124161,403,02-09-2026,100,06-08-2026 09:00
MED0099,LOC0230,WH-U-001,B00994214,306,11-04-2028,30,06-08-2026 09:00
MED0069,LOC0230,WH-U-001,B00694358,3389,27-02-2027,100,06-08-2026 09:00
MED0064,LOC0230,WH-U-001,B00644410,620,14-02-2028,100,06-08-2026 09:00
MED0072,LOC0230,WH-U-001,B00724519,265,28-02-2027,50,06-08-2026 09:00
MED0081,LOC0230,WH-U-001,B00814673,438,07-08-2027,50,06-08-2026 09:00
MED0046,LOC0231,WH-U-002,B00460137,578,03-10-2028,20,06-08-2026 09:00
MED0013,LOC0231,WH-U-002,B00130258,305,19-09-2027,30,06-08-2026 09:00
MED0024,LOC0231,WH-U-002,B00240336,393,29-11-2028,75,06-08-2026 09:00
MED0055,LOC0231,WH-U-002,B00550422,380,25-07-2028,100,06-08-2026 09:00
MED0062,LOC0231,WH-U-002,B00620553,229,10-06-2027,50,06-08-2026 09:00
MED0088,LOC0231,WH-U-002,B00880620,531,29-01-2027,30,06-08-2026 09:00
MED0082,LOC0231,WH-U-002,B00820743,527,10-10-2028,75,06-08-2026 09:00
MED0103,LOC0231,WH-U-002,B01030877,458,25-01-2028,50,06-08-2026 09:00
MED0084,LOC0231,WH-U-002,B00840921,3,01-05-2028,75,06-08-2026 09:00
MED0093,LOC0231,WH-U-002,B00931094,259,01-03-2027,20,06-08-2026 09:00
MED0036,LOC0231,WH-U-002,B00361195,403,28-03-2028,100,06-08-2026 09:00
MED0077,LOC0231,WH-U-002,B00771224,780,01-01-2027,20,06-08-2026 09:00
MED0003,LOC0231,WH-U-002,B00031344,585,20-02-2028,50,06-08-2026 09:00
MED0059,LOC0231,WH-U-002,B00591484,278,11-08-2026,20,06-08-2026 09:00
MED0114,LOC0231,WH-U-002,B01141578,735,12-07-2028,100,06-08-2026 09:00
MED0029,LOC0231,WH-U-002,B00291646,124,10-03-2028,50,06-08-2026 09:00
MED0045,LOC0231,WH-U-002,B00451766,318,03-10-2026,30,06-08-2026 09:00
MED0113,LOC0231,WH-U-002,B01131831,0,24-04-2027,50,06-08-2026 09:00
MED0026,LOC0231,WH-U-002,B00261937,513,07-01-2029,100,06-08-2026 09:00
MED0066,LOC0231,WH-U-002,B00662040,0,23-09-2026,75,06-08-2026 09:00
MED0032,LOC0231,WH-U-002,B00322181,282,01-02-2027,50,06-08-2026 09:00
MED0034,LOC0231,WH-U-002,B00342284,37,21-02-2026,100,06-08-2026 09:00
MED0047,LOC0231,WH-U-002,B00472329,37,07-03-2027,30,06-08-2026 09:00
MED0053,LOC0231,WH-U-002,B00532483,265,09-06-2028,100,06-08-2026 09:00
MED0022,LOC0231,WH-U-002,B00222522,409,25-06-2027,75,06-08-2026 09:00
MED0073,LOC0231,WH-U-002,B00732665,0,11-09-2026,50,06-08-2026 09:00
MED0028,LOC0231,WH-U-002,B00282726,54,26-09-2028,75,06-08-2026 09:00
MED0099,LOC0231,WH-U-002,B00992837,703,22-11-2026,100,06-08-2026 09:00
MED0039,LOC0231,WH-U-002,B00392944,47,05-12-2027,50,06-08-2026 09:00
MED0107,LOC0231,WH-U-002,B01073082,540,07-11-2027,30,06-08-2026 09:00
MED0042,LOC0231,WH-U-002,B00423160,545,14-03-2028,100,06-08-2026 09:00
MED0111,LOC0231,WH-U-002,B01113246,550,06-01-2028,100,06-08-2026 09:00
MED0043,LOC0231,WH-U-002,B00433320,289,18-08-2026,100,06-08-2026 09:00
MED0014,LOC0231,WH-U-002,B00143487,583,28-10-2027,30,06-08-2026 09:00
MED0108,LOC0231,WH-U-002,B01083569,43,02-04-2027,30,06-08-2026 09:00
MED0069,LOC0231,WH-U-002,B00693636,142,02-11-2028,30,06-08-2026 09:00
MED0020,LOC0231,WH-U-002,B00203778,3006,17-04-2028,75,06-08-2026 09:00
MED0078,LOC0231,WH-U-002,B00783865,0,17-02-2027,75,06-08-2026 09:00
MED0109,LOC0231,WH-U-002,B01093957,519,23-11-2028,30,06-08-2026 09:00
MED0007,LOC0231,WH-U-002,B00074082,45,27-12-2026,50,06-08-2026 09:00
MED0086,LOC0231,WH-U-002,B00864188,120,13-06-2028,75,06-08-2026 09:00
MED0063,LOC0231,WH-U-002,B00634255,524,10-08-2028,50,06-08-2026 09:00
MED0052,LOC0231,WH-U-002,B00524374,125,10-01-2028,75,06-08-2026 09:00
MED0005,LOC0231,WH-U-002,B00054466,779,15-01-2029,50,06-08-2026 09:00
MED0044,LOC0231,WH-U-002,B00444589,236,14-09-2027,100,06-08-2026 09:00
MED0083,LOC0231,WH-U-002,B00834639,220,16-12-2026,75,06-08-2026 09:00
MED0058,LOC0231,WH-U-002,B00584726,626,05-06-2027,75,06-08-2026 09:00
MED0091,LOC0231,WH-U-002,B00914860,253,08-10-2028,75,06-08-2026 09:00
MED0092,LOC0231,WH-U-002,B00924946,738,22-08-2028,20,06-08-2026 09:00
MED0056,LOC0231,WH-U-002,B00565078,757,11-12-2027,30,06-08-2026 09:00
MED0058,LOC0232,WH-U-003,B00580128,116,29-07-2028,100,06-08-2026 09:00
MED0095,LOC0232,WH-U-003,B00950233,215,21-08-2027,30,06-08-2026 09:00
MED0068,LOC0232,WH-U-003,B00680383,0,10-12-2028,20,06-08-2026 09:00
MED0002,LOC0232,WH-U-003,B00020467,31,07-05-2028,100,06-08-2026 09:00
MED0087,LOC0232,WH-U-003,B00870515,754,13-11-2028,100,06-08-2026 09:00
MED0028,LOC0232,WH-U-003,B00280699,205,05-02-2028,20,06-08-2026 09:00
MED0114,LOC0232,WH-U-003,B01140790,762,24-03-2028,100,06-08-2026 09:00
MED0011,LOC0232,WH-U-003,B00110832,355,25-01-2027,75,06-08-2026 09:00
MED0060,LOC0232,WH-U-003,B00600929,4785,29-07-2028,100,06-08-2026 09:00
MED0010,LOC0232,WH-U-003,B00101046,2856,05-12-2028,20,06-08-2026 09:00
MED0071,LOC0232,WH-U-003,B00711180,273,11-09-2028,50,06-08-2026 09:00
MED0056,LOC0232,WH-U-003,B00561247,0,01-03-2028,50,06-08-2026 09:00
MED0042,LOC0232,WH-U-003,B00421329,82,14-07-2028,100,06-08-2026 09:00
MED0069,LOC0232,WH-U-003,B00691449,3685,09-12-2028,100,06-08-2026 09:00
MED0070,LOC0232,WH-U-003,B00701538,151,31-05-2028,100,06-08-2026 09:00
MED0003,LOC0232,WH-U-003,B00031697,14,04-11-2028,20,06-08-2026 09:00
MED0059,LOC0232,WH-U-003,B00591765,575,02-07-2027,30,06-08-2026 09:00
MED0037,LOC0232,WH-U-003,B00371818,203,23-12-2027,75,06-08-2026 09:00
MED0052,LOC0232,WH-U-003,B00521962,63,23-09-2028,50,06-08-2026 09:00
MED0015,LOC0232,WH-U-003,B00152021,373,08-01-2028,20,06-08-2026 09:00
MED0089,LOC0232,WH-U-003,B00892111,517,11-08-2026,50,06-08-2026 09:00
MED0019,LOC0232,WH-U-003,B00192229,624,11-09-2028,75,06-08-2026 09:00
MED0006,LOC0232,WH-U-003,B00062372,241,15-09-2026,100,06-08-2026 09:00
MED0033,LOC0232,WH-U-003,B00332484,351,22-04-2028,100,06-08-2026 09:00
MED0053,LOC0232,WH-U-003,B00532597,150,27-07-2026,30,06-08-2026 09:00
MED0044,LOC0232,WH-U-003,B00442671,530,11-11-2026,100,06-08-2026 09:00
MED0039,LOC0232,WH-U-003,B00392796,744,03-09-2028,30,06-08-2026 09:00
MED0102,LOC0232,WH-U-003,B01022814,758,04-07-2027,75,06-08-2026 09:00
MED0049,LOC0232,WH-U-003,B00492910,779,10-03-2027,20,06-08-2026 09:00
MED0041,LOC0232,WH-U-003,B00413042,208,06-08-2027,100,06-08-2026 09:00
MED0103,LOC0232,WH-U-003,B01033186,497,04-08-2027,30,06-08-2026 09:00
MED0050,LOC0232,WH-U-003,B00503243,4031,19-05-2028,50,06-08-2026 09:00
MED0029,LOC0232,WH-U-003,B00293326,44,23-06-2028,75,06-08-2026 09:00
MED0083,LOC0232,WH-U-003,B00833418,194,14-09-2026,100,06-08-2026 09:00
MED0027,LOC0232,WH-U-003,B00273511,70,07-02-2027,50,06-08-2026 09:00
MED0051,LOC0232,WH-U-003,B00513683,756,30-12-2028,50,06-08-2026 09:00
MED0025,LOC0232,WH-U-003,B00253713,245,04-02-2027,30,06-08-2026 09:00
MED0109,LOC0233,WH-U-004,B01090112,427,01-10-2026,30,06-08-2026 09:00
MED0039,LOC0233,WH-U-004,B00390279,600,30-10-2028,50,06-08-2026 09:00
MED0019,LOC0233,WH-U-004,B00190349,0,03-10-2026,20,06-08-2026 09:00
MED0045,LOC0233,WH-U-004,B00450454,0,28-06-2026,20,06-08-2026 09:00
MED0006,LOC0233,WH-U-004,B00060522,216,09-05-2026,100,06-08-2026 09:00
MED0042,LOC0233,WH-U-004,B00420625,570,02-10-2027,20,06-08-2026 09:00
MED0078,LOC0233,WH-U-004,B00780749,517,17-12-2026,50,06-08-2026 09:00
MED0088,LOC0233,WH-U-004,B00880863,25,11-08-2027,100,06-08-2026 09:00
MED0050,LOC0233,WH-U-004,B00500948,0,05-04-2028,100,06-08-2026 09:00
MED0027,LOC0233,WH-U-004,B00271011,673,04-03-2028,100,06-08-2026 09:00
MED0014,LOC0233,WH-U-004,B00141136,2203,08-03-2028,50,06-08-2026 09:00
MED0008,LOC0233,WH-U-004,B00081252,450,29-01-2028,20,06-08-2026 09:00
MED0049,LOC0233,WH-U-004,B00491376,164,09-12-2028,30,06-08-2026 09:00
MED0098,LOC0233,WH-U-004,B00981451,238,19-05-2027,50,06-08-2026 09:00
MED0021,LOC0233,WH-U-004,B00211517,179,18-01-2027,100,06-08-2026 09:00
MED0055,LOC0233,WH-U-004,B00551640,488,30-06-2026,30,06-08-2026 09:00
MED0072,LOC0233,WH-U-004,B00721765,142,28-11-2026,30,06-08-2026 09:00
MED0038,LOC0233,WH-U-004,B00381857,685,27-09-2026,30,06-08-2026 09:00
MED0037,LOC0233,WH-U-004,B00371935,520,30-04-2028,75,06-08-2026 09:00
MED0009,LOC0233,WH-U-004,B00092022,402,01-08-2027,30,06-08-2026 09:00
MED0071,LOC0233,WH-U-004,B00712138,2920,17-08-2027,75,06-08-2026 09:00
MED0060,LOC0233,WH-U-004,B00602274,114,28-08-2028,50,06-08-2026 09:00
MED0093,LOC0233,WH-U-004,B00932350,314,14-09-2028,100,06-08-2026 09:00
MED0056,LOC0233,WH-U-004,B00562439,666,02-09-2027,75,06-08-2026 09:00
MED0087,LOC0233,WH-U-004,B00872537,57,20-11-2026,30,06-08-2026 09:00
MED0070,LOC0233,WH-U-004,B00702620,718,08-01-2029,20,06-08-2026 09:00
MED0079,LOC0233,WH-U-004,B00792740,4714,28-10-2027,100,06-08-2026 09:00
MED0054,LOC0233,WH-U-004,B00542887,0,12-03-2027,50,06-08-2026 09:00
MED0012,LOC0233,WH-U-004,B00122986,548,24-11-2028,30,06-08-2026 09:00
MED0061,LOC0233,WH-U-004,B00613042,64,04-09-2028,100,06-08-2026 09:00
MED0099,LOC0233,WH-U-004,B00993132,200,11-01-2027,30,06-08-2026 09:00
MED0082,LOC0233,WH-U-004,B00823255,713,01-12-2028,100,06-08-2026 09:00
MED0069,LOC0233,WH-U-004,B00693317,564,07-09-2028,50,06-08-2026 09:00
MED0057,LOC0233,WH-U-004,B00573457,9,22-11-2026,30,06-08-2026 09:00
MED0070,LOC0234,WH-U-005,B00700112,518,12-08-2027,75,06-08-2026 09:00
MED0091,LOC0234,WH-U-005,B00910293,455,07-10-2028,20,06-08-2026 09:00
MED0039,LOC0234,WH-U-005,B00390338,102,01-06-2028,75,06-08-2026 09:00
MED0097,LOC0234,WH-U-005,B00970487,451,16-09-2027,20,06-08-2026 09:00
MED0064,LOC0234,WH-U-005,B00640538,179,30-08-2026,100,06-08-2026 09:00
MED0105,LOC0234,WH-U-005,B01050635,475,28-09-2027,30,06-08-2026 09:00
MED0087,LOC0234,WH-U-005,B00870779,335,05-10-2026,20,06-08-2026 09:00
MED0108,LOC0234,WH-U-005,B01080842,2757,15-04-2027,75,06-08-2026 09:00
MED0074,LOC0234,WH-U-005,B00740927,656,07-12-2026,20,06-08-2026 09:00
MED0090,LOC0234,WH-U-005,B00901079,505,12-10-2027,50,06-08-2026 09:00
MED0020,LOC0234,WH-U-005,B00201133,351,25-07-2026,20,06-08-2026 09:00
MED0058,LOC0234,WH-U-005,B00581277,764,21-09-2028,30,06-08-2026 09:00
MED0077,LOC0234,WH-U-005,B00771376,660,24-10-2028,100,06-08-2026 09:00
MED0048,LOC0234,WH-U-005,B00481481,234,08-08-2028,50,06-08-2026 09:00
MED0009,LOC0234,WH-U-005,B00091533,163,18-09-2027,20,06-08-2026 09:00
MED0028,LOC0234,WH-U-005,B00281675,599,10-09-2026,20,06-08-2026 09:00
MED0024,LOC0234,WH-U-005,B00241745,4957,30-10-2028,50,06-08-2026 09:00
MED0096,LOC0234,WH-U-005,B00961872,665,14-05-2027,50,06-08-2026 09:00
MED0036,LOC0234,WH-U-005,B00361995,761,28-07-2028,100,06-08-2026 09:00
MED0051,LOC0234,WH-U-005,B00512056,0,25-01-2027,30,06-08-2026 09:00
MED0042,LOC0234,WH-U-005,B00422134,0,02-11-2027,75,06-08-2026 09:00
MED0010,LOC0234,WH-U-005,B00102244,0,03-08-2028,30,06-08-2026 09:00
MED0114,LOC0234,WH-U-005,B01142328,4322,10-04-2028,100,06-08-2026 09:00
MED0025,LOC0234,WH-U-005,B00252496,299,06-07-2027,75,06-08-2026 09:00
MED0088,LOC0234,WH-U-005,B00882590,211,23-08-2026,75,06-08-2026 09:00
MED0101,LOC0234,WH-U-005,B01012616,21,24-11-2026,20,06-08-2026 09:00
MED0102,LOC0234,WH-U-005,B01022787,4814,19-06-2027,100,06-08-2026 09:00
MED0013,LOC0234,WH-U-005,B00132854,4633,21-03-2028,20,06-08-2026 09:00
MED0033,LOC0234,WH-U-005,B00332931,479,25-01-2028,50,06-08-2026 09:00
MED0056,LOC0234,WH-U-005,B00563046,220,12-09-2027,20,06-08-2026 09:00
MED0015,LOC0234,WH-U-005,B00153191,341,29-07-2027,30,06-08-2026 09:00
MED0081,LOC0234,WH-U-005,B00813228,363,27-03-2026,75,06-08-2026 09:00
MED0022,LOC0234,WH-U-005,B00223322,540,28-05-2028,30,06-08-2026 09:00
MED0006,LOC0234,WH-U-005,B00063451,3872,21-06-2028,75,06-08-2026 09:00
MED0084,LOC0234,WH-U-005,B00843528,791,09-06-2026,100,06-08-2026 09:00
MED0034,LOC0234,WH-U-005,B00343647,3559,21-10-2027,75,06-08-2026 09:00
MED0083,LOC0234,WH-U-005,B00833737,445,02-01-2028,30,06-08-2026 09:00
MED0057,LOC0235,WH-U-006,B00570194,47,27-07-2027,50,06-08-2026 09:00
MED0023,LOC0235,WH-U-006,B00230218,93,21-08-2028,50,06-08-2026 09:00
MED0007,LOC0235,WH-U-006,B00070362,147,13-12-2026,30,06-08-2026 09:00
MED0027,LOC0235,WH-U-006,B00270422,739,27-12-2027,30,06-08-2026 09:00
MED0022,LOC0235,WH-U-006,B00220541,266,14-11-2028,30,06-08-2026 09:00
MED0026,LOC0235,WH-U-006,B00260651,0,29-09-2027,75,06-08-2026 09:00
MED0068,LOC0235,WH-U-006,B00680747,768,18-05-2027,50,06-08-2026 09:00
MED0029,LOC0235,WH-U-006,B00290892,3086,02-10-2026,100,06-08-2026 09:00
MED0098,LOC0235,WH-U-006,B00980917,465,28-05-2028,50,06-08-2026 09:00
MED0020,LOC0235,WH-U-006,B00201094,578,24-09-2026,75,06-08-2026 09:00
MED0097,LOC0235,WH-U-006,B00971178,439,23-03-2027,30,06-08-2026 09:00
MED0017,LOC0235,WH-U-006,B00171210,654,03-07-2028,50,06-08-2026 09:00
MED0062,LOC0235,WH-U-006,B00621345,184,05-02-2028,100,06-08-2026 09:00
MED0008,LOC0235,WH-U-006,B00081484,281,27-10-2027,50,06-08-2026 09:00
MED0040,LOC0235,WH-U-006,B00401534,380,18-04-2026,100,06-08-2026 09:00
MED0079,LOC0235,WH-U-006,B00791646,706,03-01-2028,30,06-08-2026 09:00
MED0034,LOC0235,WH-U-006,B00341722,236,08-05-2027,30,06-08-2026 09:00
MED0031,LOC0235,WH-U-006,B00311817,54,29-08-2028,50,06-08-2026 09:00
MED0018,LOC0235,WH-U-006,B00181942,543,25-11-2026,100,06-08-2026 09:00
MED0102,LOC0235,WH-U-006,B01022037,552,10-12-2027,30,06-08-2026 09:00
MED0089,LOC0235,WH-U-006,B00892198,50,06-11-2027,30,06-08-2026 09:00
MED0038,LOC0235,WH-U-006,B00382297,509,01-08-2027,50,06-08-2026 09:00
MED0004,LOC0235,WH-U-006,B00042351,405,25-06-2027,50,06-08-2026 09:00
MED0021,LOC0235,WH-U-006,B00212415,2065,05-09-2027,30,06-08-2026 09:00
MED0049,LOC0235,WH-U-006,B00492510,519,17-08-2027,30,06-08-2026 09:00
MED0046,LOC0235,WH-U-006,B00462688,702,03-08-2027,100,06-08-2026 09:00
MED0044,LOC0235,WH-U-006,B00442738,613,11-11-2027,75,06-08-2026 09:00
MED0071,LOC0235,WH-U-006,B00712823,344,20-04-2027,100,06-08-2026 09:00
MED0042,LOC0235,WH-U-006,B00422962,721,20-03-2027,50,06-08-2026 09:00
MED0099,LOC0235,WH-U-006,B00993030,538,23-08-2028,75,06-08-2026 09:00
MED0024,LOC0235,WH-U-006,B00243118,62,03-09-2026,75,06-08-2026 09:00
MED0106,LOC0235,WH-U-006,B01063228,3586,13-05-2027,100,06-08-2026 09:00
MED0047,LOC0235,WH-U-006,B00473367,658,31-12-2028,20,06-08-2026 09:00
MED0072,LOC0235,WH-U-006,B00723471,68,16-03-2028,50,06-08-2026 09:00
MED0112,LOC0235,WH-U-006,B01123538,0,22-06-2027,30,06-08-2026 09:00
MED0110,LOC0235,WH-U-006,B01103686,396,14-02-2028,75,06-08-2026 09:00
MED0104,LOC0235,WH-U-006,B01043744,140,06-04-2027,20,06-08-2026 09:00
MED0032,LOC0235,WH-U-006,B00323861,674,14-12-2028,30,06-08-2026 09:00
MED0016,LOC0235,WH-U-006,B00163977,0,29-06-2028,30,06-08-2026 09:00
MED0092,LOC0235,WH-U-006,B00924081,221,17-11-2028,30,06-08-2026 09:00
MED0065,LOC0235,WH-U-006,B00654136,485,15-12-2028,100,06-08-2026 09:00
MED0013,LOC0235,WH-U-006,B00134223,226,19-01-2027,50,06-08-2026 09:00
MED0074,LOC0235,WH-U-006,B00744359,567,17-02-2027,100,06-08-2026 09:00
MED0094,LOC0235,WH-U-006,B00944438,587,26-01-2028,30,06-08-2026 09:00
MED0036,LOC0235,WH-U-006,B00364597,119,31-10-2027,50,06-08-2026 09:00
MED0069,LOC0235,WH-U-006,B00694676,306,30-12-2027,100,06-08-2026 09:00
MED0075,LOC0235,WH-U-006,B00754767,2,22-05-2026,50,06-08-2026 09:00
MED0086,LOC0235,WH-U-006,B00864885,467,24-12-2028,100,06-08-2026 09:00
MED0012,LOC0235,WH-U-006,B00124922,662,31-08-2028,30,06-08-2026 09:00
MED0033,LOC0235,WH-U-006,B00335088,157,23-10-2028,75,06-08-2026 09:00
MED0078,LOC0235,WH-U-006,B00785182,587,19-03-2027,20,06-08-2026 09:00
MED0043,LOC0235,WH-U-006,B00435272,392,15-01-2028,75,06-08-2026 09:00
MED0083,LOC0235,WH-U-006,B00835339,236,03-12-2027,75,06-08-2026 09:00
MED0095,LOC0235,WH-U-006,B00955467,2977,22-11-2026,50,06-08-2026 09:00
MED0087,LOC0235,WH-U-006,B00875545,262,15-03-2026,50,06-08-2026 09:00
MED0066,LOC0235,WH-U-006,B00665683,522,30-03-2028,20,06-08-2026 09:00
MED0064,LOC0235,WH-U-006,B00645779,3881,05-04-2027,20,06-08-2026 09:00
MED0015,LOC0235,WH-U-006,B00155870,0,22-08-2028,30,06-08-2026 09:00
MED0077,LOC0235,WH-U-006,B00775984,0,21-08-2028,100,06-08-2026 09:00
MED0093,LOC0236,WH-WB-001,B00930186,121,13-12-2027,100,06-08-2026 09:00
MED0114,LOC0236,WH-WB-001,B01140256,784,28-05-2028,20,06-08-2026 09:00
MED0069,LOC0236,WH-WB-001,B00690350,303,06-06-2027,75,06-08-2026 09:00
MED0088,LOC0236,WH-WB-001,B00880497,268,29-09-2028,100,06-08-2026 09:00
MED0052,LOC0236,WH-WB-001,B00520548,0,29-09-2027,75,06-08-2026 09:00
MED0016,LOC0236,WH-WB-001,B00160644,770,21-01-2028,75,06-08-2026 09:00
MED0067,LOC0236,WH-WB-001,B00670768,145,31-12-2027,75,06-08-2026 09:00
MED0023,LOC0236,WH-WB-001,B00230819,482,14-09-2026,100,06-08-2026 09:00
MED0048,LOC0236,WH-WB-001,B00480924,44,04-11-2028,75,06-08-2026 09:00
MED0054,LOC0236,WH-WB-001,B00541082,0,04-09-2026,20,06-08-2026 09:00
MED0091,LOC0236,WH-WB-001,B00911116,392,21-12-2026,75,06-08-2026 09:00
MED0009,LOC0236,WH-WB-001,B00091298,25,17-07-2027,30,06-08-2026 09:00
MED0105,LOC0236,WH-WB-001,B01051327,133,23-04-2027,75,06-08-2026 09:00
MED0055,LOC0236,WH-WB-001,B00551449,185,14-09-2026,30,06-08-2026 09:00
MED0034,LOC0236,WH-WB-001,B00341561,266,04-09-2028,20,06-08-2026 09:00
MED0006,LOC0236,WH-WB-001,B00061612,111,02-10-2026,30,06-08-2026 09:00
MED0022,LOC0236,WH-WB-001,B00221742,662,16-06-2028,30,06-08-2026 09:00
MED0071,LOC0236,WH-WB-001,B00711852,2774,21-12-2027,20,06-08-2026 09:00
MED0083,LOC0236,WH-WB-001,B00831966,337,11-02-2027,50,06-08-2026 09:00
MED0001,LOC0236,WH-WB-001,B00012063,733,17-06-2027,75,06-08-2026 09:00
MED0017,LOC0236,WH-WB-001,B00172193,331,05-03-2026,50,06-08-2026 09:00
MED0072,LOC0236,WH-WB-001,B00722257,523,11-03-2028,30,06-08-2026 09:00
MED0004,LOC0236,WH-WB-001,B00042322,746,19-05-2027,75,06-08-2026 09:00
MED0019,LOC0236,WH-WB-001,B00192440,10,06-09-2027,50,06-08-2026 09:00
MED0098,LOC0236,WH-WB-001,B00982589,374,17-06-2028,30,06-08-2026 09:00
MED0107,LOC0236,WH-WB-001,B01072663,614,25-11-2026,50,06-08-2026 09:00
MED0087,LOC0236,WH-WB-001,B00872782,759,22-05-2028,100,06-08-2026 09:00
MED0039,LOC0236,WH-WB-001,B00392848,483,23-08-2026,30,06-08-2026 09:00
MED0038,LOC0236,WH-WB-001,B00382938,0,13-08-2026,100,06-08-2026 09:00
MED0050,LOC0236,WH-WB-001,B00503059,553,29-12-2026,75,06-08-2026 09:00
MED0056,LOC0236,WH-WB-001,B00563113,478,08-05-2028,100,06-08-2026 09:00
MED0011,LOC0236,WH-WB-001,B00113271,145,18-02-2028,30,06-08-2026 09:00
MED0053,LOC0236,WH-WB-001,B00533379,344,21-09-2028,100,06-08-2026 09:00
MED0042,LOC0236,WH-WB-001,B00423489,736,15-10-2028,75,06-08-2026 09:00
MED0012,LOC0236,WH-WB-001,B00123583,778,07-05-2027,50,06-08-2026 09:00
MED0061,LOC0236,WH-WB-001,B00613669,55,04-12-2028,75,06-08-2026 09:00
MED0047,LOC0236,WH-WB-001,B00473742,526,29-07-2026,75,06-08-2026 09:00
MED0113,LOC0236,WH-WB-001,B01133898,198,05-01-2029,20,06-08-2026 09:00
MED0084,LOC0236,WH-WB-001,B00843991,660,19-09-2027,75,06-08-2026 09:00
MED0051,LOC0236,WH-WB-001,B00514027,2032,27-12-2028,50,06-08-2026 09:00
MED0082,LOC0236,WH-WB-001,B00824197,14,08-02-2026,30,06-08-2026 09:00
MED0024,LOC0236,WH-WB-001,B00244299,373,01-05-2027,100,06-08-2026 09:00
MED0110,LOC0236,WH-WB-001,B01104318,265,23-04-2028,30,06-08-2026 09:00
MED0046,LOC0236,WH-WB-001,B00464446,171,08-01-2027,100,06-08-2026 09:00
MED0064,LOC0236,WH-WB-001,B00644538,406,16-03-2028,75,06-08-2026 09:00
MED0007,LOC0236,WH-WB-001,B00074623,86,18-07-2027,30,06-08-2026 09:00
MED0111,LOC0236,WH-WB-001,B01114721,71,17-05-2027,50,06-08-2026 09:00
MED0028,LOC0236,WH-WB-001,B00284868,153,13-09-2026,30,06-08-2026 09:00
MED0026,LOC0236,WH-WB-001,B00264999,258,16-10-2028,100,06-08-2026 09:00
MED0066,LOC0236,WH-WB-001,B00665051,473,25-06-2027,75,06-08-2026 09:00
MED0089,LOC0236,WH-WB-001,B00895176,40,01-12-2027,30,06-08-2026 09:00
MED0013,LOC0236,WH-WB-001,B00135244,3838,07-06-2027,50,06-08-2026 09:00
MED0044,LOC0236,WH-WB-001,B00445324,502,31-07-2027,20,06-08-2026 09:00
MED0078,LOC0236,WH-WB-001,B00785410,186,08-11-2028,30,06-08-2026 09:00
MED0100,LOC0236,WH-WB-001,B01005592,327,21-05-2028,20,06-08-2026 09:00
MED0094,LOC0236,WH-WB-001,B00945685,4512,19-12-2026,100,06-08-2026 09:00
MED0002,LOC0236,WH-WB-001,B00025713,783,22-02-2028,30,06-08-2026 09:00
MED0086,LOC0237,WH-WB-002,B00860147,435,20-11-2028,30,06-08-2026 09:00
MED0042,LOC0237,WH-WB-002,B00420260,429,09-11-2027,100,06-08-2026 09:00
MED0101,LOC0237,WH-WB-002,B01010387,2226,27-12-2027,20,06-08-2026 09:00
MED0090,LOC0237,WH-WB-002,B00900423,792,11-03-2027,50,06-08-2026 09:00
MED0006,LOC0237,WH-WB-002,B00060520,611,09-06-2027,20,06-08-2026 09:00
MED0028,LOC0237,WH-WB-002,B00280670,342,09-12-2027,75,06-08-2026 09:00
MED0083,LOC0237,WH-WB-002,B00830737,628,19-02-2027,100,06-08-2026 09:00
MED0066,LOC0237,WH-WB-002,B00660878,2534,12-08-2028,50,06-08-2026 09:00
MED0053,LOC0237,WH-WB-002,B00530980,3106,09-06-2027,100,06-08-2026 09:00
MED0003,LOC0237,WH-WB-002,B00031050,259,18-12-2027,50,06-08-2026 09:00
MED0064,LOC0237,WH-WB-002,B00641151,363,30-03-2026,50,06-08-2026 09:00
MED0022,LOC0237,WH-WB-002,B00221275,530,11-07-2028,50,06-08-2026 09:00
MED0080,LOC0237,WH-WB-002,B00801380,51,19-06-2028,20,06-08-2026 09:00
MED0039,LOC0237,WH-WB-002,B00391483,552,18-06-2028,75,06-08-2026 09:00
MED0025,LOC0237,WH-WB-002,B00251545,557,11-09-2027,50,06-08-2026 09:00
MED0005,LOC0237,WH-WB-002,B00051614,149,19-06-2028,20,06-08-2026 09:00
MED0106,LOC0237,WH-WB-002,B01061796,610,23-10-2027,100,06-08-2026 09:00
MED0018,LOC0237,WH-WB-002,B00181812,4317,28-07-2028,30,06-08-2026 09:00
MED0065,LOC0237,WH-WB-002,B00651934,789,28-03-2028,30,06-08-2026 09:00
MED0059,LOC0237,WH-WB-002,B00592039,515,07-10-2027,20,06-08-2026 09:00
MED0100,LOC0237,WH-WB-002,B01002159,593,30-05-2027,20,06-08-2026 09:00
MED0036,LOC0237,WH-WB-002,B00362284,353,07-09-2026,75,06-08-2026 09:00
MED0043,LOC0237,WH-WB-002,B00432328,553,26-10-2028,30,06-08-2026 09:00
MED0016,LOC0237,WH-WB-002,B00162457,106,30-03-2027,75,06-08-2026 09:00
MED0097,LOC0237,WH-WB-002,B00972581,143,19-04-2028,30,06-08-2026 09:00
MED0074,LOC0237,WH-WB-002,B00742612,789,10-10-2028,100,06-08-2026 09:00
MED0048,LOC0237,WH-WB-002,B00482732,432,12-08-2027,50,06-08-2026 09:00
MED0015,LOC0237,WH-WB-002,B00152851,4751,02-02-2027,30,06-08-2026 09:00
MED0079,LOC0237,WH-WB-002,B00792954,317,13-04-2028,50,06-08-2026 09:00
MED0057,LOC0237,WH-WB-002,B00573019,305,18-10-2028,20,06-08-2026 09:00
MED0019,LOC0237,WH-WB-002,B00193121,72,03-05-2028,20,06-08-2026 09:00
MED0069,LOC0237,WH-WB-002,B00693296,252,14-03-2028,20,06-08-2026 09:00
MED0092,LOC0237,WH-WB-002,B00923391,501,30-07-2028,100,06-08-2026 09:00
MED0082,LOC0237,WH-WB-002,B00823460,722,19-01-2029,50,06-08-2026 09:00
MED0070,LOC0237,WH-WB-002,B00703515,505,15-09-2027,20,06-08-2026 09:00
MED0050,LOC0237,WH-WB-002,B00503646,691,13-11-2026,30,06-08-2026 09:00
MED0104,LOC0237,WH-WB-002,B01043781,105,02-02-2028,50,06-08-2026 09:00
MED0031,LOC0237,WH-WB-002,B00313893,724,02-06-2027,50,06-08-2026 09:00
MED0091,LOC0237,WH-WB-002,B00913914,71,12-11-2027,50,06-08-2026 09:00
MED0049,LOC0237,WH-WB-002,B00494030,16,27-01-2027,20,06-08-2026 09:00
MED0110,LOC0237,WH-WB-002,B01104168,549,16-01-2028,100,06-08-2026 09:00
MED0045,LOC0238,WH-WB-003,B00450176,341,07-04-2028,75,06-08-2026 09:00
MED0050,LOC0238,WH-WB-003,B00500289,792,26-05-2027,30,06-08-2026 09:00
MED0038,LOC0238,WH-WB-003,B00380349,442,12-11-2028,75,06-08-2026 09:00
MED0052,LOC0238,WH-WB-003,B00520441,502,05-04-2027,75,06-08-2026 09:00
MED0079,LOC0238,WH-WB-003,B00790587,605,21-04-2027,75,06-08-2026 09:00
MED0104,LOC0238,WH-WB-003,B01040610,252,13-09-2027,30,06-08-2026 09:00
MED0105,LOC0238,WH-WB-003,B01050746,3650,26-08-2028,75,06-08-2026 09:00
MED0065,LOC0238,WH-WB-003,B00650867,0,06-04-2027,75,06-08-2026 09:00
MED0099,LOC0238,WH-WB-003,B00990999,27,11-11-2028,50,06-08-2026 09:00
MED0086,LOC0238,WH-WB-003,B00861020,682,30-11-2027,75,06-08-2026 09:00
MED0026,LOC0238,WH-WB-003,B00261190,97,19-06-2027,75,06-08-2026 09:00
MED0049,LOC0238,WH-WB-003,B00491281,72,17-10-2027,100,06-08-2026 09:00
MED0031,LOC0238,WH-WB-003,B00311366,401,09-07-2028,20,06-08-2026 09:00
MED0027,LOC0238,WH-WB-003,B00271417,48,04-09-2027,50,06-08-2026 09:00
MED0098,LOC0238,WH-WB-003,B00981596,111,13-10-2028,50,06-08-2026 09:00
MED0020,LOC0238,WH-WB-003,B00201617,158,13-12-2027,75,06-08-2026 09:00
MED0005,LOC0238,WH-WB-003,B00051766,252,30-07-2026,50,06-08-2026 09:00
MED0073,LOC0238,WH-WB-003,B00731811,402,10-10-2028,30,06-08-2026 09:00
MED0037,LOC0238,WH-WB-003,B00371988,223,20-08-2026,50,06-08-2026 09:00
MED0067,LOC0238,WH-WB-003,B00672058,214,07-03-2028,75,06-08-2026 09:00
MED0013,LOC0238,WH-WB-003,B00132170,617,22-03-2028,75,06-08-2026 09:00
MED0053,LOC0238,WH-WB-003,B00532232,189,06-12-2028,75,06-08-2026 09:00
MED0107,LOC0238,WH-WB-003,B01072319,522,12-10-2028,50,06-08-2026 09:00
MED0046,LOC0238,WH-WB-003,B00462423,683,31-12-2027,30,06-08-2026 09:00
MED0025,LOC0238,WH-WB-003,B00252530,516,13-08-2026,30,06-08-2026 09:00
MED0011,LOC0238,WH-WB-003,B00112669,597,23-05-2028,50,06-08-2026 09:00
MED0075,LOC0238,WH-WB-003,B00752774,614,08-09-2028,75,06-08-2026 09:00
MED0088,LOC0238,WH-WB-003,B00882880,709,25-12-2027,20,06-08-2026 09:00
MED0085,LOC0238,WH-WB-003,B00852911,469,04-02-2027,20,06-08-2026 09:00
MED0077,LOC0238,WH-WB-003,B00773028,572,15-05-2027,50,06-08-2026 09:00
MED0001,LOC0238,WH-WB-003,B00013176,402,03-08-2027,50,06-08-2026 09:00
MED0068,LOC0238,WH-WB-003,B00683268,0,13-08-2027,20,06-08-2026 09:00
MED0061,LOC0238,WH-WB-003,B00613388,396,10-12-2027,20,06-08-2026 09:00
MED0100,LOC0238,WH-WB-003,B01003478,774,13-01-2029,30,06-08-2026 09:00
MED0009,LOC0238,WH-WB-003,B00093553,71,30-11-2026,75,06-08-2026 09:00
MED0039,LOC0238,WH-WB-003,B00393671,2527,19-11-2028,50,06-08-2026 09:00
MED0103,LOC0238,WH-WB-003,B01033771,768,27-12-2028,100,06-08-2026 09:00
MED0015,LOC0238,WH-WB-003,B00153812,4380,25-03-2027,20,06-08-2026 09:00
MED0066,LOC0238,WH-WB-003,B00663913,197,21-03-2028,30,06-08-2026 09:00
MED0082,LOC0238,WH-WB-003,B00824036,249,16-01-2027,75,06-08-2026 09:00
MED0008,LOC0238,WH-WB-003,B00084127,338,10-10-2028,75,06-08-2026 09:00
MED0021,LOC0238,WH-WB-003,B00214230,231,12-01-2027,30,06-08-2026 09:00
MED0087,LOC0238,WH-WB-003,B00874363,318,05-06-2028,100,06-08-2026 09:00
MED0030,LOC0238,WH-WB-003,B00304427,362,11-11-2027,30,06-08-2026 09:00
MED0017,LOC0238,WH-WB-003,B00174517,49,14-12-2026,50,06-08-2026 09:00
MED0035,LOC0238,WH-WB-003,B00354661,89,26-11-2026,50,06-08-2026 09:00
MED0113,LOC0238,WH-WB-003,B01134715,12,12-04-2028,75,06-08-2026 09:00
MED0060,LOC0238,WH-WB-003,B00604884,160,08-06-2027,100,06-08-2026 09:00
MED0071,LOC0238,WH-WB-003,B00714930,4156,14-07-2027,100,06-08-2026 09:00
MED0012,LOC0238,WH-WB-003,B00125023,500,14-08-2026,30,06-08-2026 09:00
MED0040,LOC0238,WH-WB-003,B00405115,399,14-09-2028,75,06-08-2026 09:00
MED0063,LOC0238,WH-WB-003,B00635233,623,21-10-2028,30,06-08-2026 09:00
MED0114,LOC0238,WH-WB-003,B01145387,95,05-04-2028,100,06-08-2026 09:00
MED0045,LOC0239,WH-WB-004,B00450119,358,25-08-2028,20,06-08-2026 09:00
MED0056,LOC0239,WH-WB-004,B00560295,610,14-09-2027,75,06-08-2026 09:00
MED0111,LOC0239,WH-WB-004,B01110363,523,16-01-2028,20,06-08-2026 09:00
MED0085,LOC0239,WH-WB-004,B00850479,749,29-02-2028,20,06-08-2026 09:00
MED0076,LOC0239,WH-WB-004,B00760546,637,10-02-2027,30,06-08-2026 09:00
MED0112,LOC0239,WH-WB-004,B01120613,463,11-05-2028,75,06-08-2026 09:00
MED0013,LOC0239,WH-WB-004,B00130727,509,20-10-2028,30,06-08-2026 09:00
MED0106,LOC0239,WH-WB-004,B01060864,114,24-07-2028,75,06-08-2026 09:00
MED0092,LOC0239,WH-WB-004,B00920929,598,20-11-2027,100,06-08-2026 09:00
MED0062,LOC0239,WH-WB-004,B00621081,380,21-09-2027,20,06-08-2026 09:00
MED0071,LOC0239,WH-WB-004,B00711180,559,23-05-2027,100,06-08-2026 09:00
MED0015,LOC0239,WH-WB-004,B00151281,310,09-10-2028,75,06-08-2026 09:00
MED0098,LOC0239,WH-WB-004,B00981357,535,10-09-2027,20,06-08-2026 09:00
MED0047,LOC0239,WH-WB-004,B00471468,362,27-11-2028,75,06-08-2026 09:00
MED0034,LOC0239,WH-WB-004,B00341567,67,12-01-2028,30,06-08-2026 09:00
MED0087,LOC0239,WH-WB-004,B00871620,480,29-04-2028,100,06-08-2026 09:00
MED0097,LOC0239,WH-WB-004,B00971726,85,25-11-2026,50,06-08-2026 09:00
MED0104,LOC0239,WH-WB-004,B01041837,492,21-12-2027,30,06-08-2026 09:00
MED0090,LOC0239,WH-WB-004,B00901989,403,07-01-2029,100,06-08-2026 09:00
MED0025,LOC0239,WH-WB-004,B00252083,511,01-01-2029,50,06-08-2026 09:00
MED0050,LOC0239,WH-WB-004,B00502156,474,01-12-2027,75,06-08-2026 09:00
MED0012,LOC0239,WH-WB-004,B00122223,302,29-03-2028,100,06-08-2026 09:00
MED0009,LOC0239,WH-WB-004,B00092355,82,11-03-2028,100,06-08-2026 09:00
MED0041,LOC0239,WH-WB-004,B00412483,594,13-08-2028,30,06-08-2026 09:00
MED0031,LOC0239,WH-WB-004,B00312521,645,28-02-2027,100,06-08-2026 09:00
MED0072,LOC0239,WH-WB-004,B00722645,223,20-08-2027,75,06-08-2026 09:00
MED0029,LOC0239,WH-WB-004,B00292722,156,13-09-2026,20,06-08-2026 09:00
MED0088,LOC0239,WH-WB-004,B00882889,186,03-01-2028,75,06-08-2026 09:00
MED0049,LOC0239,WH-WB-004,B00492974,166,12-02-2028,75,06-08-2026 09:00
MED0094,LOC0239,WH-WB-004,B00943072,182,04-06-2027,30,06-08-2026 09:00
MED0082,LOC0239,WH-WB-004,B00823148,3691,01-05-2027,30,06-08-2026 09:00
MED0040,LOC0239,WH-WB-004,B00403226,512,15-12-2028,30,06-08-2026 09:00
MED0037,LOC0239,WH-WB-004,B00373388,0,08-10-2028,20,06-08-2026 09:00
MED0110,LOC0239,WH-WB-004,B01103464,469,30-08-2026,75,06-08-2026 09:00
MED0026,LOC0239,WH-WB-004,B00263511,3235,26-02-2028,100,06-08-2026 09:00
MED0084,LOC0239,WH-WB-004,B00843685,556,25-09-2028,20,06-08-2026 09:00
MED0060,LOC0239,WH-WB-004,B00603758,299,26-09-2026,50,06-08-2026 09:00
MED0079,LOC0239,WH-WB-004,B00793815,499,29-10-2027,50,06-08-2026 09:00
MED0030,LOC0239,WH-WB-004,B00303931,711,25-10-2027,20,06-08-2026 09:00
MED0007,LOC0239,WH-WB-004,B00074051,205,23-08-2026,100,06-08-2026 09:00
MED0081,LOC0239,WH-WB-004,B00814178,669,18-12-2027,50,06-08-2026 09:00
MED0038,LOC0239,WH-WB-004,B00384216,153,13-03-2027,50,06-08-2026 09:00
MED0019,LOC0239,WH-WB-004,B00194371,354,03-08-2028,20,06-08-2026 09:00
MED0113,LOC0239,WH-WB-004,B01134491,118,22-03-2027,75,06-08-2026 09:00
MED0078,LOC0239,WH-WB-004,B00784546,4696,07-06-2027,20,06-08-2026 09:00
MED0035,LOC0239,WH-WB-004,B00354680,0,24-11-2028,30,06-08-2026 09:00
MED0044,LOC0239,WH-WB-004,B00444713,177,07-09-2026,75,06-08-2026 09:00
MED0051,LOC0239,WH-WB-004,B00514892,439,01-03-2028,50,06-08-2026 09:00
MED0102,LOC0239,WH-WB-004,B01024925,734,28-05-2028,20,06-08-2026 09:00
MED0107,LOC0239,WH-WB-004,B01075071,145,03-09-2026,75,06-08-2026 09:00
MED0019,LOC0240,WH-WB-005,B00190179,156,13-12-2026,30,06-08-2026 09:00
MED0031,LOC0240,WH-WB-005,B00310240,701,11-07-2026,75,06-08-2026 09:00
MED0006,LOC0240,WH-WB-005,B00060358,372,12-03-2026,20,06-08-2026 09:00
MED0034,LOC0240,WH-WB-005,B00340447,266,21-05-2027,30,06-08-2026 09:00
MED0050,LOC0240,WH-WB-005,B00500596,711,10-11-2026,100,06-08-2026 09:00
MED0090,LOC0240,WH-WB-005,B00900669,712,19-11-2026,100,06-08-2026 09:00
MED0044,LOC0240,WH-WB-005,B00440749,309,18-09-2027,100,06-08-2026 09:00
MED0065,LOC0240,WH-WB-005,B00650858,686,16-11-2027,50,06-08-2026 09:00
MED0029,LOC0240,WH-WB-005,B00290960,91,10-07-2028,75,06-08-2026 09:00
MED0051,LOC0240,WH-WB-005,B00511084,2697,03-07-2027,30,06-08-2026 09:00
MED0104,LOC0240,WH-WB-005,B01041185,10,19-09-2026,30,06-08-2026 09:00
MED0047,LOC0240,WH-WB-005,B00471227,84,17-06-2026,75,06-08-2026 09:00
MED0078,LOC0240,WH-WB-005,B00781368,514,26-05-2028,20,06-08-2026 09:00
MED0102,LOC0240,WH-WB-005,B01021452,487,15-10-2028,30,06-08-2026 09:00
MED0070,LOC0240,WH-WB-005,B00701578,634,23-04-2028,20,06-08-2026 09:00
MED0001,LOC0240,WH-WB-005,B00011653,63,08-08-2027,30,06-08-2026 09:00
MED0096,LOC0240,WH-WB-005,B00961786,4725,14-05-2027,100,06-08-2026 09:00
MED0098,LOC0240,WH-WB-005,B00981814,248,03-07-2026,20,06-08-2026 09:00
MED0087,LOC0240,WH-WB-005,B00871954,374,02-01-2029,20,06-08-2026 09:00
MED0081,LOC0240,WH-WB-005,B00812066,113,11-09-2026,30,06-08-2026 09:00
MED0093,LOC0240,WH-WB-005,B00932133,420,13-05-2027,75,06-08-2026 09:00
MED0013,LOC0240,WH-WB-005,B00132213,4091,13-10-2027,50,06-08-2026 09:00
MED0053,LOC0240,WH-WB-005,B00532322,528,29-12-2026,30,06-08-2026 09:00
MED0086,LOC0240,WH-WB-005,B00862433,594,08-08-2028,100,06-08-2026 09:00
MED0054,LOC0240,WH-WB-005,B00542542,599,08-08-2027,30,06-08-2026 09:00
MED0046,LOC0240,WH-WB-005,B00462620,0,20-01-2028,50,06-08-2026 09:00
MED0100,LOC0240,WH-WB-005,B01002716,181,21-03-2027,50,06-08-2026 09:00
MED0014,LOC0240,WH-WB-005,B00142879,394,15-08-2027,100,06-08-2026 09:00
MED0106,LOC0240,WH-WB-005,B01062931,2770,31-05-2028,75,06-08-2026 09:00
MED0055,LOC0240,WH-WB-005,B00553047,345,05-03-2027,50,06-08-2026 09:00
MED0092,LOC0240,WH-WB-005,B00923171,76,29-10-2028,30,06-08-2026 09:00
MED0036,LOC0241,WH-WB-006,B00360182,0,11-11-2027,75,06-08-2026 09:00
MED0045,LOC0241,WH-WB-006,B00450233,323,22-03-2028,50,06-08-2026 09:00
MED0049,LOC0241,WH-WB-006,B00490310,760,11-07-2028,75,06-08-2026 09:00
MED0095,LOC0241,WH-WB-006,B00950488,763,05-12-2028,50,06-08-2026 09:00
MED0008,LOC0241,WH-WB-006,B00080566,73,14-01-2027,100,06-08-2026 09:00
MED0100,LOC0241,WH-WB-006,B01000616,665,09-03-2028,30,06-08-2026 09:00
MED0113,LOC0241,WH-WB-006,B01130721,741,07-09-2026,30,06-08-2026 09:00
MED0010,LOC0241,WH-WB-006,B00100816,486,27-03-2028,75,06-08-2026 09:00
MED0066,LOC0241,WH-WB-006,B00660931,299,26-09-2026,30,06-08-2026 09:00
MED0023,LOC0241,WH-WB-006,B00231080,16,17-11-2026,75,06-08-2026 09:00
MED0110,LOC0241,WH-WB-006,B01101121,19,18-06-2028,30,06-08-2026 09:00
MED0068,LOC0241,WH-WB-006,B00681240,652,12-09-2026,50,06-08-2026 09:00
MED0082,LOC0241,WH-WB-006,B00821352,261,12-01-2029,100,06-08-2026 09:00
MED0005,LOC0241,WH-WB-006,B00051476,693,02-10-2026,30,06-08-2026 09:00
MED0071,LOC0241,WH-WB-006,B00711520,54,28-06-2027,100,06-08-2026 09:00
MED0053,LOC0241,WH-WB-006,B00531670,146,18-04-2028,30,06-08-2026 09:00
MED0015,LOC0241,WH-WB-006,B00151715,472,04-10-2026,30,06-08-2026 09:00
MED0058,LOC0241,WH-WB-006,B00581861,237,20-09-2028,50,06-08-2026 09:00
MED0106,LOC0241,WH-WB-006,B01061971,759,18-11-2026,100,06-08-2026 09:00
MED0001,LOC0241,WH-WB-006,B00012068,288,18-02-2028,75,06-08-2026 09:00
MED0103,LOC0241,WH-WB-006,B01032129,473,16-11-2027,20,06-08-2026 09:00
MED0064,LOC0241,WH-WB-006,B00642234,786,10-01-2027,50,06-08-2026 09:00
MED0098,LOC0241,WH-WB-006,B00982325,315,23-06-2027,100,06-08-2026 09:00
MED0026,LOC0241,WH-WB-006,B00262492,267,22-09-2028,75,06-08-2026 09:00
MED0044,LOC0241,WH-WB-006,B00442542,124,06-11-2027,50,06-08-2026 09:00
MED0029,LOC0241,WH-WB-006,B00292642,687,28-07-2027,50,06-08-2026 09:00
MED0067,LOC0241,WH-WB-006,B00672756,734,05-04-2028,20,06-08-2026 09:00
MED0040,LOC0241,WH-WB-006,B00402829,9,16-07-2028,50,06-08-2026 09:00
MED0057,LOC0241,WH-WB-006,B00572967,1,14-09-2028,20,06-08-2026 09:00
MED0091,LOC0241,WH-WB-006,B00913090,249,14-09-2026,50,06-08-2026 09:00
MED0020,LOC0241,WH-WB-006,B00203111,690,18-10-2028,100,06-08-2026 09:00
MED0034,LOC0241,WH-WB-006,B00343253,696,28-09-2026,100,06-08-2026 09:00
MED0084,LOC0241,WH-WB-006,B00843340,507,08-10-2027,50,06-08-2026 09:00
MED0104,LOC0241,WH-WB-006,B01043465,560,04-09-2026,100,06-08-2026 09:00
MED0046,LOC0241,WH-WB-006,B00463577,194,06-09-2026,100,06-08-2026 09:00
MED0104,LOC0242,WH-WB-007,B01040116,730,23-03-2028,50,06-08-2026 09:00
MED0108,LOC0242,WH-WB-007,B01080258,349,20-09-2026,50,06-08-2026 09:00
MED0092,LOC0242,WH-WB-007,B00920358,185,29-11-2026,50,06-08-2026 09:00
MED0015,LOC0242,WH-WB-007,B00150493,4526,05-04-2026,75,06-08-2026 09:00
MED0002,LOC0242,WH-WB-007,B00020530,300,27-09-2027,50,06-08-2026 09:00
MED0109,LOC0242,WH-WB-007,B01090617,475,20-08-2026,50,06-08-2026 09:00
MED0085,LOC0242,WH-WB-007,B00850735,666,17-03-2028,75,06-08-2026 09:00
MED0016,LOC0242,WH-WB-007,B00160834,0,31-10-2027,100,06-08-2026 09:00
MED0102,LOC0242,WH-WB-007,B01020944,577,18-04-2027,50,06-08-2026 09:00
MED0055,LOC0242,WH-WB-007,B00551056,616,13-11-2028,30,06-08-2026 09:00
MED0020,LOC0242,WH-WB-007,B00201162,231,21-09-2026,20,06-08-2026 09:00
MED0111,LOC0242,WH-WB-007,B01111233,274,12-07-2027,100,06-08-2026 09:00
MED0078,LOC0242,WH-WB-007,B00781363,224,10-03-2027,50,06-08-2026 09:00
MED0067,LOC0242,WH-WB-007,B00671473,528,06-09-2028,100,06-08-2026 09:00
MED0073,LOC0242,WH-WB-007,B00731539,161,15-09-2027,75,06-08-2026 09:00
MED0062,LOC0242,WH-WB-007,B00621696,123,18-05-2028,100,06-08-2026 09:00
MED0033,LOC0242,WH-WB-007,B00331789,113,14-11-2028,50,06-08-2026 09:00
MED0037,LOC0242,WH-WB-007,B00371837,288,07-11-2027,75,06-08-2026 09:00
MED0054,LOC0242,WH-WB-007,B00541936,166,22-11-2026,100,06-08-2026 09:00
MED0075,LOC0242,WH-WB-007,B00752057,612,01-12-2028,50,06-08-2026 09:00
MED0026,LOC0242,WH-WB-007,B00262176,313,27-04-2026,50,06-08-2026 09:00
MED0012,LOC0242,WH-WB-007,B00122230,307,20-08-2026,100,06-08-2026 09:00
MED0096,LOC0242,WH-WB-007,B00962380,595,05-08-2028,100,06-08-2026 09:00
MED0072,LOC0242,WH-WB-007,B00722472,4652,10-05-2028,20,06-08-2026 09:00
MED0089,LOC0242,WH-WB-007,B00892534,2777,17-11-2028,30,06-08-2026 09:00
MED0093,LOC0242,WH-WB-007,B00932664,36,01-11-2027,20,06-08-2026 09:00
MED0045,LOC0242,WH-WB-007,B00452764,168,06-05-2028,50,06-08-2026 09:00
MED0087,LOC0242,WH-WB-007,B00872864,48,28-09-2026,20,06-08-2026 09:00
MED0010,LOC0242,WH-WB-007,B00102965,249,29-12-2028,20,06-08-2026 09:00
MED0050,LOC0242,WH-WB-007,B00503079,706,10-10-2027,50,06-08-2026 09:00
MED0101,LOC0243,WH-WB-008,B01010139,320,20-06-2027,30,06-08-2026 09:00
MED0047,LOC0243,WH-WB-008,B00470238,679,19-06-2026,75,06-08-2026 09:00
MED0096,LOC0243,WH-WB-008,B00960390,745,27-03-2028,50,06-08-2026 09:00
MED0010,LOC0243,WH-WB-008,B00100432,108,11-09-2026,100,06-08-2026 09:00
MED0066,LOC0243,WH-WB-008,B00660551,253,07-02-2026,100,06-08-2026 09:00
MED0105,LOC0243,WH-WB-008,B01050612,0,21-07-2028,20,06-08-2026 09:00
MED0040,LOC0243,WH-WB-008,B00400790,533,05-09-2026,50,06-08-2026 09:00
MED0006,LOC0243,WH-WB-008,B00060827,52,25-11-2027,100,06-08-2026 09:00
MED0038,LOC0243,WH-WB-008,B00380968,222,01-06-2026,30,06-08-2026 09:00
MED0083,LOC0243,WH-WB-008,B00831075,724,22-12-2027,100,06-08-2026 09:00
MED0064,LOC0243,WH-WB-008,B00641192,272,22-01-2029,100,06-08-2026 09:00
MED0063,LOC0243,WH-WB-008,B00631288,280,12-04-2027,75,06-08-2026 09:00
MED0031,LOC0243,WH-WB-008,B00311336,210,06-03-2028,50,06-08-2026 09:00
MED0046,LOC0243,WH-WB-008,B00461444,10,04-08-2026,30,06-08-2026 09:00
MED0005,LOC0243,WH-WB-008,B00051540,4734,08-04-2027,75,06-08-2026 09:00
MED0102,LOC0243,WH-WB-008,B01021692,180,05-12-2028,50,06-08-2026 09:00
MED0016,LOC0243,WH-WB-008,B00161721,128,09-08-2028,20,06-08-2026 09:00
MED0110,LOC0243,WH-WB-008,B01101827,770,14-07-2026,100,06-08-2026 09:00
MED0068,LOC0243,WH-WB-008,B00681974,52,12-11-2028,100,06-08-2026 09:00
MED0039,LOC0243,WH-WB-008,B00392048,751,12-02-2027,20,06-08-2026 09:00
MED0076,LOC0243,WH-WB-008,B00762115,427,08-02-2028,75,06-08-2026 09:00
MED0059,LOC0243,WH-WB-008,B00592240,0,10-10-2028,75,06-08-2026 09:00
MED0106,LOC0243,WH-WB-008,B01062342,466,26-01-2027,75,06-08-2026 09:00
MED0009,LOC0243,WH-WB-008,B00092443,245,29-10-2027,30,06-08-2026 09:00
MED0050,LOC0243,WH-WB-008,B00502548,129,05-05-2028,75,06-08-2026 09:00
MED0029,LOC0243,WH-WB-008,B00292688,414,31-12-2026,75,06-08-2026 09:00
MED0024,LOC0243,WH-WB-008,B00242721,794,15-06-2028,75,06-08-2026 09:00
MED0049,LOC0244,WH-WB-009,B00490156,579,20-02-2028,75,06-08-2026 09:00
MED0014,LOC0244,WH-WB-009,B00140247,781,22-08-2026,50,06-08-2026 09:00
MED0078,LOC0244,WH-WB-009,B00780351,0,20-09-2026,20,06-08-2026 09:00
MED0029,LOC0244,WH-WB-009,B00290490,26,29-11-2026,30,06-08-2026 09:00
MED0048,LOC0244,WH-WB-009,B00480544,494,03-07-2028,20,06-08-2026 09:00
MED0072,LOC0244,WH-WB-009,B00720668,0,13-08-2026,30,06-08-2026 09:00
MED0013,LOC0244,WH-WB-009,B00130742,43,19-06-2027,30,06-08-2026 09:00
MED0110,LOC0244,WH-WB-009,B01100820,530,04-09-2027,30,06-08-2026 09:00
MED0108,LOC0244,WH-WB-009,B01080975,368,17-11-2028,100,06-08-2026 09:00
MED0039,LOC0244,WH-WB-009,B00391067,113,07-07-2027,75,06-08-2026 09:00
MED0106,LOC0244,WH-WB-009,B01061150,734,23-06-2027,30,06-08-2026 09:00
MED0070,LOC0244,WH-WB-009,B00701274,2868,13-01-2027,75,06-08-2026 09:00
MED0101,LOC0244,WH-WB-009,B01011356,591,02-07-2028,75,06-08-2026 09:00
MED0107,LOC0244,WH-WB-009,B01071451,699,19-04-2027,30,06-08-2026 09:00
MED0080,LOC0244,WH-WB-009,B00801591,252,01-10-2027,100,06-08-2026 09:00
MED0105,LOC0244,WH-WB-009,B01051647,122,19-02-2027,100,06-08-2026 09:00
MED0008,LOC0244,WH-WB-009,B00081773,55,17-05-2028,30,06-08-2026 09:00
MED0098,LOC0244,WH-WB-009,B00981875,240,20-03-2026,30,06-08-2026 09:00
MED0040,LOC0244,WH-WB-009,B00401943,414,14-01-2028,50,06-08-2026 09:00
MED0066,LOC0244,WH-WB-009,B00662056,305,10-04-2027,20,06-08-2026 09:00
MED0112,LOC0244,WH-WB-009,B01122141,693,19-05-2027,20,06-08-2026 09:00
MED0052,LOC0244,WH-WB-009,B00522222,497,23-12-2026,75,06-08-2026 09:00
MED0043,LOC0244,WH-WB-009,B00432364,17,05-11-2026,50,06-08-2026 09:00
MED0056,LOC0244,WH-WB-009,B00562454,533,09-08-2027,30,06-08-2026 09:00
MED0001,LOC0244,WH-WB-009,B00012587,723,08-05-2027,20,06-08-2026 09:00
MED0071,LOC0244,WH-WB-009,B00712670,494,01-06-2026,75,06-08-2026 09:00
MED0033,LOC0244,WH-WB-009,B00332760,63,01-11-2027,75,06-08-2026 09:00
MED0050,LOC0244,WH-WB-009,B00502877,320,13-08-2026,100,06-08-2026 09:00
MED0073,LOC0244,WH-WB-009,B00732956,30,10-11-2027,30,06-08-2026 09:00
MED0102,LOC0244,WH-WB-009,B01023045,692,04-10-2026,50,06-08-2026 09:00
MED0035,LOC0244,WH-WB-009,B00353190,603,08-07-2027,30,06-08-2026 09:00
MED0084,LOC0244,WH-WB-009,B00843248,250,22-06-2027,30,06-08-2026 09:00
MED0077,LOC0244,WH-WB-009,B00773354,105,24-08-2026,20,06-08-2026 09:00
MED0041,LOC0244,WH-WB-009,B00413490,532,26-02-2026,50,06-08-2026 09:00
MED0050,LOC0245,WH-WB-010,B00500137,120,15-12-2026,20,06-08-2026 09:00
MED0004,LOC0245,WH-WB-010,B00040213,195,18-05-2028,100,06-08-2026 09:00
MED0051,LOC0245,WH-WB-010,B00510386,758,29-05-2028,20,06-08-2026 09:00
MED0047,LOC0245,WH-WB-010,B00470467,4340,22-05-2028,100,06-08-2026 09:00
MED0025,LOC0245,WH-WB-010,B00250575,426,18-01-2028,20,06-08-2026 09:00
MED0040,LOC0245,WH-WB-010,B00400665,204,02-02-2027,100,06-08-2026 09:00
MED0082,LOC0245,WH-WB-010,B00820778,0,22-06-2027,50,06-08-2026 09:00
MED0075,LOC0245,WH-WB-010,B00750887,502,25-08-2026,20,06-08-2026 09:00
MED0028,LOC0245,WH-WB-010,B00280935,3103,26-08-2026,20,06-08-2026 09:00
MED0003,LOC0245,WH-WB-010,B00031086,385,16-04-2028,100,06-08-2026 09:00
MED0080,LOC0245,WH-WB-010,B00801141,672,19-08-2027,100,06-08-2026 09:00
MED0055,LOC0245,WH-WB-010,B00551257,219,05-05-2027,100,06-08-2026 09:00
MED0053,LOC0245,WH-WB-010,B00531339,0,14-10-2027,100,06-08-2026 09:00
MED0056,LOC0245,WH-WB-010,B00561414,584,22-11-2026,50,06-08-2026 09:00
MED0026,LOC0245,WH-WB-010,B00261524,230,03-08-2026,30,06-08-2026 09:00
MED0109,LOC0245,WH-WB-010,B01091617,4688,17-12-2027,100,06-08-2026 09:00
MED0078,LOC0245,WH-WB-010,B00781756,519,10-10-2028,20,06-08-2026 09:00
MED0016,LOC0245,WH-WB-010,B00161821,353,10-09-2026,50,06-08-2026 09:00
MED0054,LOC0245,WH-WB-010,B00541948,385,05-02-2027,75,06-08-2026 09:00
MED0049,LOC0245,WH-WB-010,B00492039,429,26-08-2026,30,06-08-2026 09:00
MED0007,LOC0245,WH-WB-010,B00072190,780,25-07-2027,75,06-08-2026 09:00
MED0048,LOC0245,WH-WB-010,B00482232,4053,25-02-2026,20,06-08-2026 09:00
MED0042,LOC0245,WH-WB-010,B00422351,632,05-10-2026,75,06-08-2026 09:00
MED0064,LOC0245,WH-WB-010,B00642444,538,23-12-2027,100,06-08-2026 09:00
MED0058,LOC0245,WH-WB-010,B00582521,503,11-06-2027,30,06-08-2026 09:00
MED0110,LOC0245,WH-WB-010,B01102656,598,10-11-2026,75,06-08-2026 09:00
MED0074,LOC0245,WH-WB-010,B00742738,366,03-12-2027,30,06-08-2026 09:00
MED0006,LOC0245,WH-WB-010,B00062879,263,14-09-2027,30,06-08-2026 09:00
MED0034,LOC0245,WH-WB-010,B00342913,632,24-09-2026,100,06-08-2026 09:00
MED0046,LOC0245,WH-WB-010,B00463026,181,18-07-2026,20,06-08-2026 09:00
MED0044,LOC0245,WH-WB-010,B00443127,28,16-12-2027,75,06-08-2026 09:00
MED0108,LOC0245,WH-WB-010,B01083279,379,29-02-2028,50,06-08-2026 09:00
MED0038,LOC0245,WH-WB-010,B00383374,113,22-09-2026,75,06-08-2026 09:00
MED0089,LOC0245,WH-WB-010,B00893432,178,23-09-2026,50,06-08-2026 09:00
MED0096,LOC0245,WH-WB-010,B00963589,646,21-09-2026,75,06-08-2026 09:00
MED0024,LOC0245,WH-WB-010,B00243670,0,25-08-2027,50,06-08-2026 09:00
MED0029,LOC0245,WH-WB-010,B00293771,687,03-09-2026,100,06-08-2026 09:00
MED0081,LOC0245,WH-WB-010,B00813885,645,01-09-2027,20,06-08-2026 09:00
MED0011,LOC0245,WH-WB-010,B00113991,580,20-01-2027,100,06-08-2026 09:00
MED0106,LOC0245,WH-WB-010,B01064026,241,08-10-2028,30,06-08-2026 09:00
MED0010,LOC0245,WH-WB-010,B00104192,315,29-08-2026,75,06-08-2026 09:00
MED0020,LOC0245,WH-WB-010,B00204237,0,26-12-2028,50,06-08-2026 09:00
MED0088,LOC0245,WH-WB-010,B00884315,617,06-03-2028,30,06-08-2026 09:00
MED0110,LOC0246,WH-AAN-001,B01100119,3525,17-08-2026,20,06-08-2026 09:00
MED0066,LOC0246,WH-AAN-001,B00660278,4395,10-05-2028,100,06-08-2026 09:00
MED0021,LOC0246,WH-AAN-001,B00210381,435,18-11-2028,20,06-08-2026 09:00
MED0091,LOC0246,WH-AAN-001,B00910432,33,22-05-2028,100,06-08-2026 09:00
MED0036,LOC0246,WH-AAN-001,B00360594,380,22-08-2026,30,06-08-2026 09:00
MED0108,LOC0246,WH-AAN-001,B01080643,169,10-11-2028,100,06-08-2026 09:00
MED0022,LOC0246,WH-AAN-001,B00220736,293,23-11-2026,100,06-08-2026 09:00
MED0076,LOC0246,WH-AAN-001,B00760821,558,31-12-2026,20,06-08-2026 09:00
MED0070,LOC0246,WH-AAN-001,B00700934,284,10-03-2028,30,06-08-2026 09:00
MED0047,LOC0246,WH-AAN-001,B00471038,299,18-08-2026,20,06-08-2026 09:00
MED0096,LOC0246,WH-AAN-001,B00961145,282,30-09-2028,75,06-08-2026 09:00
MED0020,LOC0246,WH-AAN-001,B00201239,125,30-01-2028,50,06-08-2026 09:00
MED0064,LOC0246,WH-AAN-001,B00641343,0,18-10-2028,30,06-08-2026 09:00
MED0008,LOC0246,WH-AAN-001,B00081457,377,04-02-2027,100,06-08-2026 09:00
MED0038,LOC0246,WH-AAN-001,B00381555,3601,12-01-2029,100,06-08-2026 09:00
MED0079,LOC0246,WH-AAN-001,B00791681,95,01-04-2027,50,06-08-2026 09:00
MED0058,LOC0246,WH-AAN-001,B00581716,78,22-01-2028,75,06-08-2026 09:00
MED0081,LOC0246,WH-AAN-001,B00811830,95,13-03-2028,20,06-08-2026 09:00
MED0086,LOC0246,WH-AAN-001,B00861946,128,11-10-2028,30,06-08-2026 09:00
MED0030,LOC0246,WH-AAN-001,B00302050,101,27-10-2028,50,06-08-2026 09:00
MED0114,LOC0246,WH-AAN-001,B01142180,297,12-02-2027,20,06-08-2026 09:00
MED0040,LOC0246,WH-AAN-001,B00402276,274,02-12-2026,20,06-08-2026 09:00
MED0093,LOC0246,WH-AAN-001,B00932395,530,17-11-2026,50,06-08-2026 09:00
MED0050,LOC0246,WH-AAN-001,B00502488,163,08-04-2026,100,06-08-2026 09:00
MED0027,LOC0246,WH-AAN-001,B00272590,712,12-12-2026,75,06-08-2026 09:00
MED0085,LOC0246,WH-AAN-001,B00852652,554,14-01-2028,100,06-08-2026 09:00
MED0100,LOC0246,WH-AAN-001,B01002773,231,11-09-2026,100,06-08-2026 09:00
MED0111,LOC0246,WH-AAN-001,B01112876,679,17-02-2028,20,06-08-2026 09:00
MED0034,LOC0246,WH-AAN-001,B00342925,267,01-10-2028,20,06-08-2026 09:00
MED0062,LOC0246,WH-AAN-001,B00623065,68,28-09-2027,75,06-08-2026 09:00
MED0033,LOC0246,WH-AAN-001,B00333165,0,18-01-2028,75,06-08-2026 09:00
MED0073,LOC0246,WH-AAN-001,B00733264,559,05-03-2027,75,06-08-2026 09:00
MED0056,LOC0246,WH-AAN-001,B00563328,206,15-11-2027,100,06-08-2026 09:00
MED0044,LOC0246,WH-AAN-001,B00443418,626,04-01-2027,100,06-08-2026 09:00
MED0083,LOC0246,WH-AAN-001,B00833595,295,28-01-2027,50,06-08-2026 09:00
MED0016,LOC0246,WH-AAN-001,B00163681,408,25-06-2028,50,06-08-2026 09:00
MED0032,LOC0246,WH-AAN-001,B00323720,4225,05-02-2027,50,06-08-2026 09:00
MED0013,LOC0246,WH-AAN-001,B00133872,787,04-05-2028,75,06-08-2026 09:00
MED0011,LOC0246,WH-AAN-001,B00113924,56,28-09-2027,30,06-08-2026 09:00
MED0079,LOC0247,WH-C-009,B00790128,299,05-08-2028,75,06-08-2026 09:00
MED0052,LOC0247,WH-C-009,B00520238,645,01-05-2027,30,06-08-2026 09:00
MED0111,LOC0247,WH-C-009,B01110315,548,16-05-2027,100,06-08-2026 09:00
MED0053,LOC0247,WH-C-009,B00530416,302,10-12-2027,30,06-08-2026 09:00
MED0058,LOC0247,WH-C-009,B00580533,0,19-10-2028,50,06-08-2026 09:00
MED0048,LOC0247,WH-C-009,B00480654,576,07-04-2027,75,06-08-2026 09:00
MED0059,LOC0247,WH-C-009,B00590764,728,30-01-2028,100,06-08-2026 09:00
MED0085,LOC0247,WH-C-009,B00850856,2022,19-05-2028,30,06-08-2026 09:00
MED0013,LOC0247,WH-C-009,B00130927,455,27-09-2026,30,06-08-2026 09:00
MED0090,LOC0247,WH-C-009,B00901084,474,11-08-2027,20,06-08-2026 09:00
MED0049,LOC0247,WH-C-009,B00491140,591,20-11-2026,20,06-08-2026 09:00
MED0074,LOC0247,WH-C-009,B00741257,247,23-07-2027,75,06-08-2026 09:00
MED0041,LOC0247,WH-C-009,B00411310,786,31-05-2027,20,06-08-2026 09:00
MED0038,LOC0247,WH-C-009,B00381425,142,15-04-2028,75,06-08-2026 09:00
MED0004,LOC0247,WH-C-009,B00041598,52,18-06-2028,75,06-08-2026 09:00
MED0018,LOC0247,WH-C-009,B00181689,597,03-02-2028,75,06-08-2026 09:00
MED0025,LOC0247,WH-C-009,B00251767,71,09-06-2027,20,06-08-2026 09:00
MED0106,LOC0247,WH-C-009,B01061828,29,13-04-2026,100,06-08-2026 09:00
MED0026,LOC0247,WH-C-009,B00261981,746,07-05-2028,20,06-08-2026 09:00
MED0094,LOC0247,WH-C-009,B00942010,592,17-03-2028,30,06-08-2026 09:00
MED0037,LOC0247,WH-C-009,B00372150,450,13-01-2027,100,06-08-2026 09:00
MED0024,LOC0247,WH-C-009,B00242246,307,04-08-2027,30,06-08-2026 09:00
MED0088,LOC0247,WH-C-009,B00882328,2517,14-06-2027,30,06-08-2026 09:00
MED0050,LOC0247,WH-C-009,B00502470,0,22-12-2027,20,06-08-2026 09:00
MED0072,LOC0247,WH-C-009,B00722553,36,20-11-2028,50,06-08-2026 09:00
MED0096,LOC0247,WH-C-009,B00962637,24,14-04-2028,50,06-08-2026 09:00
MED0114,LOC0247,WH-C-009,B01142717,526,15-05-2028,20,06-08-2026 09:00
MED0084,LOC0247,WH-C-009,B00842823,192,11-04-2026,30,06-08-2026 09:00
MED0086,LOC0247,WH-C-009,B00862952,563,16-12-2026,50,06-08-2026 09:00
MED0104,LOC0247,WH-C-009,B01043091,562,07-09-2026,50,06-08-2026 09:00
MED0076,LOC0247,WH-C-009,B00763160,613,30-10-2028,50,06-08-2026 09:00
MED0080,LOC0247,WH-C-009,B00803245,567,07-09-2026,100,06-08-2026 09:00
MED0045,LOC0247,WH-C-009,B00453393,718,04-01-2028,100,06-08-2026 09:00
MED0060,LOC0247,WH-C-009,B00603478,159,28-04-2027,75,06-08-2026 09:00
MED0097,LOC0247,WH-C-009,B00973511,260,12-10-2027,75,06-08-2026 09:00
MED0029,LOC0247,WH-C-009,B00293699,472,20-09-2026,50,06-08-2026 09:00
MED0046,LOC0247,WH-C-009,B00463779,396,14-05-2028,75,06-08-2026 09:00
MED0081,LOC0247,WH-C-009,B00813829,417,29-01-2027,50,06-08-2026 09:00
MED0003,LOC0247,WH-C-009,B00033914,85,18-09-2026,50,06-08-2026 09:00
MED0006,LOC0247,WH-C-009,B00064080,652,01-03-2027,20,06-08-2026 09:00
MED0014,LOC0247,WH-C-009,B00144132,3677,01-09-2026,20,06-08-2026 09:00
MED0003,LOC0248,WH-DAN-001,B00030110,365,04-09-2027,30,06-08-2026 09:00
MED0075,LOC0248,WH-DAN-001,B00750228,543,23-08-2027,50,06-08-2026 09:00
MED0105,LOC0248,WH-DAN-001,B01050372,762,05-10-2026,100,06-08-2026 09:00
MED0052,LOC0248,WH-DAN-001,B00520427,777,12-01-2029,30,06-08-2026 09:00
MED0079,LOC0248,WH-DAN-001,B00790582,69,25-05-2028,75,06-08-2026 09:00
MED0084,LOC0248,WH-DAN-001,B00840644,0,16-09-2027,75,06-08-2026 09:00
MED0093,LOC0248,WH-DAN-001,B00930755,215,25-08-2027,75,06-08-2026 09:00
MED0021,LOC0248,WH-DAN-001,B00210897,4558,03-09-2026,75,06-08-2026 09:00
MED0053,LOC0248,WH-DAN-001,B00530919,715,16-09-2026,75,06-08-2026 09:00
MED0094,LOC0248,WH-DAN-001,B00941069,93,08-08-2026,50,06-08-2026 09:00
MED0024,LOC0248,WH-DAN-001,B00241158,236,13-09-2028,100,06-08-2026 09:00
MED0012,LOC0248,WH-DAN-001,B00121234,607,22-07-2026,50,06-08-2026 09:00
MED0049,LOC0248,WH-DAN-001,B00491324,577,20-02-2028,100,06-08-2026 09:00
MED0072,LOC0248,WH-DAN-001,B00721463,146,01-01-2027,30,06-08-2026 09:00
MED0035,LOC0248,WH-DAN-001,B00351526,582,29-09-2026,50,06-08-2026 09:00
MED0061,LOC0248,WH-DAN-001,B00611647,777,22-09-2026,50,06-08-2026 09:00
MED0104,LOC0248,WH-DAN-001,B01041783,286,26-10-2028,20,06-08-2026 09:00
MED0112,LOC0248,WH-DAN-001,B01121891,269,21-08-2026,50,06-08-2026 09:00
MED0114,LOC0248,WH-DAN-001,B01141964,720,11-11-2027,50,06-08-2026 09:00
MED0107,LOC0248,WH-DAN-001,B01072020,404,10-03-2028,50,06-08-2026 09:00
MED0007,LOC0248,WH-DAN-001,B00072115,0,22-09-2026,100,06-08-2026 09:00
MED0102,LOC0248,WH-DAN-001,B01022255,362,23-03-2028,75,06-08-2026 09:00
MED0025,LOC0248,WH-DAN-001,B00252369,488,07-07-2028,100,06-08-2026 09:00
MED0009,LOC0248,WH-DAN-001,B00092458,471,18-08-2027,50,06-08-2026 09:00
MED0040,LOC0248,WH-DAN-001,B00402583,406,23-07-2027,75,06-08-2026 09:00
MED0091,LOC0248,WH-DAN-001,B00912684,719,11-12-2027,20,06-08-2026 09:00
MED0005,LOC0248,WH-DAN-001,B00052728,217,09-01-2029,50,06-08-2026 09:00
MED0076,LOC0248,WH-DAN-001,B00762835,4873,31-10-2027,30,06-08-2026 09:00
MED0017,LOC0248,WH-DAN-001,B00172998,290,24-08-2027,30,06-08-2026 09:00
MED0036,LOC0248,WH-DAN-001,B00363046,3634,08-08-2026,30,06-08-2026 09:00
MED0033,LOC0248,WH-DAN-001,B00333116,322,17-12-2026,100,06-08-2026 09:00
MED0108,LOC0249,WH-DAN-002,B01080165,381,04-10-2026,50,06-08-2026 09:00
MED0065,LOC0249,WH-DAN-002,B00650248,0,18-07-2028,50,06-08-2026 09:00
MED0013,LOC0249,WH-DAN-002,B00130395,152,18-12-2026,30,06-08-2026 09:00
MED0098,LOC0249,WH-DAN-002,B00980422,329,18-06-2026,100,06-08-2026 09:00
MED0080,LOC0249,WH-DAN-002,B00800553,714,07-11-2027,30,06-08-2026 09:00
MED0072,LOC0249,WH-DAN-002,B00720657,628,01-12-2028,100,06-08-2026 09:00
MED0025,LOC0249,WH-DAN-002,B00250766,274,20-09-2026,100,06-08-2026 09:00
MED0055,LOC0249,WH-DAN-002,B00550858,346,13-06-2027,20,06-08-2026 09:00
MED0047,LOC0249,WH-DAN-002,B00470910,2353,06-09-2026,20,06-08-2026 09:00
MED0010,LOC0249,WH-DAN-002,B00101098,2181,07-04-2027,30,06-08-2026 09:00
MED0111,LOC0249,WH-DAN-002,B01111144,204,24-08-2027,50,06-08-2026 09:00
MED0038,LOC0249,WH-DAN-002,B00381293,4373,15-01-2027,100,06-08-2026 09:00
MED0052,LOC0249,WH-DAN-002,B00521325,319,15-05-2028,75,06-08-2026 09:00
MED0075,LOC0249,WH-DAN-002,B00751480,3205,27-12-2027,20,06-08-2026 09:00
MED0008,LOC0249,WH-DAN-002,B00081540,388,07-09-2026,75,06-08-2026 09:00
MED0042,LOC0249,WH-DAN-002,B00421679,0,20-08-2026,75,06-08-2026 09:00
MED0077,LOC0249,WH-DAN-002,B00771784,209,07-08-2028,50,06-08-2026 09:00
MED0086,LOC0249,WH-DAN-002,B00861895,472,26-05-2027,100,06-08-2026 09:00
MED0011,LOC0249,WH-DAN-002,B00111919,207,09-01-2029,20,06-08-2026 09:00
MED0069,LOC0249,WH-DAN-002,B00692058,261,29-11-2027,30,06-08-2026 09:00
MED0030,LOC0249,WH-DAN-002,B00302198,4476,19-08-2026,75,06-08-2026 09:00
MED0062,LOC0249,WH-DAN-002,B00622245,80,02-07-2028,75,06-08-2026 09:00
MED0053,LOC0249,WH-DAN-002,B00532347,0,21-01-2027,50,06-08-2026 09:00
MED0046,LOC0249,WH-DAN-002,B00462480,712,28-08-2026,75,06-08-2026 09:00
MED0027,LOC0249,WH-DAN-002,B00272557,288,09-02-2028,50,06-08-2026 09:00
MED0110,LOC0249,WH-DAN-002,B01102671,435,02-12-2026,30,06-08-2026 09:00
MED0059,LOC0249,WH-DAN-002,B00592757,206,16-05-2027,50,06-08-2026 09:00
MED0074,LOC0249,WH-DAN-002,B00742889,710,16-01-2028,30,06-08-2026 09:00
MED0005,LOC0249,WH-DAN-002,B00052913,3814,31-03-2028,50,06-08-2026 09:00
MED0097,LOC0249,WH-DAN-002,B00973028,358,05-05-2028,20,06-08-2026 09:00
MED0099,LOC0249,WH-DAN-002,B00993174,267,06-07-2027,50,06-08-2026 09:00
MED0088,LOC0249,WH-DAN-002,B00883297,384,19-08-2026,75,06-08-2026 09:00
MED0095,LOC0249,WH-DAN-002,B00953310,498,16-10-2027,50,06-08-2026 09:00
MED0028,LOC0249,WH-DAN-002,B00283417,42,06-07-2028,75,06-08-2026 09:00
MED0033,LOC0249,WH-DAN-002,B00333596,579,03-10-2028,75,06-08-2026 09:00
MED0012,LOC0249,WH-DAN-002,B00123666,254,22-12-2027,100,06-08-2026 09:00
MED0003,LOC0249,WH-DAN-002,B00033761,2875,01-12-2028,30,06-08-2026 09:00
MED0070,LOC0249,WH-DAN-002,B00703883,406,14-05-2028,30,06-08-2026 09:00
MED0007,LOC0249,WH-DAN-002,B00073920,501,15-02-2026,75,06-08-2026 09:00
MED0064,LOC0249,WH-DAN-002,B00644087,2806,06-11-2027,30,06-08-2026 09:00
MED0091,LOC0249,WH-DAN-002,B00914166,232,18-04-2027,30,06-08-2026 09:00
MED0085,LOC0249,WH-DAN-002,B00854275,763,02-05-2028,30,06-08-2026 09:00
MED0043,LOC0249,WH-DAN-002,B00434358,426,04-08-2028,20,06-08-2026 09:00
MED0100,LOC0249,WH-DAN-002,B01004446,179,22-02-2028,20,06-08-2026 09:00
MED0081,LOC0249,WH-DAN-002,B00814520,19,12-05-2028,50,06-08-2026 09:00
MED0084,LOC0249,WH-DAN-002,B00844689,511,15-04-2027,30,06-08-2026 09:00
MED0035,LOC0250,WH-DAN-003,B00350174,481,05-12-2028,30,06-08-2026 09:00
MED0111,LOC0250,WH-DAN-003,B01110297,262,07-01-2028,75,06-08-2026 09:00
MED0096,LOC0250,WH-DAN-003,B00960379,679,16-09-2026,20,06-08-2026 09:00
MED0037,LOC0250,WH-DAN-003,B00370470,394,10-05-2027,75,06-08-2026 09:00
MED0017,LOC0250,WH-DAN-003,B00170590,318,28-02-2027,100,06-08-2026 09:00
MED0030,LOC0250,WH-DAN-003,B00300676,422,22-08-2027,30,06-08-2026 09:00
MED0042,LOC0250,WH-DAN-003,B00420754,127,17-11-2028,30,06-08-2026 09:00
MED0100,LOC0250,WH-DAN-003,B01000885,4597,23-09-2026,100,06-08-2026 09:00
MED0006,LOC0250,WH-DAN-003,B00060949,4963,04-09-2027,50,06-08-2026 09:00
MED0052,LOC0250,WH-DAN-003,B00521074,592,10-09-2026,75,06-08-2026 09:00
MED0070,LOC0250,WH-DAN-003,B00701142,44,03-03-2027,50,06-08-2026 09:00
MED0067,LOC0250,WH-DAN-003,B00671221,1,26-05-2027,75,06-08-2026 09:00
MED0040,LOC0250,WH-DAN-003,B00401355,112,30-03-2027,100,06-08-2026 09:00
MED0028,LOC0250,WH-DAN-003,B00281443,136,15-04-2028,100,06-08-2026 09:00
MED0097,LOC0250,WH-DAN-003,B00971591,174,04-03-2027,50,06-08-2026 09:00
MED0076,LOC0250,WH-DAN-003,B00761621,270,22-07-2028,100,06-08-2026 09:00
MED0032,LOC0250,WH-DAN-003,B00321730,622,02-03-2027,30,06-08-2026 09:00
MED0099,LOC0250,WH-DAN-003,B00991891,690,13-09-2027,20,06-08-2026 09:00
MED0029,LOC0250,WH-DAN-003,B00291939,383,11-12-2028,50,06-08-2026 09:00
MED0086,LOC0250,WH-DAN-003,B00862070,515,07-01-2029,75,06-08-2026 09:00
MED0080,LOC0250,WH-DAN-003,B00802168,43,20-05-2027,20,06-08-2026 09:00
MED0050,LOC0250,WH-DAN-003,B00502275,166,24-11-2027,20,06-08-2026 09:00
MED0004,LOC0250,WH-DAN-003,B00042357,2562,10-06-2026,30,06-08-2026 09:00
MED0051,LOC0250,WH-DAN-003,B00512490,2984,27-07-2028,100,06-08-2026 09:00
MED0090,LOC0250,WH-DAN-003,B00902589,634,27-01-2027,75,06-08-2026 09:00
MED0019,LOC0250,WH-DAN-003,B00192643,719,06-04-2027,75,06-08-2026 09:00
MED0055,LOC0250,WH-DAN-003,B00552739,518,30-04-2027,20,06-08-2026 09:00
MED0026,LOC0250,WH-DAN-003,B00262875,581,04-08-2028,50,06-08-2026 09:00
MED0104,LOC0250,WH-DAN-003,B01042931,794,13-04-2027,100,06-08-2026 09:00
MED0089,LOC0250,WH-DAN-003,B00893033,449,08-12-2026,100,06-08-2026 09:00
MED0109,LOC0250,WH-DAN-003,B01093150,564,30-05-2028,50,06-08-2026 09:00
MED0094,LOC0250,WH-DAN-003,B00943251,139,12-12-2026,50,06-08-2026 09:00
MED0015,LOC0250,WH-DAN-003,B00153332,514,10-02-2028,50,06-08-2026 09:00
MED0077,LOC0250,WH-DAN-003,B00773497,4459,09-10-2028,100,06-08-2026 09:00
MED0058,LOC0251,WH-D-001,B00580116,528,26-10-2028,75,06-08-2026 09:00
MED0031,LOC0251,WH-D-001,B00310297,523,03-03-2027,30,06-08-2026 09:00
MED0032,LOC0251,WH-D-001,B00320352,514,24-11-2026,75,06-08-2026 09:00
MED0084,LOC0251,WH-D-001,B00840462,68,21-05-2028,30,06-08-2026 09:00
MED0047,LOC0251,WH-D-001,B00470591,186,13-04-2028,50,06-08-2026 09:00
MED0087,LOC0251,WH-D-001,B00870644,126,20-02-2028,75,06-08-2026 09:00
MED0088,LOC0251,WH-D-001,B00880721,0,01-09-2027,75,06-08-2026 09:00
MED0113,LOC0251,WH-D-001,B01130832,574,27-05-2028,20,06-08-2026 09:00
MED0059,LOC0251,WH-D-001,B00590921,241,06-03-2028,100,06-08-2026 09:00
MED0004,LOC0251,WH-D-001,B00041066,687,05-06-2028,100,06-08-2026 09:00
MED0081,LOC0251,WH-D-001,B00811164,20,24-12-2026,50,06-08-2026 09:00
MED0055,LOC0251,WH-D-001,B00551270,264,20-09-2026,50,06-08-2026 09:00
MED0096,LOC0251,WH-D-001,B00961363,696,25-08-2027,20,06-08-2026 09:00
MED0028,LOC0251,WH-D-001,B00281443,3345,09-05-2027,20,06-08-2026 09:00
MED0019,LOC0251,WH-D-001,B00191533,449,29-09-2028,20,06-08-2026 09:00
MED0027,LOC0251,WH-D-001,B00271613,4262,21-08-2026,20,06-08-2026 09:00
MED0007,LOC0251,WH-D-001,B00071724,233,18-05-2027,100,06-08-2026 09:00
MED0001,LOC0251,WH-D-001,B00011897,652,15-08-2028,20,06-08-2026 09:00
MED0104,LOC0251,WH-D-001,B01041936,130,24-09-2026,20,06-08-2026 09:00
MED0010,LOC0251,WH-D-001,B00102080,788,28-09-2026,50,06-08-2026 09:00
MED0057,LOC0251,WH-D-001,B00572119,703,09-03-2028,100,06-08-2026 09:00
MED0011,LOC0251,WH-D-001,B00112211,785,25-02-2028,30,06-08-2026 09:00
MED0078,LOC0251,WH-D-001,B00782316,393,16-01-2028,100,06-08-2026 09:00
MED0046,LOC0251,WH-D-001,B00462413,61,27-08-2027,50,06-08-2026 09:00
MED0091,LOC0251,WH-D-001,B00912545,4213,21-05-2028,50,06-08-2026 09:00
MED0062,LOC0251,WH-D-001,B00622645,763,25-08-2026,20,06-08-2026 09:00
MED0056,LOC0251,WH-D-001,B00562782,20,15-04-2028,20,06-08-2026 09:00
MED0025,LOC0251,WH-D-001,B00252828,103,29-11-2028,30,06-08-2026 09:00
MED0017,LOC0251,WH-D-001,B00172930,359,05-11-2027,50,06-08-2026 09:00
MED0077,LOC0251,WH-D-001,B00773043,726,22-08-2026,30,06-08-2026 09:00
MED0048,LOC0251,WH-D-001,B00483127,565,18-02-2027,20,06-08-2026 09:00
MED0016,LOC0251,WH-D-001,B00163259,579,28-09-2026,75,06-08-2026 09:00
MED0051,LOC0251,WH-D-001,B00513332,224,16-08-2028,50,06-08-2026 09:00
MED0053,LOC0251,WH-D-001,B00533493,209,16-11-2028,75,06-08-2026 09:00
MED0086,LOC0251,WH-D-001,B00863513,512,26-12-2027,100,06-08-2026 09:00
MED0095,LOC0251,WH-D-001,B00953661,625,16-12-2028,75,06-08-2026 09:00
MED0045,LOC0251,WH-D-001,B00453737,280,17-07-2028,100,06-08-2026 09:00
MED0103,LOC0251,WH-D-001,B01033864,503,29-06-2028,20,06-08-2026 09:00
MED0061,LOC0251,WH-D-001,B00613986,184,11-07-2027,50,06-08-2026 09:00
MED0035,LOC0251,WH-D-001,B00354042,663,18-07-2028,50,06-08-2026 09:00
MED0072,LOC0251,WH-D-001,B00724149,474,23-05-2028,100,06-08-2026 09:00
MED0049,LOC0251,WH-D-001,B00494293,514,06-07-2028,50,06-08-2026 09:00
MED0099,LOC0251,WH-D-001,B00994317,172,01-07-2027,20,06-08-2026 09:00
MED0064,LOC0251,WH-D-001,B00644449,485,26-09-2026,75,06-08-2026 09:00
MED0037,LOC0251,WH-D-001,B00374529,703,14-02-2026,75,06-08-2026 09:00
MED0063,LOC0251,WH-D-001,B00634641,76,06-04-2028,100,06-08-2026 09:00
MED0098,LOC0251,WH-D-001,B00984775,630,06-12-2026,75,06-08-2026 09:00
MED0107,LOC0251,WH-D-001,B01074822,559,09-05-2028,20,06-08-2026 09:00
MED0003,LOC0251,WH-D-001,B00034946,56,09-08-2026,30,06-08-2026 09:00
MED0101,LOC0251,WH-D-001,B01015045,0,05-08-2027,75,06-08-2026 09:00
MED0033,LOC0252,WH-D-002,B00330176,0,12-05-2028,20,06-08-2026 09:00
MED0041,LOC0252,WH-D-002,B00410249,305,21-02-2027,75,06-08-2026 09:00
MED0110,LOC0252,WH-D-002,B01100374,455,06-05-2027,30,06-08-2026 09:00
MED0030,LOC0252,WH-D-002,B00300497,439,15-11-2028,50,06-08-2026 09:00
MED0100,LOC0252,WH-D-002,B01000546,3142,02-11-2027,30,06-08-2026 09:00
MED0108,LOC0252,WH-D-002,B01080635,739,01-04-2026,100,06-08-2026 09:00
MED0087,LOC0252,WH-D-002,B00870796,728,01-07-2028,30,06-08-2026 09:00
MED0018,LOC0252,WH-D-002,B00180867,242,29-02-2028,100,06-08-2026 09:00
MED0045,LOC0252,WH-D-002,B00450998,2038,26-09-2027,30,06-08-2026 09:00
MED0052,LOC0252,WH-D-002,B00521038,675,20-06-2028,30,06-08-2026 09:00
MED0061,LOC0252,WH-D-002,B00611154,556,15-10-2028,30,06-08-2026 09:00
MED0107,LOC0252,WH-D-002,B01071212,588,14-09-2028,20,06-08-2026 09:00
MED0012,LOC0252,WH-D-002,B00121327,441,02-03-2028,75,06-08-2026 09:00
MED0089,LOC0252,WH-D-002,B00891478,791,21-04-2028,30,06-08-2026 09:00
MED0009,LOC0252,WH-D-002,B00091516,4067,24-09-2026,20,06-08-2026 09:00
MED0073,LOC0252,WH-D-002,B00731651,791,06-12-2026,75,06-08-2026 09:00
MED0088,LOC0252,WH-D-002,B00881797,325,13-08-2028,100,06-08-2026 09:00
MED0043,LOC0252,WH-D-002,B00431838,46,16-11-2027,75,06-08-2026 09:00
MED0010,LOC0252,WH-D-002,B00101971,416,25-12-2027,75,06-08-2026 09:00
MED0102,LOC0252,WH-D-002,B01022060,3528,27-06-2028,30,06-08-2026 09:00
MED0001,LOC0252,WH-D-002,B00012110,0,15-03-2028,75,06-08-2026 09:00
MED0099,LOC0252,WH-D-002,B00992273,480,13-12-2028,30,06-08-2026 09:00
MED0035,LOC0252,WH-D-002,B00352329,29,03-03-2027,30,06-08-2026 09:00
MED0047,LOC0252,WH-D-002,B00472433,757,24-01-2028,20,06-08-2026 09:00
MED0098,LOC0252,WH-D-002,B00982598,395,29-12-2028,100,06-08-2026 09:00
MED0109,LOC0252,WH-D-002,B01092617,271,03-06-2028,30,06-08-2026 09:00
MED0017,LOC0252,WH-D-002,B00172747,555,06-10-2028,50,06-08-2026 09:00
MED0105,LOC0252,WH-D-002,B01052894,3,10-08-2028,50,06-08-2026 09:00
MED0046,LOC0252,WH-D-002,B00462987,539,05-04-2028,75,06-08-2026 09:00
MED0068,LOC0252,WH-D-002,B00683089,244,15-01-2027,100,06-08-2026 09:00
MED0082,LOC0252,WH-D-002,B00823114,758,24-11-2028,20,06-08-2026 09:00
MED0090,LOC0252,WH-D-002,B00903236,97,03-10-2027,50,06-08-2026 09:00
MED0096,LOC0252,WH-D-002,B00963342,544,04-01-2028,50,06-08-2026 09:00
MED0053,LOC0252,WH-D-002,B00533443,290,25-04-2027,50,06-08-2026 09:00
MED0044,LOC0252,WH-D-002,B00443593,316,18-12-2028,20,06-08-2026 09:00
MED0086,LOC0252,WH-D-002,B00863621,98,12-06-2027,50,06-08-2026 09:00
MED0095,LOC0252,WH-D-002,B00953746,733,04-12-2027,75,06-08-2026 09:00
MED0039,LOC0252,WH-D-002,B00393866,54,21-08-2026,20,06-08-2026 09:00
MED0056,LOC0252,WH-D-002,B00563944,0,29-01-2028,100,06-08-2026 09:00
MED0023,LOC0252,WH-D-002,B00234060,2160,23-09-2028,30,06-08-2026 09:00
MED0002,LOC0252,WH-D-002,B00024198,690,30-11-2026,20,06-08-2026 09:00
MED0099,LOC0253,WH-D-003,B00990128,598,25-02-2027,75,06-08-2026 09:00
MED0042,LOC0253,WH-D-003,B00420228,4469,27-09-2027,75,06-08-2026 09:00
MED0054,LOC0253,WH-D-003,B00540317,2502,28-02-2028,75,06-08-2026 09:00
MED0076,LOC0253,WH-D-003,B00760470,246,03-11-2028,100,06-08-2026 09:00
MED0001,LOC0253,WH-D-003,B00010579,69,23-07-2027,30,06-08-2026 09:00
MED0097,LOC0253,WH-D-003,B00970627,473,21-08-2026,50,06-08-2026 09:00
MED0017,LOC0253,WH-D-003,B00170736,717,26-12-2027,50,06-08-2026 09:00
MED0093,LOC0253,WH-D-003,B00930848,92,10-12-2026,50,06-08-2026 09:00
MED0072,LOC0253,WH-D-003,B00720960,147,22-08-2028,30,06-08-2026 09:00
MED0086,LOC0253,WH-D-003,B00861092,3364,08-12-2028,100,06-08-2026 09:00
MED0075,LOC0253,WH-D-003,B00751120,245,16-03-2026,100,06-08-2026 09:00
MED0013,LOC0253,WH-D-003,B00131210,389,19-08-2027,100,06-08-2026 09:00
MED0081,LOC0253,WH-D-003,B00811318,387,29-09-2026,50,06-08-2026 09:00
MED0064,LOC0253,WH-D-003,B00641418,702,23-10-2028,20,06-08-2026 09:00
MED0007,LOC0253,WH-D-003,B00071521,519,23-11-2027,100,06-08-2026 09:00
MED0065,LOC0253,WH-D-003,B00651679,732,20-09-2026,100,06-08-2026 09:00
MED0114,LOC0253,WH-D-003,B01141724,438,04-01-2029,75,06-08-2026 09:00
MED0098,LOC0253,WH-D-003,B00981881,686,11-08-2026,50,06-08-2026 09:00
MED0002,LOC0253,WH-D-003,B00021948,58,22-02-2028,75,06-08-2026 09:00
MED0057,LOC0253,WH-D-003,B00572046,76,10-01-2027,30,06-08-2026 09:00
MED0019,LOC0253,WH-D-003,B00192122,675,05-12-2027,30,06-08-2026 09:00
MED0036,LOC0253,WH-D-003,B00362218,692,26-08-2026,100,06-08-2026 09:00
MED0020,LOC0253,WH-D-003,B00202393,163,12-08-2026,50,06-08-2026 09:00
MED0008,LOC0253,WH-D-003,B00082412,217,03-06-2027,100,06-08-2026 09:00
MED0062,LOC0253,WH-D-003,B00622530,39,30-08-2028,20,06-08-2026 09:00
MED0043,LOC0253,WH-D-003,B00432655,616,14-10-2028,100,06-08-2026 09:00
MED0031,LOC0253,WH-D-003,B00312765,760,15-11-2027,75,06-08-2026 09:00
MED0003,LOC0253,WH-D-003,B00032857,22,15-09-2027,50,06-08-2026 09:00
MED0106,LOC0253,WH-D-003,B01062953,0,25-09-2026,30,06-08-2026 09:00
MED0095,LOC0253,WH-D-003,B00953059,762,01-04-2026,100,06-08-2026 09:00
MED0060,LOC0253,WH-D-003,B00603112,710,22-08-2026,50,06-08-2026 09:00
MED0094,LOC0253,WH-D-003,B00943229,260,08-11-2027,100,06-08-2026 09:00
MED0092,LOC0253,WH-D-003,B00923342,331,01-08-2028,30,06-08-2026 09:00
MED0049,LOC0253,WH-D-003,B00493443,349,15-01-2027,30,06-08-2026 09:00
MED0077,LOC0253,WH-D-003,B00773528,770,30-05-2027,20,06-08-2026 09:00
MED0055,LOC0253,WH-D-003,B00553640,540,23-02-2027,50,06-08-2026 09:00
MED0051,LOC0253,WH-D-003,B00513764,668,26-10-2027,30,06-08-2026 09:00
MED0085,LOC0253,WH-D-003,B00853819,643,22-02-2027,20,06-08-2026 09:00
MED0029,LOC0253,WH-D-003,B00293936,716,27-03-2027,20,06-08-2026 09:00
MED0107,LOC0253,WH-D-003,B01074033,704,10-04-2028,75,06-08-2026 09:00
MED0041,LOC0253,WH-D-003,B00414190,759,16-11-2028,20,06-08-2026 09:00
MED0067,LOC0253,WH-D-003,B00674219,155,14-08-2026,30,06-08-2026 09:00
MED0056,LOC0253,WH-D-003,B00564337,30,19-05-2028,20,06-08-2026 09:00
MED0091,LOC0253,WH-D-003,B00914436,598,16-06-2027,20,06-08-2026 09:00
MED0012,LOC0253,WH-D-003,B00124587,64,29-08-2028,20,06-08-2026 09:00
MED0113,LOC0253,WH-D-003,B01134612,621,10-01-2028,20,06-08-2026 09:00
MED0005,LOC0253,WH-D-003,B00054729,0,09-04-2028,30,06-08-2026 09:00
MED0006,LOC0253,WH-D-003,B00064874,672,22-11-2028,100,06-08-2026 09:00
MED0048,LOC0253,WH-D-003,B00484950,272,25-12-2028,20,06-08-2026 09:00
MED0069,LOC0253,WH-D-003,B00695074,555,17-11-2027,100,06-08-2026 09:00
MED0035,LOC0253,WH-D-003,B00355167,0,24-04-2028,100,06-08-2026 09:00
MED0037,LOC0253,WH-D-003,B00375268,607,11-12-2026,75,06-08-2026 09:00
MED0068,LOC0253,WH-D-003,B00685346,582,24-08-2026,75,06-08-2026 09:00
MED0046,LOC0253,WH-D-003,B00465454,162,05-09-2028,75,06-08-2026 09:00
MED0083,LOC0253,WH-D-003,B00835575,648,09-08-2027,100,06-08-2026 09:00
MED0045,LOC0253,WH-D-003,B00455684,0,11-01-2029,50,06-08-2026 09:00
MED0025,LOC0253,WH-D-003,B00255783,483,29-06-2026,30,06-08-2026 09:00
MED0023,LOC0253,WH-D-003,B00235829,381,01-04-2027,20,06-08-2026 09:00
MED0090,LOC0253,WH-D-003,B00905969,565,20-05-2026,50,06-08-2026 09:00
MED0070,LOC0254,WH-D-004,B00700158,367,03-07-2028,20,06-08-2026 09:00
MED0074,LOC0254,WH-D-004,B00740264,720,09-09-2028,75,06-08-2026 09:00
MED0071,LOC0254,WH-D-004,B00710317,683,25-06-2028,75,06-08-2026 09:00
MED0100,LOC0254,WH-D-004,B01000416,729,09-03-2027,100,06-08-2026 09:00
MED0109,LOC0254,WH-D-004,B01090511,0,23-08-2026,75,06-08-2026 09:00
MED0105,LOC0254,WH-D-004,B01050685,219,17-10-2027,30,06-08-2026 09:00
MED0027,LOC0254,WH-D-004,B00270752,0,20-04-2028,75,06-08-2026 09:00
MED0106,LOC0254,WH-D-004,B01060812,778,09-11-2027,50,06-08-2026 09:00
MED0052,LOC0254,WH-D-004,B00520944,295,23-11-2026,100,06-08-2026 09:00
MED0025,LOC0254,WH-D-004,B00251096,294,23-10-2028,100,06-08-2026 09:00
MED0083,LOC0254,WH-D-004,B00831146,67,25-03-2028,75,06-08-2026 09:00
MED0087,LOC0254,WH-D-004,B00871226,323,22-04-2028,50,06-08-2026 09:00
MED0078,LOC0254,WH-D-004,B00781311,444,29-09-2028,75,06-08-2026 09:00
MED0097,LOC0254,WH-D-004,B00971492,594,01-07-2027,20,06-08-2026 09:00
MED0014,LOC0254,WH-D-004,B00141514,363,20-10-2028,20,06-08-2026 09:00
MED0043,LOC0254,WH-D-004,B00431637,433,18-07-2027,75,06-08-2026 09:00
MED0080,LOC0254,WH-D-004,B00801768,6,02-10-2028,30,06-08-2026 09:00
MED0051,LOC0254,WH-D-004,B00511898,345,24-02-2027,20,06-08-2026 09:00
MED0046,LOC0254,WH-D-004,B00461921,793,24-06-2027,30,06-08-2026 09:00
MED0066,LOC0254,WH-D-004,B00662089,700,26-08-2027,75,06-08-2026 09:00
MED0049,LOC0254,WH-D-004,B00492155,98,05-04-2028,75,06-08-2026 09:00
MED0054,LOC0254,WH-D-004,B00542225,20,09-12-2027,30,06-08-2026 09:00
MED0103,LOC0254,WH-D-004,B01032358,4132,08-04-2027,20,06-08-2026 09:00
MED0068,LOC0254,WH-D-004,B00682466,213,21-12-2026,30,06-08-2026 09:00
MED0111,LOC0254,WH-D-004,B01112570,642,27-02-2028,100,06-08-2026 09:00
MED0035,LOC0254,WH-D-004,B00352657,288,06-12-2026,100,06-08-2026 09:00
MED0007,LOC0254,WH-D-004,B00072763,4854,09-09-2026,50,06-08-2026 09:00
MED0032,LOC0254,WH-D-004,B00322839,177,17-12-2027,75,06-08-2026 09:00
MED0089,LOC0254,WH-D-004,B00892921,0,15-05-2028,50,06-08-2026 09:00
MED0069,LOC0254,WH-D-004,B00693023,733,24-07-2027,50,06-08-2026 09:00
MED0033,LOC0254,WH-D-004,B00333169,515,13-03-2027,100,06-08-2026 09:00
MED0044,LOC0254,WH-D-004,B00443234,766,05-01-2029,20,06-08-2026 09:00
MED0036,LOC0254,WH-D-004,B00363381,538,08-05-2028,20,06-08-2026 09:00
MED0042,LOC0254,WH-D-004,B00423486,715,06-06-2027,30,06-08-2026 09:00
MED0031,LOC0254,WH-D-004,B00313578,380,18-02-2027,50,06-08-2026 09:00
MED0093,LOC0254,WH-D-004,B00933645,550,24-09-2027,100,06-08-2026 09:00
MED0059,LOC0254,WH-D-004,B00593724,477,18-02-2028,75,06-08-2026 09:00
MED0073,LOC0254,WH-D-004,B00733896,457,01-08-2027,50,06-08-2026 09:00
MED0110,LOC0254,WH-D-004,B01103993,206,20-09-2026,75,06-08-2026 09:00
MED0023,LOC0254,WH-D-004,B00234034,452,22-08-2026,100,06-08-2026 09:00
MED0079,LOC0254,WH-D-004,B00794123,105,14-11-2028,75,06-08-2026 09:00
MED0076,LOC0254,WH-D-004,B00764266,781,16-06-2027,50,06-08-2026 09:00
MED0028,LOC0254,WH-D-004,B00284399,605,13-09-2028,30,06-08-2026 09:00
MED0034,LOC0254,WH-D-004,B00344453,105,21-10-2028,20,06-08-2026 09:00
MED0045,LOC0254,WH-D-004,B00454544,423,01-09-2026,100,06-08-2026 09:00
MED0057,LOC0254,WH-D-004,B00574661,376,07-12-2026,30,06-08-2026 09:00
MED0008,LOC0254,WH-D-004,B00084753,4071,28-09-2027,30,06-08-2026 09:00
MED0065,LOC0254,WH-D-004,B00654846,513,19-11-2026,50,06-08-2026 09:00
MED0010,LOC0254,WH-D-004,B00104997,2015,13-01-2029,30,06-08-2026 09:00
MED0076,LOC0255,WH-D-005,B00760158,3369,06-04-2027,30,06-08-2026 09:00
MED0090,LOC0255,WH-D-005,B00900251,493,20-07-2027,50,06-08-2026 09:00
MED0067,LOC0255,WH-D-005,B00670328,197,05-05-2027,75,06-08-2026 09:00
MED0112,LOC0255,WH-D-005,B01120469,0,30-11-2027,50,06-08-2026 09:00
MED0043,LOC0255,WH-D-005,B00430511,676,26-05-2028,100,06-08-2026 09:00
MED0059,LOC0255,WH-D-005,B00590610,268,08-05-2027,50,06-08-2026 09:00
MED0053,LOC0255,WH-D-005,B00530748,4335,21-06-2027,20,06-08-2026 09:00
MED0091,LOC0255,WH-D-005,B00910846,96,02-05-2027,30,06-08-2026 09:00
MED0001,LOC0255,WH-D-005,B00010925,675,19-01-2029,30,06-08-2026 09:00
MED0009,LOC0255,WH-D-005,B00091094,472,05-05-2027,30,06-08-2026 09:00
MED0087,LOC0255,WH-D-005,B00871114,548,03-09-2027,50,06-08-2026 09:00
MED0074,LOC0255,WH-D-005,B00741238,788,21-03-2028,100,06-08-2026 09:00
MED0052,LOC0255,WH-D-005,B00521350,344,23-02-2028,100,06-08-2026 09:00
MED0092,LOC0255,WH-D-005,B00921420,154,01-07-2026,20,06-08-2026 09:00
MED0054,LOC0255,WH-D-005,B00541552,695,22-12-2026,50,06-08-2026 09:00
MED0085,LOC0255,WH-D-005,B00851644,0,06-04-2027,75,06-08-2026 09:00
MED0050,LOC0255,WH-D-005,B00501720,236,10-10-2028,75,06-08-2026 09:00
MED0088,LOC0255,WH-D-005,B00881878,746,22-02-2028,30,06-08-2026 09:00
MED0057,LOC0255,WH-D-005,B00571988,0,14-11-2026,20,06-08-2026 09:00
MED0103,LOC0255,WH-D-005,B01032081,151,28-06-2027,75,06-08-2026 09:00
MED0027,LOC0255,WH-D-005,B00272134,40,26-06-2028,50,06-08-2026 09:00
MED0075,LOC0255,WH-D-005,B00752277,778,10-02-2026,30,06-08-2026 09:00
MED0073,LOC0255,WH-D-005,B00732385,306,17-01-2029,30,06-08-2026 09:00
MED0024,LOC0255,WH-D-005,B00242410,643,15-02-2027,20,06-08-2026 09:00
MED0064,LOC0255,WH-D-005,B00642545,672,30-12-2026,100,06-08-2026 09:00
MED0069,LOC0255,WH-D-005,B00692658,417,14-12-2028,20,06-08-2026 09:00
MED0104,LOC0255,WH-D-005,B01042775,383,10-03-2027,50,06-08-2026 09:00
MED0025,LOC0255,WH-D-005,B00252831,294,18-09-2026,30,06-08-2026 09:00
MED0098,LOC0255,WH-D-005,B00982932,79,04-06-2026,100,06-08-2026 09:00
MED0082,LOC0255,WH-D-005,B00823025,161,14-12-2028,30,06-08-2026 09:00
MED0005,LOC0255,WH-D-005,B00053179,652,06-11-2028,30,06-08-2026 09:00
MED0113,LOC0255,WH-D-005,B01133233,519,20-08-2027,50,06-08-2026 09:00
MED0093,LOC0255,WH-D-005,B00933344,37,14-02-2027,75,06-08-2026 09:00
MED0111,LOC0255,WH-D-005,B01113420,2381,24-09-2026,100,06-08-2026 09:00
MED0077,LOC0255,WH-D-005,B00773528,594,02-10-2028,100,06-08-2026 09:00
MED0006,LOC0255,WH-D-005,B00063692,0,01-04-2028,20,06-08-2026 09:00
MED0101,LOC0255,WH-D-005,B01013779,183,11-09-2028,50,06-08-2026 09:00
MED0063,LOC0255,WH-D-005,B00633851,668,16-08-2028,20,06-08-2026 09:00
MED0089,LOC0255,WH-D-005,B00893925,633,08-10-2028,20,06-08-2026 09:00
MED0107,LOC0255,WH-D-005,B01074078,479,19-01-2029,100,06-08-2026 09:00
MED0003,LOC0255,WH-D-005,B00034186,247,09-07-2026,20,06-08-2026 09:00
MED0083,LOC0255,WH-D-005,B00834224,3131,06-06-2027,20,06-08-2026 09:00
MED0066,LOC0255,WH-D-005,B00664324,53,25-08-2026,75,06-08-2026 09:00
MED0031,LOC0255,WH-D-005,B00314476,308,30-05-2028,20,06-08-2026 09:00
MED0032,LOC0255,WH-D-005,B00324558,416,26-10-2027,30,06-08-2026 09:00
MED0081,LOC0255,WH-D-005,B00814680,30,26-07-2028,30,06-08-2026 09:00
MED0010,LOC0255,WH-D-005,B00104757,722,21-01-2028,30,06-08-2026 09:00
MED0002,LOC0255,WH-D-005,B00024888,684,01-06-2027,30,06-08-2026 09:00
MED0014,LOC0255,WH-D-005,B00144916,4613,13-03-2027,75,06-08-2026 09:00
MED0097,LOC0255,WH-D-005,B00975089,421,22-02-2028,50,06-08-2026 09:00
MED0102,LOC0255,WH-D-005,B01025128,435,16-01-2027,20,06-08-2026 09:00
MED0096,LOC0255,WH-D-005,B00965212,631,08-08-2027,75,06-08-2026 09:00
MED0105,LOC0255,WH-D-005,B01055326,356,08-02-2028,20,06-08-2026 09:00
MED0018,LOC0255,WH-D-005,B00185449,254,22-04-2027,50,06-08-2026 09:00
MED0106,LOC0255,WH-D-005,B01065512,44,25-05-2027,100,06-08-2026 09:00
MED0033,LOC0255,WH-D-005,B00335665,561,21-05-2028,75,06-08-2026 09:00
MED0074,LOC0256,WH-JAK-001,B00740189,553,01-03-2027,30,06-08-2026 09:00
MED0024,LOC0256,WH-JAK-001,B00240288,297,25-08-2028,20,06-08-2026 09:00
MED0106,LOC0256,WH-JAK-001,B01060370,449,20-08-2027,100,06-08-2026 09:00
MED0008,LOC0256,WH-JAK-001,B00080469,760,23-07-2028,20,06-08-2026 09:00
MED0092,LOC0256,WH-JAK-001,B00920561,149,27-04-2027,20,06-08-2026 09:00
MED0087,LOC0256,WH-JAK-001,B00870644,321,20-06-2027,100,06-08-2026 09:00
MED0018,LOC0256,WH-JAK-001,B00180712,557,05-06-2027,50,06-08-2026 09:00
MED0105,LOC0256,WH-JAK-001,B01050875,427,04-04-2028,100,06-08-2026 09:00
MED0089,LOC0256,WH-JAK-001,B00890916,51,03-05-2027,30,06-08-2026 09:00
MED0019,LOC0256,WH-JAK-001,B00191061,156,05-05-2026,100,06-08-2026 09:00
MED0070,LOC0256,WH-JAK-001,B00701143,536,18-06-2026,50,06-08-2026 09:00
MED0090,LOC0256,WH-JAK-001,B00901265,0,05-11-2027,50,06-08-2026 09:00
MED0045,LOC0256,WH-JAK-001,B00451370,373,28-09-2026,50,06-08-2026 09:00
MED0037,LOC0256,WH-JAK-001,B00371414,794,23-10-2027,50,06-08-2026 09:00
MED0006,LOC0256,WH-JAK-001,B00061591,303,18-09-2028,50,06-08-2026 09:00
MED0035,LOC0256,WH-JAK-001,B00351627,721,02-06-2028,50,06-08-2026 09:00
MED0002,LOC0256,WH-JAK-001,B00021787,286,07-08-2027,20,06-08-2026 09:00
MED0107,LOC0256,WH-JAK-001,B01071867,538,12-02-2027,20,06-08-2026 09:00
MED0052,LOC0256,WH-JAK-001,B00521926,597,07-08-2027,100,06-08-2026 09:00
MED0012,LOC0256,WH-JAK-001,B00122083,242,16-09-2026,30,06-08-2026 09:00
MED0055,LOC0256,WH-JAK-001,B00552129,470,03-09-2027,50,06-08-2026 09:00
MED0050,LOC0256,WH-JAK-001,B00502238,614,29-12-2027,75,06-08-2026 09:00
MED0067,LOC0256,WH-JAK-001,B00672353,629,27-08-2028,20,06-08-2026 09:00
MED0085,LOC0256,WH-JAK-001,B00852493,311,01-05-2028,20,06-08-2026 09:00
MED0033,LOC0256,WH-JAK-001,B00332579,68,24-05-2027,75,06-08-2026 09:00
MED0041,LOC0256,WH-JAK-001,B00412611,518,08-01-2027,100,06-08-2026 09:00
MED0088,LOC0256,WH-JAK-001,B00882723,577,26-10-2027,50,06-08-2026 09:00
MED0111,LOC0256,WH-JAK-001,B01112858,4064,20-08-2027,30,06-08-2026 09:00
MED0013,LOC0256,WH-JAK-001,B00132958,107,22-01-2028,30,06-08-2026 09:00
MED0112,LOC0256,WH-JAK-001,B01123064,377,09-08-2028,50,06-08-2026 09:00
MED0056,LOC0256,WH-JAK-001,B00563196,0,02-09-2027,30,06-08-2026 09:00
MED0017,LOC0256,WH-JAK-001,B00173220,594,15-12-2026,30,06-08-2026 09:00
MED0051,LOC0257,WH-JAK-002,B00510124,366,10-12-2027,30,06-08-2026 09:00
MED0106,LOC0257,WH-JAK-002,B01060268,2228,27-12-2027,75,06-08-2026 09:00
MED0038,LOC0257,WH-JAK-002,B00380345,230,11-05-2027,100,06-08-2026 09:00
MED0002,LOC0257,WH-JAK-002,B00020435,158,21-08-2027,100,06-08-2026 09:00
MED0059,LOC0257,WH-JAK-002,B00590520,176,23-09-2027,75,06-08-2026 09:00
MED0086,LOC0257,WH-JAK-002,B00860686,730,26-03-2028,50,06-08-2026 09:00
MED0081,LOC0257,WH-JAK-002,B00810737,645,29-03-2028,50,06-08-2026 09:00
MED0047,LOC0257,WH-JAK-002,B00470824,424,31-12-2026,30,06-08-2026 09:00
MED0097,LOC0257,WH-JAK-002,B00970959,550,07-03-2028,20,06-08-2026 09:00
MED0043,LOC0257,WH-JAK-002,B00431014,289,12-10-2027,20,06-08-2026 09:00
MED0092,LOC0257,WH-JAK-002,B00921122,560,10-01-2029,30,06-08-2026 09:00
MED0052,LOC0257,WH-JAK-002,B00521288,679,16-09-2027,75,06-08-2026 09:00
MED0073,LOC0257,WH-JAK-002,B00731360,652,19-09-2026,100,06-08-2026 09:00
MED0037,LOC0257,WH-JAK-002,B00371473,319,24-05-2028,20,06-08-2026 09:00
MED0012,LOC0257,WH-JAK-002,B00121567,0,18-11-2027,75,06-08-2026 09:00
MED0034,LOC0257,WH-JAK-002,B00341635,26,23-11-2027,75,06-08-2026 09:00
MED0050,LOC0257,WH-JAK-002,B00501761,133,19-01-2028,30,06-08-2026 09:00
MED0094,LOC0257,WH-JAK-002,B00941828,100,07-08-2028,30,06-08-2026 09:00
MED0057,LOC0257,WH-JAK-002,B00571965,419,14-10-2027,20,06-08-2026 09:00
MED0027,LOC0257,WH-JAK-002,B00272097,621,04-10-2026,75,06-08-2026 09:00
MED0044,LOC0257,WH-JAK-002,B00442130,162,24-03-2028,20,06-08-2026 09:00
MED0080,LOC0257,WH-JAK-002,B00802243,729,19-01-2027,30,06-08-2026 09:00
MED0019,LOC0257,WH-JAK-002,B00192370,421,04-12-2028,75,06-08-2026 09:00
MED0089,LOC0257,WH-JAK-002,B00892460,28,14-04-2027,20,06-08-2026 09:00
MED0065,LOC0257,WH-JAK-002,B00652535,675,14-03-2027,20,06-08-2026 09:00
MED0025,LOC0257,WH-JAK-002,B00252667,596,17-10-2027,50,06-08-2026 09:00
MED0087,LOC0257,WH-JAK-002,B00872768,268,01-02-2027,30,06-08-2026 09:00
MED0079,LOC0257,WH-JAK-002,B00792822,735,10-01-2028,75,06-08-2026 09:00
MED0098,LOC0257,WH-JAK-002,B00982986,651,13-09-2026,50,06-08-2026 09:00
MED0020,LOC0257,WH-JAK-002,B00203081,489,15-01-2027,50,06-08-2026 09:00
MED0048,LOC0257,WH-JAK-002,B00483111,653,20-03-2028,30,06-08-2026 09:00
MED0061,LOC0257,WH-JAK-002,B00613263,766,01-09-2026,30,06-08-2026 09:00
MED0110,LOC0257,WH-JAK-002,B01103392,0,16-07-2027,75,06-08-2026 09:00
MED0099,LOC0257,WH-JAK-002,B00993435,336,10-09-2026,20,06-08-2026 09:00
MED0013,LOC0257,WH-JAK-002,B00133598,58,21-12-2027,100,06-08-2026 09:00
MED0114,LOC0257,WH-JAK-002,B01143656,632,15-07-2028,30,06-08-2026 09:00
MED0016,LOC0257,WH-JAK-002,B00163734,88,29-09-2026,75,06-08-2026 09:00
MED0055,LOC0257,WH-JAK-002,B00553877,602,06-11-2027,20,06-08-2026 09:00
MED0107,LOC0257,WH-JAK-002,B01073943,709,02-12-2026,75,06-08-2026 09:00
MED0054,LOC0257,WH-JAK-002,B00544019,788,07-12-2027,20,06-08-2026 09:00
MED0088,LOC0257,WH-JAK-002,B00884135,657,12-02-2027,75,06-08-2026 09:00
MED0041,LOC0257,WH-JAK-002,B00414234,335,27-10-2027,20,06-08-2026 09:00
MED0060,LOC0257,WH-JAK-002,B00604311,90,13-12-2028,100,06-08-2026 09:00
MED0103,LOC0257,WH-JAK-002,B01034450,20,10-11-2026,50,06-08-2026 09:00
MED0040,LOC0257,WH-JAK-002,B00404572,696,30-10-2028,75,06-08-2026 09:00
MED0111,LOC0257,WH-JAK-002,B01114631,259,28-12-2026,50,06-08-2026 09:00
MED0074,LOC0257,WH-JAK-002,B00744737,249,11-01-2027,50,06-08-2026 09:00
MED0077,LOC0258,WH-JAK-003,B00770155,772,30-05-2028,75,06-08-2026 09:00
MED0114,LOC0258,WH-JAK-003,B01140291,255,25-12-2028,75,06-08-2026 09:00
MED0098,LOC0258,WH-JAK-003,B00980324,749,04-01-2027,50,06-08-2026 09:00
MED0019,LOC0258,WH-JAK-003,B00190425,722,01-06-2027,50,06-08-2026 09:00
MED0059,LOC0258,WH-JAK-003,B00590561,181,29-09-2027,75,06-08-2026 09:00
MED0073,LOC0258,WH-JAK-003,B00730640,2977,22-05-2027,30,06-08-2026 09:00
MED0089,LOC0258,WH-JAK-003,B00890712,90,30-04-2027,50,06-08-2026 09:00
MED0030,LOC0258,WH-JAK-003,B00300838,631,11-08-2026,50,06-08-2026 09:00
MED0044,LOC0258,WH-JAK-003,B00440988,389,30-04-2028,100,06-08-2026 09:00
MED0086,LOC0258,WH-JAK-003,B00861014,682,06-02-2028,75,06-08-2026 09:00
MED0037,LOC0258,WH-JAK-003,B00371151,378,08-10-2028,30,06-08-2026 09:00
MED0097,LOC0258,WH-JAK-003,B00971260,691,28-02-2028,30,06-08-2026 09:00
MED0034,LOC0258,WH-JAK-003,B00341383,489,14-02-2026,100,06-08-2026 09:00
MED0088,LOC0258,WH-JAK-003,B00881449,0,23-02-2028,75,06-08-2026 09:00
MED0035,LOC0258,WH-JAK-003,B00351538,330,26-06-2028,50,06-08-2026 09:00
MED0106,LOC0258,WH-JAK-003,B01061662,670,15-01-2027,50,06-08-2026 09:00
MED0070,LOC0258,WH-JAK-003,B00701764,371,23-08-2028,20,06-08-2026 09:00
MED0096,LOC0258,WH-JAK-003,B00961812,19,26-01-2027,30,06-08-2026 09:00
MED0080,LOC0258,WH-JAK-003,B00801933,701,14-01-2027,20,06-08-2026 09:00
MED0003,LOC0258,WH-JAK-003,B00032030,0,26-03-2028,30,06-08-2026 09:00
MED0099,LOC0258,WH-JAK-003,B00992179,451,14-12-2026,75,06-08-2026 09:00
MED0057,LOC0258,WH-JAK-003,B00572236,43,03-12-2026,20,06-08-2026 09:00
MED0026,LOC0258,WH-JAK-003,B00262388,44,06-04-2028,50,06-08-2026 09:00
MED0084,LOC0258,WH-JAK-003,B00842447,763,02-07-2026,50,06-08-2026 09:00
MED0008,LOC0258,WH-JAK-003,B00082565,102,09-09-2028,100,06-08-2026 09:00
MED0016,LOC0258,WH-JAK-003,B00162619,752,16-04-2027,100,06-08-2026 09:00
MED0076,LOC0258,WH-JAK-003,B00762780,252,25-03-2028,20,06-08-2026 09:00
MED0113,LOC0258,WH-JAK-003,B01132897,239,04-12-2028,50,06-08-2026 09:00
MED0042,LOC0258,WH-JAK-003,B00422961,494,26-11-2028,50,06-08-2026 09:00
MED0017,LOC0258,WH-JAK-003,B00173072,2850,08-08-2026,100,06-08-2026 09:00
MED0051,LOC0258,WH-JAK-003,B00513173,245,10-02-2028,30,06-08-2026 09:00
MED0010,LOC0258,WH-JAK-003,B00103253,275,13-09-2028,50,06-08-2026 09:00
MED0036,LOC0258,WH-JAK-003,B00363313,171,08-02-2028,20,06-08-2026 09:00
MED0046,LOC0258,WH-JAK-003,B00463454,752,11-01-2029,50,06-08-2026 09:00
MED0093,LOC0258,WH-JAK-003,B00933579,251,11-04-2028,50,06-08-2026 09:00
MED0067,LOC0258,WH-JAK-003,B00673644,176,13-09-2026,75,06-08-2026 09:00
MED0022,LOC0258,WH-JAK-003,B00223797,45,19-08-2027,30,06-08-2026 09:00
MED0038,LOC0258,WH-JAK-003,B00383875,604,01-08-2027,75,06-08-2026 09:00
MED0048,LOC0258,WH-JAK-003,B00483964,6,20-04-2028,100,06-08-2026 09:00
MED0052,LOC0258,WH-JAK-003,B00524057,29,26-02-2028,20,06-08-2026 09:00
MED0055,LOC0258,WH-JAK-003,B00554185,234,17-11-2028,30,06-08-2026 09:00
MED0107,LOC0258,WH-JAK-003,B01074264,784,23-12-2028,100,06-08-2026 09:00
MED0056,LOC0258,WH-JAK-003,B00564371,775,08-05-2027,20,06-08-2026 09:00
MED0028,LOC0258,WH-JAK-003,B00284452,245,30-12-2027,20,06-08-2026 09:00
MED0007,LOC0258,WH-JAK-003,B00074548,538,24-06-2028,50,06-08-2026 09:00
MED0081,LOC0258,WH-JAK-003,B00814692,221,13-04-2028,30,06-08-2026 09:00
MED0015,LOC0258,WH-JAK-003,B00154739,375,29-12-2027,20,06-08-2026 09:00
MED0018,LOC0258,WH-JAK-003,B00184859,645,20-09-2026,50,06-08-2026 09:00
MED0011,LOC0258,WH-JAK-003,B00114966,263,07-01-2029,75,06-08-2026 09:00
MED0053,LOC0258,WH-JAK-003,B00535049,4581,23-10-2028,100,06-08-2026 09:00
MED0092,LOC0258,WH-JAK-003,B00925175,134,18-11-2027,50,06-08-2026 09:00
MED0054,LOC0258,WH-JAK-003,B00545210,594,10-09-2026,30,06-08-2026 09:00
MED0029,LOC0258,WH-JAK-003,B00295393,334,11-02-2027,100,06-08-2026 09:00
MED0040,LOC0258,WH-JAK-003,B00405454,100,14-12-2026,100,06-08-2026 09:00
MED0087,LOC0258,WH-JAK-003,B00875586,398,18-12-2027,100,06-08-2026 09:00
MED0071,LOC0258,WH-JAK-003,B00715620,67,17-08-2027,50,06-08-2026 09:00
MED0068,LOC0258,WH-JAK-003,B00685794,510,13-08-2026,75,06-08-2026 09:00
MED0103,LOC0258,WH-JAK-003,B01035895,691,19-09-2027,75,06-08-2026 09:00
MED0006,LOC0258,WH-JAK-003,B00065926,0,21-05-2027,20,06-08-2026 09:00
MED0023,LOC0259,WH-JAK-004,B00230185,144,02-05-2028,75,06-08-2026 09:00
MED0109,LOC0259,WH-JAK-004,B01090257,224,02-12-2026,20,06-08-2026 09:00
MED0036,LOC0259,WH-JAK-004,B00360387,168,10-10-2028,100,06-08-2026 09:00
MED0055,LOC0259,WH-JAK-004,B00550429,0,13-07-2027,100,06-08-2026 09:00
MED0028,LOC0259,WH-JAK-004,B00280599,187,19-08-2026,75,06-08-2026 09:00
MED0005,LOC0259,WH-JAK-004,B00050622,553,08-11-2028,75,06-08-2026 09:00
MED0024,LOC0259,WH-JAK-004,B00240788,352,05-12-2028,20,06-08-2026 09:00
MED0099,LOC0259,WH-JAK-004,B00990844,515,05-03-2027,75,06-08-2026 09:00
MED0044,LOC0259,WH-JAK-004,B00440998,122,03-03-2027,75,06-08-2026 09:00
MED0097,LOC0259,WH-JAK-004,B00971061,203,04-07-2028,50,06-08-2026 09:00
MED0095,LOC0259,WH-JAK-004,B00951124,475,12-12-2027,30,06-08-2026 09:00
MED0088,LOC0259,WH-JAK-004,B00881281,587,17-08-2026,20,06-08-2026 09:00
MED0082,LOC0259,WH-JAK-004,B00821397,287,02-11-2028,30,06-08-2026 09:00
MED0064,LOC0259,WH-JAK-004,B00641415,0,17-09-2026,50,06-08-2026 09:00
MED0070,LOC0259,WH-JAK-004,B00701579,230,25-05-2028,100,06-08-2026 09:00
MED0104,LOC0259,WH-JAK-004,B01041692,649,22-11-2027,100,06-08-2026 09:00
MED0054,LOC0259,WH-JAK-004,B00541780,4085,05-01-2029,50,06-08-2026 09:00
MED0106,LOC0259,WH-JAK-004,B01061856,1,22-12-2028,50,06-08-2026 09:00
MED0030,LOC0259,WH-JAK-004,B00301969,183,06-12-2027,50,06-08-2026 09:00
MED0043,LOC0259,WH-JAK-004,B00432062,323,20-04-2028,50,06-08-2026 09:00
MED0062,LOC0259,WH-JAK-004,B00622192,78,20-10-2027,75,06-08-2026 09:00
MED0071,LOC0259,WH-JAK-004,B00712235,133,01-02-2027,30,06-08-2026 09:00
MED0050,LOC0259,WH-JAK-004,B00502394,192,13-12-2027,30,06-08-2026 09:00
MED0098,LOC0259,WH-JAK-004,B00982448,532,16-09-2026,50,06-08-2026 09:00
MED0051,LOC0259,WH-JAK-004,B00512528,584,29-12-2028,50,06-08-2026 09:00
MED0059,LOC0259,WH-JAK-004,B00592655,143,01-07-2027,20,06-08-2026 09:00
MED0110,LOC0259,WH-JAK-004,B01102750,585,07-02-2027,100,06-08-2026 09:00
MED0111,LOC0259,WH-JAK-004,B01112845,519,25-07-2027,75,06-08-2026 09:00
MED0004,LOC0259,WH-JAK-004,B00042920,167,21-01-2028,100,06-08-2026 09:00
MED0029,LOC0259,WH-JAK-004,B00293096,0,04-04-2027,30,06-08-2026 09:00
MED0019,LOC0259,WH-JAK-004,B00193158,36,10-08-2026,100,06-08-2026 09:00
MED0013,LOC0259,WH-JAK-004,B00133229,436,20-11-2027,30,06-08-2026 09:00
MED0015,LOC0259,WH-JAK-004,B00153361,129,31-10-2027,20,06-08-2026 09:00
MED0022,LOC0259,WH-JAK-004,B00223488,224,09-04-2027,30,06-08-2026 09:00
MED0112,LOC0259,WH-JAK-004,B01123543,38,28-10-2027,30,06-08-2026 09:00
MED0042,LOC0259,WH-JAK-004,B00423673,658,08-01-2028,50,06-08-2026 09:00
MED0072,LOC0259,WH-JAK-004,B00723716,450,28-01-2028,20,06-08-2026 09:00
MED0087,LOC0259,WH-JAK-004,B00873856,579,22-11-2027,20,06-08-2026 09:00
MED0011,LOC0259,WH-JAK-004,B00113977,361,06-04-2028,75,06-08-2026 09:00
MED0046,LOC0259,WH-JAK-004,B00464042,793,25-05-2028,30,06-08-2026 09:00
MED0080,LOC0259,WH-JAK-004,B00804119,105,31-12-2028,30,06-08-2026 09:00
MED0094,LOC0259,WH-JAK-004,B00944223,713,28-07-2028,100,06-08-2026 09:00
MED0065,LOC0259,WH-JAK-004,B00654320,483,16-05-2028,20,06-08-2026 09:00
MED0039,LOC0259,WH-JAK-004,B00394421,336,04-04-2028,100,06-08-2026 09:00
MED0034,LOC0259,WH-JAK-004,B00344527,122,17-01-2028,50,06-08-2026 09:00
MED0083,LOC0259,WH-JAK-004,B00834674,477,01-01-2027,30,06-08-2026 09:00
MED0045,LOC0259,WH-JAK-004,B00454761,3491,22-10-2027,75,06-08-2026 09:00
MED0009,LOC0259,WH-JAK-004,B00094843,9,23-11-2026,30,06-08-2026 09:00
MED0053,LOC0259,WH-JAK-004,B00534947,71,16-12-2028,75,06-08-2026 09:00
MED0027,LOC0259,WH-JAK-004,B00275053,336,15-04-2028,20,06-08-2026 09:00
MED0021,LOC0259,WH-JAK-004,B00215166,0,03-10-2026,100,06-08-2026 09:00
MED0114,LOC0260,WH-L-001,B01140128,281,07-02-2027,20,06-08-2026 09:00
MED0070,LOC0260,WH-L-001,B00700299,765,25-12-2027,75,06-08-2026 09:00
MED0054,LOC0260,WH-L-001,B00540330,131,28-06-2028,30,06-08-2026 09:00
MED0009,LOC0260,WH-L-001,B00090447,53,29-06-2027,30,06-08-2026 09:00
MED0039,LOC0260,WH-L-001,B00390565,257,29-03-2028,30,06-08-2026 09:00
MED0055,LOC0260,WH-L-001,B00550660,0,30-03-2028,30,06-08-2026 09:00
MED0027,LOC0260,WH-L-001,B00270735,112,08-08-2026,30,06-08-2026 09:00
MED0076,LOC0260,WH-L-001,B00760834,704,07-10-2027,20,06-08-2026 09:00
MED0011,LOC0260,WH-L-001,B00110933,196,03-04-2028,50,06-08-2026 09:00
MED0007,LOC0260,WH-L-001,B00071076,751,24-04-2028,75,06-08-2026 09:00
MED0019,LOC0260,WH-L-001,B00191125,304,30-07-2028,100,06-08-2026 09:00
MED0102,LOC0260,WH-L-001,B01021237,546,20-08-2026,100,06-08-2026 09:00
MED0059,LOC0260,WH-L-001,B00591326,4013,24-09-2026,100,06-08-2026 09:00
MED0082,LOC0260,WH-L-001,B00821433,658,29-07-2028,100,06-08-2026 09:00
MED0038,LOC0260,WH-L-001,B00381570,94,29-04-2028,75,06-08-2026 09:00
MED0023,LOC0260,WH-L-001,B00231613,326,19-08-2027,20,06-08-2026 09:00
MED0028,LOC0260,WH-L-001,B00281733,497,19-05-2027,50,06-08-2026 09:00
MED0061,LOC0260,WH-L-001,B00611815,206,30-07-2028,50,06-08-2026 09:00
MED0065,LOC0260,WH-L-001,B00651992,0,15-11-2028,75,06-08-2026 09:00
MED0025,LOC0260,WH-L-001,B00252011,120,19-02-2027,50,06-08-2026 09:00
MED0058,LOC0260,WH-L-001,B00582175,483,17-02-2028,75,06-08-2026 09:00
MED0084,LOC0260,WH-L-001,B00842298,768,31-05-2027,100,06-08-2026 09:00
MED0109,LOC0260,WH-L-001,B01092350,0,06-01-2029,75,06-08-2026 09:00
MED0018,LOC0260,WH-L-001,B00182457,621,26-03-2028,50,06-08-2026 09:00
MED0031,LOC0260,WH-L-001,B00312598,465,15-12-2027,30,06-08-2026 09:00
MED0026,LOC0261,WH-L-002,B00260160,4023,14-06-2028,20,06-08-2026 09:00
MED0058,LOC0261,WH-L-002,B00580272,133,19-06-2027,75,06-08-2026 09:00
MED0019,LOC0261,WH-L-002,B00190352,269,10-11-2026,75,06-08-2026 09:00
MED0033,LOC0261,WH-L-002,B00330412,661,15-05-2028,100,06-08-2026 09:00
MED0040,LOC0261,WH-L-002,B00400513,795,22-08-2027,50,06-08-2026 09:00
MED0036,LOC0261,WH-L-002,B00360651,0,09-10-2028,50,06-08-2026 09:00
MED0073,LOC0261,WH-L-002,B00730717,279,27-12-2027,20,06-08-2026 09:00
MED0061,LOC0261,WH-L-002,B00610869,429,18-04-2027,30,06-08-2026 09:00
MED0093,LOC0261,WH-L-002,B00930915,77,05-05-2026,20,06-08-2026 09:00
MED0016,LOC0261,WH-L-002,B00161023,613,27-09-2026,20,06-08-2026 09:00
MED0021,LOC0261,WH-L-002,B00211122,250,26-05-2028,100,06-08-2026 09:00
MED0104,LOC0261,WH-L-002,B01041288,764,28-05-2028,75,06-08-2026 09:00
MED0049,LOC0261,WH-L-002,B00491394,484,11-11-2027,100,06-08-2026 09:00
MED0076,LOC0261,WH-L-002,B00761447,4787,10-11-2027,30,06-08-2026 09:00
MED0041,LOC0261,WH-L-002,B00411537,765,26-08-2026,50,06-08-2026 09:00
MED0010,LOC0261,WH-L-002,B00101678,603,19-04-2028,30,06-08-2026 09:00
MED0038,LOC0261,WH-L-002,B00381785,472,15-12-2026,30,06-08-2026 09:00
MED0084,LOC0261,WH-L-002,B00841880,107,22-05-2028,75,06-08-2026 09:00
MED0082,LOC0261,WH-L-002,B00821972,140,07-10-2028,75,06-08-2026 09:00
MED0031,LOC0261,WH-L-002,B00312079,98,11-05-2028,50,06-08-2026 09:00
MED0054,LOC0261,WH-L-002,B00542116,649,21-05-2027,75,06-08-2026 09:00
MED0077,LOC0261,WH-L-002,B00772262,355,19-05-2028,75,06-08-2026 09:00
MED0103,LOC0261,WH-L-002,B01032335,567,04-12-2028,20,06-08-2026 09:00
MED0006,LOC0261,WH-L-002,B00062430,0,01-06-2027,20,06-08-2026 09:00
MED0008,LOC0261,WH-L-002,B00082512,0,05-05-2027,30,06-08-2026 09:00
MED0075,LOC0261,WH-L-002,B00752640,499,31-03-2028,75,06-08-2026 09:00
MED0013,LOC0261,WH-L-002,B00132720,606,03-11-2028,75,06-08-2026 09:00
MED0112,LOC0261,WH-L-002,B01122832,515,18-10-2028,20,06-08-2026 09:00
MED0045,LOC0261,WH-L-002,B00452910,739,07-10-2028,100,06-08-2026 09:00
MED0066,LOC0261,WH-L-002,B00663029,775,04-09-2028,30,06-08-2026 09:00
MED0048,LOC0261,WH-L-002,B00483190,0,13-08-2026,100,06-08-2026 09:00
MED0095,LOC0261,WH-L-002,B00953277,441,13-01-2029,30,06-08-2026 09:00
MED0110,LOC0261,WH-L-002,B01103392,452,21-06-2028,20,06-08-2026 09:00
MED0007,LOC0261,WH-L-002,B00073463,543,01-07-2027,30,06-08-2026 09:00
MED0018,LOC0261,WH-L-002,B00183538,2911,10-02-2026,100,06-08-2026 09:00
MED0106,LOC0261,WH-L-002,B01063618,141,15-12-2026,30,06-08-2026 09:00
MED0063,LOC0261,WH-L-002,B00633712,109,12-07-2027,20,06-08-2026 09:00
MED0003,LOC0261,WH-L-002,B00033894,538,31-05-2028,75,06-08-2026 09:00
MED0085,LOC0261,WH-L-002,B00853921,78,23-04-2027,20,06-08-2026 09:00
MED0074,LOC0261,WH-L-002,B00744097,203,18-12-2028,30,06-08-2026 09:00
MED0046,LOC0261,WH-L-002,B00464117,130,09-02-2027,75,06-08-2026 09:00
MED0083,LOC0261,WH-L-002,B00834252,0,10-08-2027,20,06-08-2026 09:00
MED0065,LOC0261,WH-L-002,B00654316,48,24-10-2028,30,06-08-2026 09:00
MED0107,LOC0261,WH-L-002,B01074490,590,14-09-2026,20,06-08-2026 09:00
MED0079,LOC0261,WH-L-002,B00794590,4066,02-05-2026,75,06-08-2026 09:00
MED0056,LOC0261,WH-L-002,B00564651,4841,02-10-2026,20,06-08-2026 09:00
MED0034,LOC0261,WH-L-002,B00344730,310,28-09-2026,20,06-08-2026 09:00
MED0008,LOC0262,WH-L-003,B00080154,419,12-09-2026,75,06-08-2026 09:00
MED0108,LOC0262,WH-L-003,B01080253,302,07-07-2027,100,06-08-2026 09:00
MED0010,LOC0262,WH-L-003,B00100363,2652,25-06-2027,100,06-08-2026 09:00
MED0015,LOC0262,WH-L-003,B00150417,484,28-07-2028,30,06-08-2026 09:00
MED0022,LOC0262,WH-L-003,B00220594,235,22-11-2028,50,06-08-2026 09:00
MED0065,LOC0262,WH-L-003,B00650683,13,19-12-2028,50,06-08-2026 09:00
MED0059,LOC0262,WH-L-003,B00590763,563,21-11-2028,20,06-08-2026 09:00
MED0100,LOC0262,WH-L-003,B01000814,386,07-08-2027,30,06-08-2026 09:00
MED0098,LOC0262,WH-L-003,B00980922,338,17-01-2027,50,06-08-2026 09:00
MED0043,LOC0262,WH-L-003,B00431012,461,29-02-2028,100,06-08-2026 09:00
MED0114,LOC0262,WH-L-003,B01141126,369,21-01-2028,75,06-08-2026 09:00
MED0067,LOC0262,WH-L-003,B00671246,4906,08-12-2026,75,06-08-2026 09:00
MED0024,LOC0262,WH-L-003,B00241336,33,02-03-2028,30,06-08-2026 09:00
MED0051,LOC0262,WH-L-003,B00511418,399,30-03-2028,50,06-08-2026 09:00
MED0060,LOC0262,WH-L-003,B00601569,478,13-11-2026,50,06-08-2026 09:00
MED0006,LOC0262,WH-L-003,B00061687,119,17-01-2028,100,06-08-2026 09:00
MED0025,LOC0262,WH-L-003,B00251769,4132,28-07-2027,20,06-08-2026 09:00
MED0073,LOC0262,WH-L-003,B00731822,764,24-04-2028,50,06-08-2026 09:00
MED0104,LOC0262,WH-L-003,B01041943,313,30-06-2028,50,06-08-2026 09:00
MED0076,LOC0262,WH-L-003,B00762032,616,17-12-2027,50,06-08-2026 09:00
MED0063,LOC0262,WH-L-003,B00632184,611,10-02-2027,75,06-08-2026 09:00
MED0032,LOC0262,WH-L-003,B00322234,2934,30-06-2027,100,06-08-2026 09:00
MED0072,LOC0262,WH-L-003,B00722350,630,24-01-2027,50,06-08-2026 09:00
MED0002,LOC0262,WH-L-003,B00022430,587,28-07-2028,50,06-08-2026 09:00
MED0057,LOC0262,WH-L-003,B00572557,694,17-05-2027,75,06-08-2026 09:00
MED0079,LOC0262,WH-L-003,B00792612,662,10-12-2027,100,06-08-2026 09:00
MED0095,LOC0262,WH-L-003,B00952796,2427,28-09-2026,20,06-08-2026 09:00
MED0013,LOC0262,WH-L-003,B00132870,69,10-05-2028,75,06-08-2026 09:00
MED0037,LOC0262,WH-L-003,B00372984,681,21-08-2028,100,06-08-2026 09:00
MED0078,LOC0262,WH-L-003,B00783067,247,10-08-2026,30,06-08-2026 09:00
MED0031,LOC0262,WH-L-003,B00313116,327,23-12-2026,75,06-08-2026 09:00
MED0064,LOC0262,WH-L-003,B00643252,424,13-08-2028,100,06-08-2026 09:00
MED0014,LOC0262,WH-L-003,B00143359,788,25-10-2028,20,06-08-2026 09:00
MED0077,LOC0262,WH-L-003,B00773463,0,05-11-2026,75,06-08-2026 09:00
MED0012,LOC0262,WH-L-003,B00123557,186,01-12-2028,100,06-08-2026 09:00
MED0005,LOC0262,WH-L-003,B00053668,533,07-07-2028,30,06-08-2026 09:00
MED0036,LOC0262,WH-L-003,B00363794,572,30-01-2028,30,06-08-2026 09:00
MED0048,LOC0262,WH-L-003,B00483844,117,30-04-2027,20,06-08-2026 09:00
MED0111,LOC0262,WH-L-003,B01113973,695,18-02-2027,20,06-08-2026 09:00
MED0039,LOC0262,WH-L-003,B00394091,195,09-06-2028,75,06-08-2026 09:00
MED0016,LOC0262,WH-L-003,B00164152,32,19-11-2026,75,06-08-2026 09:00
MED0033,LOC0262,WH-L-003,B00334296,199,02-03-2027,30,06-08-2026 09:00
MED0049,LOC0262,WH-L-003,B00494364,127,26-04-2028,100,06-08-2026 09:00
MED0069,LOC0262,WH-L-003,B00694450,264,01-12-2028,50,06-08-2026 09:00
MED0109,LOC0262,WH-L-003,B01094547,84,07-02-2028,20,06-08-2026 09:00
MED0074,LOC0262,WH-L-003,B00744655,123,26-11-2027,50,06-08-2026 09:00
MED0028,LOC0263,WH-P-010,B00280164,0,29-09-2028,30,06-08-2026 09:00
MED0106,LOC0263,WH-P-010,B01060296,729,20-09-2027,75,06-08-2026 09:00
MED0061,LOC0263,WH-P-010,B00610367,4070,10-07-2028,75,06-08-2026 09:00
MED0013,LOC0263,WH-P-010,B00130469,27,05-07-2028,30,06-08-2026 09:00
MED0042,LOC0263,WH-P-010,B00420592,527,07-11-2028,30,06-08-2026 09:00
MED0095,LOC0263,WH-P-010,B00950694,713,02-10-2026,100,06-08-2026 09:00
MED0091,LOC0263,WH-P-010,B00910791,3419,07-08-2026,30,06-08-2026 09:00
MED0004,LOC0263,WH-P-010,B00040839,4021,23-01-2027,100,06-08-2026 09:00
MED0002,LOC0263,WH-P-010,B00020985,72,03-01-2027,50,06-08-2026 09:00
MED0062,LOC0263,WH-P-010,B00621071,419,25-02-2027,30,06-08-2026 09:00
MED0033,LOC0263,WH-P-010,B00331175,519,26-09-2026,75,06-08-2026 09:00
MED0072,LOC0263,WH-P-010,B00721218,386,09-01-2028,30,06-08-2026 09:00
MED0066,LOC0263,WH-P-010,B00661367,3455,30-12-2026,75,06-08-2026 09:00
MED0029,LOC0263,WH-P-010,B00291495,587,03-03-2027,50,06-08-2026 09:00
MED0102,LOC0263,WH-P-010,B01021544,163,07-01-2028,75,06-08-2026 09:00
MED0020,LOC0263,WH-P-010,B00201644,201,11-09-2028,20,06-08-2026 09:00
MED0056,LOC0263,WH-P-010,B00561776,62,16-04-2028,50,06-08-2026 09:00
MED0069,LOC0263,WH-P-010,B00691817,320,29-01-2027,50,06-08-2026 09:00
MED0019,LOC0263,WH-P-010,B00191958,110,25-01-2028,100,06-08-2026 09:00
MED0008,LOC0263,WH-P-010,B00082074,595,17-06-2026,30,06-08-2026 09:00
MED0011,LOC0263,WH-P-010,B00112117,778,18-04-2027,20,06-08-2026 09:00
MED0096,LOC0263,WH-P-010,B00962297,748,24-11-2028,20,06-08-2026 09:00
MED0005,LOC0263,WH-P-010,B00052323,296,07-11-2026,75,06-08-2026 09:00
MED0093,LOC0263,WH-P-010,B00932432,3612,25-06-2028,20,06-08-2026 09:00
MED0014,LOC0263,WH-P-010,B00142583,663,23-08-2026,100,06-08-2026 09:00
MED0041,LOC0263,WH-P-010,B00412649,625,16-06-2027,75,06-08-2026 09:00
MED0108,LOC0263,WH-P-010,B01082722,659,18-12-2026,100,06-08-2026 09:00
MED0052,LOC0263,WH-P-010,B00522826,4923,16-01-2028,30,06-08-2026 09:00
MED0047,LOC0264,WH-P-011,B00470130,371,18-01-2027,30,06-08-2026 09:00
MED0026,LOC0264,WH-P-011,B00260267,306,19-11-2028,20,06-08-2026 09:00
MED0011,LOC0264,WH-P-011,B00110370,308,29-08-2026,75,06-08-2026 09:00
MED0016,LOC0264,WH-P-011,B00160499,3015,09-01-2027,30,06-08-2026 09:00
MED0041,LOC0264,WH-P-011,B00410540,4386,25-04-2028,100,06-08-2026 09:00
MED0097,LOC0264,WH-P-011,B00970630,48,31-03-2028,100,06-08-2026 09:00
MED0064,LOC0264,WH-P-011,B00640712,497,05-05-2027,100,06-08-2026 09:00
MED0014,LOC0264,WH-P-011,B00140819,86,23-08-2028,75,06-08-2026 09:00
MED0070,LOC0264,WH-P-011,B00700939,28,01-11-2028,30,06-08-2026 09:00
MED0018,LOC0264,WH-P-011,B00181046,531,30-06-2028,30,06-08-2026 09:00
MED0099,LOC0264,WH-P-011,B00991164,144,02-06-2027,100,06-08-2026 09:00
MED0050,LOC0264,WH-P-011,B00501247,303,26-04-2027,75,06-08-2026 09:00
MED0043,LOC0264,WH-P-011,B00431344,586,13-11-2027,50,06-08-2026 09:00
MED0105,LOC0264,WH-P-011,B01051430,445,05-03-2028,100,06-08-2026 09:00
MED0024,LOC0264,WH-P-011,B00241532,43,21-11-2028,75,06-08-2026 09:00
MED0059,LOC0264,WH-P-011,B00591659,4047,12-08-2026,100,06-08-2026 09:00
MED0015,LOC0264,WH-P-011,B00151792,293,12-05-2027,100,06-08-2026 09:00
MED0089,LOC0264,WH-P-011,B00891844,387,30-04-2027,100,06-08-2026 09:00
MED0002,LOC0264,WH-P-011,B00021984,0,24-06-2026,75,06-08-2026 09:00
MED0052,LOC0264,WH-P-011,B00522024,740,27-02-2028,50,06-08-2026 09:00
MED0068,LOC0264,WH-P-011,B00682159,0,02-02-2027,30,06-08-2026 09:00
MED0034,LOC0264,WH-P-011,B00342233,0,15-03-2026,100,06-08-2026 09:00
MED0053,LOC0264,WH-P-011,B00532391,633,03-03-2028,50,06-08-2026 09:00
MED0055,LOC0264,WH-P-011,B00552426,493,25-05-2027,75,06-08-2026 09:00
MED0056,LOC0264,WH-P-011,B00562580,549,15-02-2027,100,06-08-2026 09:00
MED0046,LOC0264,WH-P-011,B00462656,348,26-12-2026,75,06-08-2026 09:00
MED0054,LOC0264,WH-P-011,B00542749,119,28-08-2028,100,06-08-2026 09:00
MED0114,LOC0264,WH-P-011,B01142824,427,03-10-2028,100,06-08-2026 09:00
MED0106,LOC0264,WH-P-011,B01062944,534,07-06-2026,20,06-08-2026 09:00
MED0033,LOC0264,WH-P-011,B00333064,719,09-07-2026,75,06-08-2026 09:00
MED0005,LOC0264,WH-P-011,B00053119,271,10-04-2028,100,06-08-2026 09:00
MED0037,LOC0264,WH-P-011,B00373297,405,08-11-2026,20,06-08-2026 09:00
MED0100,LOC0264,WH-P-011,B01003326,575,31-05-2028,75,06-08-2026 09:00
MED0075,LOC0264,WH-P-011,B00753453,409,21-12-2026,30,06-08-2026 09:00
MED0112,LOC0264,WH-P-011,B01123588,626,04-10-2027,50,06-08-2026 09:00
MED0008,LOC0264,WH-P-011,B00083649,487,27-04-2027,20,06-08-2026 09:00
MED0028,LOC0264,WH-P-011,B00283756,8,30-08-2026,20,06-08-2026 09:00
MED0057,LOC0264,WH-P-011,B00573880,681,07-02-2028,20,06-08-2026 09:00
MED0035,LOC0264,WH-P-011,B00353913,154,15-03-2028,20,06-08-2026 09:00
MED0081,LOC0264,WH-P-011,B00814076,750,21-05-2027,20,06-08-2026 09:00
MED0058,LOC0264,WH-P-011,B00584185,138,06-07-2027,75,06-08-2026 09:00
MED0077,LOC0265,WH-M-024,B00770128,141,11-08-2027,50,06-08-2026 09:00
MED0016,LOC0265,WH-M-024,B00160264,176,14-04-2027,50,06-08-2026 09:00
MED0020,LOC0265,WH-M-024,B00200392,152,15-07-2027,50,06-08-2026 09:00
MED0106,LOC0265,WH-M-024,B01060458,764,12-08-2028,30,06-08-2026 09:00
MED0031,LOC0265,WH-M-024,B00310527,702,07-05-2027,20,06-08-2026 09:00
MED0065,LOC0265,WH-M-024,B00650693,338,28-03-2028,30,06-08-2026 09:00
MED0087,LOC0265,WH-M-024,B00870719,312,21-09-2028,50,06-08-2026 09:00
MED0113,LOC0265,WH-M-024,B01130899,638,06-04-2028,75,06-08-2026 09:00
MED0094,LOC0265,WH-M-024,B00940983,527,08-11-2028,20,06-08-2026 09:00
MED0011,LOC0265,WH-M-024,B00111031,675,14-08-2026,30,06-08-2026 09:00
MED0084,LOC0265,WH-M-024,B00841173,231,12-07-2028,100,06-08-2026 09:00
MED0071,LOC0265,WH-M-024,B00711229,525,25-06-2027,50,06-08-2026 09:00
MED0063,LOC0265,WH-M-024,B00631343,225,29-12-2028,20,06-08-2026 09:00
MED0036,LOC0265,WH-M-024,B00361432,27,16-07-2028,100,06-08-2026 09:00
MED0104,LOC0265,WH-M-024,B01041520,453,15-11-2027,100,06-08-2026 09:00
MED0006,LOC0265,WH-M-024,B00061686,351,25-11-2028,50,06-08-2026 09:00
MED0008,LOC0265,WH-M-024,B00081786,750,15-01-2029,50,06-08-2026 09:00
MED0064,LOC0265,WH-M-024,B00641834,500,11-09-2026,75,06-08-2026 09:00
MED0033,LOC0265,WH-M-024,B00331978,209,21-07-2027,30,06-08-2026 09:00
MED0029,LOC0265,WH-M-024,B00292067,689,10-10-2028,30,06-08-2026 09:00
MED0019,LOC0265,WH-M-024,B00192135,348,14-09-2026,30,06-08-2026 09:00
MED0050,LOC0265,WH-M-024,B00502228,3594,28-02-2027,20,06-08-2026 09:00
MED0022,LOC0265,WH-M-024,B00222358,390,26-07-2028,75,06-08-2026 09:00
MED0069,LOC0265,WH-M-024,B00692423,453,05-04-2026,75,06-08-2026 09:00
MED0081,LOC0265,WH-M-024,B00812579,4548,01-09-2028,75,06-08-2026 09:00
MED0096,LOC0265,WH-M-024,B00962631,231,13-12-2027,30,06-08-2026 09:00
MED0028,LOC0265,WH-M-024,B00282780,125,23-12-2028,50,06-08-2026 09:00
MED0092,LOC0265,WH-M-024,B00922843,2225,10-07-2027,50,06-08-2026 09:00
MED0095,LOC0265,WH-M-024,B00952927,2954,11-09-2028,20,06-08-2026 09:00
MED0085,LOC0265,WH-M-024,B00853014,650,19-03-2027,20,06-08-2026 09:00
MED0102,LOC0265,WH-M-024,B01023132,466,10-05-2028,20,06-08-2026 09:00
MED0093,LOC0265,WH-M-024,B00933278,793,15-12-2027,30,06-08-2026 09:00
MED0099,LOC0265,WH-M-024,B00993362,569,23-08-2028,75,06-08-2026 09:00
MED0090,LOC0265,WH-M-024,B00903489,768,04-08-2028,75,06-08-2026 09:00
MED0088,LOC0265,WH-M-024,B00883539,556,26-12-2027,75,06-08-2026 09:00
MED0110,LOC0266,WH-M-025,B01100158,2400,25-11-2027,100,06-08-2026 09:00
MED0058,LOC0266,WH-M-025,B00580253,782,11-08-2026,50,06-08-2026 09:00
MED0041,LOC0266,WH-M-025,B00410395,394,22-10-2028,20,06-08-2026 09:00
MED0055,LOC0266,WH-M-025,B00550434,341,03-04-2027,50,06-08-2026 09:00
MED0072,LOC0266,WH-M-025,B00720570,383,05-07-2028,100,06-08-2026 09:00
MED0013,LOC0266,WH-M-025,B00130611,598,24-03-2026,100,06-08-2026 09:00
MED0074,LOC0266,WH-M-025,B00740763,3,17-04-2027,20,06-08-2026 09:00
MED0022,LOC0266,WH-M-025,B00220849,540,01-05-2028,20,06-08-2026 09:00
MED0080,LOC0266,WH-M-025,B00800989,82,04-08-2027,30,06-08-2026 09:00
MED0073,LOC0266,WH-M-025,B00731081,21,09-06-2027,75,06-08-2026 09:00
MED0098,LOC0266,WH-M-025,B00981130,675,15-02-2027,100,06-08-2026 09:00
MED0043,LOC0266,WH-M-025,B00431244,318,26-11-2028,100,06-08-2026 09:00
MED0108,LOC0266,WH-M-025,B01081325,148,09-01-2028,30,06-08-2026 09:00
MED0101,LOC0266,WH-M-025,B01011489,0,18-09-2026,75,06-08-2026 09:00
MED0011,LOC0266,WH-M-025,B00111578,572,03-06-2027,75,06-08-2026 09:00
MED0012,LOC0266,WH-M-025,B00121656,4621,13-08-2026,30,06-08-2026 09:00
MED0003,LOC0266,WH-M-025,B00031786,0,22-12-2026,20,06-08-2026 09:00
MED0017,LOC0266,WH-M-025,B00171813,309,26-09-2028,75,06-08-2026 09:00
MED0106,LOC0266,WH-M-025,B01061984,655,08-12-2026,50,06-08-2026 09:00
MED0068,LOC0266,WH-M-025,B00682064,468,24-12-2027,75,06-08-2026 09:00
MED0040,LOC0266,WH-M-025,B00402152,2135,26-08-2026,30,06-08-2026 09:00
MED0075,LOC0266,WH-M-025,B00752290,4978,29-10-2028,30,06-08-2026 09:00
MED0084,LOC0266,WH-M-025,B00842340,2879,04-12-2028,50,06-08-2026 09:00
MED0027,LOC0266,WH-M-025,B00272498,264,11-03-2028,30,06-08-2026 09:00
MED0095,LOC0266,WH-M-025,B00952529,354,01-05-2026,30,06-08-2026 09:00
MED0025,LOC0266,WH-M-025,B00252657,130,16-02-2028,30,06-08-2026 09:00
MED0112,LOC0266,WH-M-025,B01122775,279,27-07-2027,20,06-08-2026 09:00
MED0002,LOC0266,WH-M-025,B00022884,4727,07-12-2028,30,06-08-2026 09:00
MED0105,LOC0266,WH-M-025,B01052960,9,18-01-2027,30,06-08-2026 09:00
MED0032,LOC0266,WH-M-025,B00323059,524,06-12-2028,20,06-08-2026 09:00
MED0019,LOC0266,WH-M-025,B00193129,496,19-04-2027,30,06-08-2026 09:00
MED0057,LOC0266,WH-M-025,B00573261,558,08-07-2027,50,06-08-2026 09:00
MED0048,LOC0266,WH-M-025,B00483337,454,16-02-2027,30,06-08-2026 09:00
MED0089,LOC0266,WH-M-025,B00893482,558,16-08-2026,100,06-08-2026 09:00
MED0097,LOC0266,WH-M-025,B00973596,568,30-04-2027,50,06-08-2026 09:00
MED0050,LOC0266,WH-M-025,B00503677,237,14-10-2027,30,06-08-2026 09:00
MED0078,LOC0266,WH-M-025,B00783794,3120,29-03-2027,75,06-08-2026 09:00
MED0038,LOC0266,WH-M-025,B00383828,298,18-03-2027,30,06-08-2026 09:00
MED0065,LOC0266,WH-M-025,B00653945,17,16-09-2026,75,06-08-2026 09:00
MED0051,LOC0266,WH-M-025,B00514053,5,08-12-2027,30,06-08-2026 09:00
MED0081,LOC0266,WH-M-025,B00814123,12,22-12-2027,75,06-08-2026 09:00
MED0096,LOC0266,WH-M-025,B00964248,127,05-07-2027,30,06-08-2026 09:00
MED0008,LOC0266,WH-M-025,B00084378,4217,27-07-2028,30,06-08-2026 09:00
MED0100,LOC0266,WH-M-025,B01004413,204,06-06-2028,100,06-08-2026 09:00
MED0085,LOC0266,WH-M-025,B00854559,445,29-07-2027,30,06-08-2026 09:00
MED0087,LOC0266,WH-M-025,B00874660,10,06-04-2027,75,06-08-2026 09:00
MED0093,LOC0266,WH-M-025,B00934790,760,25-02-2027,100,06-08-2026 09:00
MED0042,LOC0266,WH-M-025,B00424899,434,03-11-2028,20,06-08-2026 09:00
MED0026,LOC0266,WH-M-025,B00264958,3148,04-10-2028,75,06-08-2026 09:00
MED0066,LOC0266,WH-M-025,B00665064,707,26-11-2027,100,06-08-2026 09:00
MED0107,LOC0266,WH-M-025,B01075157,577,21-01-2028,50,06-08-2026 09:00
MED0016,LOC0266,WH-M-025,B00165280,653,10-05-2027,100,06-08-2026 09:00
MED0039,LOC0266,WH-M-025,B00395388,465,29-12-2027,30,06-08-2026 09:00
MED0045,LOC0266,WH-M-025,B00455447,557,04-11-2028,50,06-08-2026 09:00
MED0076,LOC0266,WH-M-025,B00765595,249,10-02-2028,50,06-08-2026 09:00
MED0059,LOC0266,WH-M-025,B00595672,41,17-06-2026,100,06-08-2026 09:00
MED0054,LOC0266,WH-M-025,B00545796,370,16-04-2027,75,06-08-2026 09:00
MED0010,LOC0267,WH-N-003,B00100130,10,17-01-2028,50,06-08-2026 09:00
MED0031,LOC0267,WH-N-003,B00310219,2505,19-08-2026,75,06-08-2026 09:00
MED0063,LOC0267,WH-N-003,B00630316,291,13-05-2028,100,06-08-2026 09:00
MED0017,LOC0267,WH-N-003,B00170465,747,26-10-2028,75,06-08-2026 09:00
MED0087,LOC0267,WH-N-003,B00870563,700,15-09-2028,30,06-08-2026 09:00
MED0034,LOC0267,WH-N-003,B00340650,3425,01-09-2026,50,06-08-2026 09:00
MED0023,LOC0267,WH-N-003,B00230731,201,10-08-2027,50,06-08-2026 09:00
MED0097,LOC0267,WH-N-003,B00970881,122,03-07-2027,20,06-08-2026 09:00
MED0006,LOC0267,WH-N-003,B00060913,768,03-01-2027,75,06-08-2026 09:00
MED0037,LOC0267,WH-N-003,B00371017,349,24-10-2027,20,06-08-2026 09:00
MED0054,LOC0267,WH-N-003,B00541170,210,05-08-2028,75,06-08-2026 09:00
MED0096,LOC0267,WH-N-003,B00961224,211,04-09-2028,75,06-08-2026 09:00
MED0047,LOC0267,WH-N-003,B00471334,331,25-08-2028,30,06-08-2026 09:00
MED0030,LOC0267,WH-N-003,B00301473,402,03-06-2027,30,06-08-2026 09:00
MED0041,LOC0267,WH-N-003,B00411590,0,13-12-2026,75,06-08-2026 09:00
MED0021,LOC0267,WH-N-003,B00211660,0,05-07-2027,75,06-08-2026 09:00
MED0009,LOC0267,WH-N-003,B00091787,44,22-01-2028,75,06-08-2026 09:00
MED0084,LOC0267,WH-N-003,B00841844,459,18-11-2026,75,06-08-2026 09:00
MED0064,LOC0267,WH-N-003,B00641985,22,12-05-2026,75,06-08-2026 09:00
MED0082,LOC0267,WH-N-003,B00822034,597,13-06-2028,30,06-08-2026 09:00
MED0008,LOC0267,WH-N-003,B00082193,726,02-09-2028,50,06-08-2026 09:00
MED0044,LOC0267,WH-N-003,B00442266,4529,15-03-2026,75,06-08-2026 09:00
MED0061,LOC0267,WH-N-003,B00612327,155,30-04-2027,100,06-08-2026 09:00
MED0018,LOC0267,WH-N-003,B00182423,341,11-09-2027,50,06-08-2026 09:00
MED0049,LOC0267,WH-N-003,B00492515,736,13-08-2028,100,06-08-2026 09:00
MED0103,LOC0267,WH-N-003,B01032613,627,29-04-2026,100,06-08-2026 09:00
MED0059,LOC0267,WH-N-003,B00592721,272,21-02-2026,30,06-08-2026 09:00
MED0074,LOC0267,WH-N-003,B00742837,80,05-06-2028,75,06-08-2026 09:00
MED0071,LOC0267,WH-N-003,B00712947,202,28-05-2027,20,06-08-2026 09:00
MED0025,LOC0267,WH-N-003,B00253095,176,06-08-2027,50,06-08-2026 09:00
MED0106,LOC0267,WH-N-003,B01063145,758,25-07-2027,30,06-08-2026 09:00
MED0007,LOC0267,WH-N-003,B00073284,522,26-08-2026,50,06-08-2026 09:00
MED0019,LOC0267,WH-N-003,B00193391,98,14-04-2027,50,06-08-2026 09:00
MED0083,LOC0267,WH-N-003,B00833423,116,22-07-2028,100,06-08-2026 09:00
MED0085,LOC0267,WH-N-003,B00853590,308,22-11-2026,50,06-08-2026 09:00
MED0005,LOC0267,WH-N-003,B00053666,601,09-02-2027,75,06-08-2026 09:00
MED0035,LOC0267,WH-N-003,B00353779,29,19-09-2028,100,06-08-2026 09:00
MED0080,LOC0267,WH-N-003,B00803813,3800,11-12-2027,20,06-08-2026 09:00
MED0026,LOC0267,WH-N-003,B00263943,543,04-04-2027,30,06-08-2026 09:00
MED0081,LOC0267,WH-N-003,B00814070,716,19-09-2027,100,06-08-2026 09:00
MED0112,LOC0267,WH-N-003,B01124152,499,10-12-2027,20,06-08-2026 09:00
MED0060,LOC0267,WH-N-003,B00604212,18,08-09-2028,20,06-08-2026 09:00
MED0003,LOC0267,WH-N-003,B00034389,695,08-02-2028,30,06-08-2026 09:00
MED0004,LOC0267,WH-N-003,B00044492,772,10-09-2027,75,06-08-2026 09:00
MED0012,LOC0267,WH-N-003,B00124562,0,27-05-2028,75,06-08-2026 09:00
MED0111,LOC0267,WH-N-003,B01114649,3397,29-03-2027,20,06-08-2026 09:00
MED0070,LOC0267,WH-N-003,B00704754,340,21-06-2028,75,06-08-2026 09:00
MED0102,LOC0267,WH-N-003,B01024827,380,26-09-2026,20,06-08-2026 09:00
MED0077,LOC0267,WH-N-003,B00774945,30,23-02-2027,100,06-08-2026 09:00
MED0024,LOC0267,WH-N-003,B00245047,538,12-09-2028,30,06-08-2026 09:00
MED0032,LOC0267,WH-N-003,B00325125,600,22-10-2027,75,06-08-2026 09:00
MED0033,LOC0267,WH-N-003,B00335279,540,24-08-2026,30,06-08-2026 09:00
MED0078,LOC0267,WH-N-003,B00785353,272,29-06-2027,20,06-08-2026 09:00
MED0020,LOC0267,WH-N-003,B00205427,43,29-08-2028,100,06-08-2026 09:00
MED0086,LOC0267,WH-N-003,B00865523,140,04-02-2028,75,06-08-2026 09:00
MED0055,LOC0267,WH-N-003,B00555688,2548,18-08-2026,50,06-08-2026 09:00
MED0105,LOC0267,WH-N-003,B01055774,354,19-11-2028,20,06-08-2026 09:00
MED0040,LOC0267,WH-N-003,B00405890,2802,13-08-2028,50,06-08-2026 09:00
MED0049,LOC0268,WH-M-026,B00490120,318,22-06-2027,20,06-08-2026 09:00
MED0081,LOC0268,WH-M-026,B00810298,318,21-06-2028,20,06-08-2026 09:00
MED0110,LOC0268,WH-M-026,B01100390,8,03-08-2028,75,06-08-2026 09:00
MED0099,LOC0268,WH-M-026,B00990439,678,06-09-2028,100,06-08-2026 09:00
MED0090,LOC0268,WH-M-026,B00900558,727,21-11-2026,20,06-08-2026 09:00
MED0027,LOC0268,WH-M-026,B00270641,235,17-09-2027,20,06-08-2026 09:00
MED0012,LOC0268,WH-M-026,B00120719,283,24-08-2028,30,06-08-2026 09:00
MED0100,LOC0268,WH-M-026,B01000878,680,06-06-2027,30,06-08-2026 09:00
MED0029,LOC0268,WH-M-026,B00290910,522,21-01-2027,75,06-08-2026 09:00
MED0089,LOC0268,WH-M-026,B00891067,82,27-04-2028,75,06-08-2026 09:00
MED0039,LOC0268,WH-M-026,B00391110,182,08-11-2026,75,06-08-2026 09:00
MED0075,LOC0268,WH-M-026,B00751272,771,11-09-2026,100,06-08-2026 09:00
MED0033,LOC0268,WH-M-026,B00331390,428,08-07-2028,20,06-08-2026 09:00
MED0055,LOC0268,WH-M-026,B00551417,768,09-08-2027,100,06-08-2026 09:00
MED0004,LOC0268,WH-M-026,B00041521,2707,24-11-2026,20,06-08-2026 09:00
MED0060,LOC0268,WH-M-026,B00601640,35,22-02-2028,75,06-08-2026 09:00
MED0066,LOC0268,WH-M-026,B00661756,107,21-02-2028,30,06-08-2026 09:00
MED0009,LOC0268,WH-M-026,B00091881,153,05-10-2026,20,06-08-2026 09:00
MED0093,LOC0268,WH-M-026,B00931992,441,28-10-2027,100,06-08-2026 09:00
MED0098,LOC0268,WH-M-026,B00982039,435,18-11-2027,20,06-08-2026 09:00
MED0021,LOC0268,WH-M-026,B00212165,23,16-08-2026,50,06-08-2026 09:00
MED0080,LOC0268,WH-M-026,B00802266,2281,15-02-2028,75,06-08-2026 09:00
MED0044,LOC0268,WH-M-026,B00442343,625,08-10-2027,50,06-08-2026 09:00
MED0017,LOC0268,WH-M-026,B00172464,715,01-09-2028,30,06-08-2026 09:00
MED0014,LOC0268,WH-M-026,B00142524,552,16-04-2028,20,06-08-2026 09:00
MED0076,LOC0268,WH-M-026,B00762674,176,02-03-2027,50,06-08-2026 09:00
MED0085,LOC0268,WH-M-026,B00852713,580,26-12-2026,50,06-08-2026 09:00
MED0031,LOC0268,WH-M-026,B00312884,281,13-04-2027,50,06-08-2026 09:00
MED0070,LOC0268,WH-M-026,B00702990,564,19-12-2027,50,06-08-2026 09:00
MED0092,LOC0268,WH-M-026,B00923078,420,03-03-2027,20,06-08-2026 09:00
MED0094,LOC0268,WH-M-026,B00943183,763,31-07-2026,50,06-08-2026 09:00
MED0018,LOC0268,WH-M-026,B00183239,0,04-03-2028,30,06-08-2026 09:00
MED0022,LOC0268,WH-M-026,B00223355,715,29-09-2027,75,06-08-2026 09:00
MED0079,LOC0268,WH-M-026,B00793471,623,09-10-2027,75,06-08-2026 09:00
MED0028,LOC0268,WH-M-026,B00283539,195,02-09-2028,30,06-08-2026 09:00
MED0054,LOC0269,WH-G-020,B00540142,94,06-10-2028,20,06-08-2026 09:00
MED0104,LOC0269,WH-G-020,B01040287,594,05-03-2028,50,06-08-2026 09:00
MED0041,LOC0269,WH-G-020,B00410348,385,07-09-2028,50,06-08-2026 09:00
MED0010,LOC0269,WH-G-020,B00100479,743,09-12-2027,50,06-08-2026 09:00
MED0060,LOC0269,WH-G-020,B00600596,393,19-05-2027,20,06-08-2026 09:00
MED0050,LOC0269,WH-G-020,B00500660,0,30-06-2027,20,06-08-2026 09:00
MED0064,LOC0269,WH-G-020,B00640771,698,22-10-2027,30,06-08-2026 09:00
MED0087,LOC0269,WH-G-020,B00870811,339,10-09-2026,20,06-08-2026 09:00
MED0085,LOC0269,WH-G-020,B00850964,553,01-01-2029,75,06-08-2026 09:00
MED0083,LOC0269,WH-G-020,B00831048,65,04-11-2028,100,06-08-2026 09:00
MED0090,LOC0269,WH-G-020,B00901167,793,12-11-2027,75,06-08-2026 09:00
MED0084,LOC0269,WH-G-020,B00841227,68,09-08-2026,50,06-08-2026 09:00
MED0103,LOC0269,WH-G-020,B01031349,572,01-02-2028,75,06-08-2026 09:00
MED0030,LOC0269,WH-G-020,B00301476,455,10-08-2027,30,06-08-2026 09:00
MED0102,LOC0269,WH-G-020,B01021526,180,28-10-2027,100,06-08-2026 09:00
MED0062,LOC0269,WH-G-020,B00621687,3660,12-01-2029,100,06-08-2026 09:00
MED0020,LOC0269,WH-G-020,B00201718,282,13-11-2026,75,06-08-2026 09:00
MED0063,LOC0269,WH-G-020,B00631877,422,05-01-2028,50,06-08-2026 09:00
MED0022,LOC0269,WH-G-020,B00221956,175,16-04-2027,50,06-08-2026 09:00
MED0045,LOC0269,WH-G-020,B00452034,795,29-04-2028,50,06-08-2026 09:00
MED0076,LOC0269,WH-G-020,B00762184,141,20-04-2028,30,06-08-2026 09:00
MED0092,LOC0269,WH-G-020,B00922266,4377,26-07-2028,20,06-08-2026 09:00
MED0004,LOC0269,WH-G-020,B00042316,320,21-02-2027,20,06-08-2026 09:00
MED0051,LOC0269,WH-G-020,B00512424,687,05-09-2027,30,06-08-2026 09:00
MED0025,LOC0269,WH-G-020,B00252517,688,31-12-2026,50,06-08-2026 09:00
MED0095,LOC0269,WH-G-020,B00952643,124,12-03-2028,100,06-08-2026 09:00
MED0079,LOC0269,WH-G-020,B00792735,99,08-04-2028,100,06-08-2026 09:00
MED0029,LOC0269,WH-G-020,B00292810,378,26-02-2027,30,06-08-2026 09:00
MED0016,LOC0269,WH-G-020,B00162913,716,09-02-2028,100,06-08-2026 09:00
MED0021,LOC0269,WH-G-020,B00213063,637,24-09-2026,30,06-08-2026 09:00
MED0086,LOC0269,WH-G-020,B00863168,228,11-11-2028,100,06-08-2026 09:00
MED0047,LOC0269,WH-G-020,B00473270,474,18-07-2028,100,06-08-2026 09:00
MED0111,LOC0269,WH-G-020,B01113310,398,05-06-2027,50,06-08-2026 09:00
MED0006,LOC0269,WH-G-020,B00063480,784,15-03-2028,75,06-08-2026 09:00
MED0093,LOC0269,WH-G-020,B00933571,4399,23-03-2027,30,06-08-2026 09:00
MED0078,LOC0269,WH-G-020,B00783675,731,23-12-2027,100,06-08-2026 09:00
MED0077,LOC0269,WH-G-020,B00773773,402,02-05-2028,50,06-08-2026 09:00
MED0014,LOC0269,WH-G-020,B00143834,677,05-12-2027,30,06-08-2026 09:00
MED0023,LOC0269,WH-G-020,B00233921,746,11-02-2027,50,06-08-2026 09:00
MED0068,LOC0269,WH-G-020,B00684033,374,22-07-2028,20,06-08-2026 09:00
MED0024,LOC0269,WH-G-020,B00244147,481,26-12-2027,50,06-08-2026 09:00
MED0035,LOC0269,WH-G-020,B00354224,122,06-05-2028,50,06-08-2026 09:00
MED0067,LOC0269,WH-G-020,B00674333,79,30-03-2028,50,06-08-2026 09:00
MED0056,LOC0269,WH-G-020,B00564414,677,02-08-2028,30,06-08-2026 09:00
MED0013,LOC0269,WH-G-020,B00134559,3,30-08-2027,50,06-08-2026 09:00
MED0028,LOC0269,WH-G-020,B00284677,34,25-08-2027,75,06-08-2026 09:00
MED0011,LOC0269,WH-G-020,B00114789,111,04-08-2028,20,06-08-2026 09:00
MED0070,LOC0269,WH-G-020,B00704812,800,15-07-2028,100,06-08-2026 09:00
MED0001,LOC0269,WH-G-020,B00014999,570,05-10-2026,100,06-08-2026 09:00
MED0113,LOC0269,WH-G-020,B01135030,713,29-08-2026,30,06-08-2026 09:00
MED0042,LOC0269,WH-G-020,B00425136,14,23-11-2028,75,06-08-2026 09:00
MED0059,LOC0269,WH-G-020,B00595217,2978,11-09-2027,75,06-08-2026 09:00
MED0034,LOC0269,WH-G-020,B00345334,793,27-04-2027,75,06-08-2026 09:00
MED0002,LOC0269,WH-G-020,B00025484,518,22-08-2028,75,06-08-2026 09:00
MED0101,LOC0269,WH-G-020,B01015520,81,20-01-2029,75,06-08-2026 09:00
MED0110,LOC0269,WH-G-020,B01105659,0,08-01-2028,30,06-08-2026 09:00
MED0071,LOC0269,WH-G-020,B00715768,793,23-12-2027,20,06-08-2026 09:00
MED0089,LOC0269,WH-G-020,B00895886,603,19-01-2028,20,06-08-2026 09:00
MED0081,LOC0269,WH-G-020,B00815972,389,27-11-2027,75,06-08-2026 09:00
MED0097,LOC0270,WH-M-027,B00970123,772,16-06-2027,100,06-08-2026 09:00
MED0035,LOC0270,WH-M-027,B00350229,258,31-07-2028,75,06-08-2026 09:00
MED0009,LOC0270,WH-M-027,B00090363,147,19-04-2028,100,06-08-2026 09:00
MED0056,LOC0270,WH-M-027,B00560451,512,13-11-2026,20,06-08-2026 09:00
MED0102,LOC0270,WH-M-027,B01020562,665,08-08-2026,50,06-08-2026 09:00
MED0070,LOC0270,WH-M-027,B00700641,3546,05-03-2028,20,06-08-2026 09:00
MED0023,LOC0270,WH-M-027,B00230796,0,29-07-2028,75,06-08-2026 09:00
MED0053,LOC0270,WH-M-027,B00530856,103,11-10-2028,100,06-08-2026 09:00
MED0085,LOC0270,WH-M-027,B00850973,622,12-03-2027,100,06-08-2026 09:00
MED0089,LOC0270,WH-M-027,B00891086,746,29-08-2026,100,06-08-2026 09:00
MED0047,LOC0270,WH-M-027,B00471182,735,05-10-2028,100,06-08-2026 09:00
MED0075,LOC0270,WH-M-027,B00751263,741,11-06-2027,20,06-08-2026 09:00
MED0064,LOC0270,WH-M-027,B00641318,272,23-09-2027,100,06-08-2026 09:00
MED0006,LOC0270,WH-M-027,B00061418,136,09-12-2027,20,06-08-2026 09:00
MED0007,LOC0270,WH-M-027,B00071529,67,27-04-2028,20,06-08-2026 09:00
MED0057,LOC0270,WH-M-027,B00571634,386,29-10-2027,75,06-08-2026 09:00
MED0028,LOC0270,WH-M-027,B00281764,573,20-03-2028,100,06-08-2026 09:00
MED0021,LOC0270,WH-M-027,B00211830,160,14-09-2027,75,06-08-2026 09:00
MED0015,LOC0270,WH-M-027,B00151913,789,08-06-2027,75,06-08-2026 09:00
MED0018,LOC0270,WH-M-027,B00182094,136,18-10-2027,20,06-08-2026 09:00
MED0058,LOC0270,WH-M-027,B00582146,628,07-07-2027,30,06-08-2026 09:00
MED0010,LOC0270,WH-M-027,B00102261,468,23-09-2026,20,06-08-2026 09:00
MED0086,LOC0270,WH-M-027,B00862371,496,27-07-2027,30,06-08-2026 09:00
MED0095,LOC0270,WH-M-027,B00952413,713,22-01-2028,100,06-08-2026 09:00
MED0011,LOC0270,WH-M-027,B00112512,120,29-10-2028,50,06-08-2026 09:00
MED0046,LOC0270,WH-M-027,B00462688,797,27-06-2026,75,06-08-2026 09:00
MED0016,LOC0270,WH-M-027,B00162755,310,30-05-2027,75,06-08-2026 09:00
MED0080,LOC0270,WH-M-027,B00802894,0,20-01-2027,75,06-08-2026 09:00
MED0099,LOC0270,WH-M-027,B00992917,14,16-01-2027,50,06-08-2026 09:00
MED0084,LOC0270,WH-M-027,B00843097,607,12-11-2027,75,06-08-2026 09:00
MED0003,LOC0270,WH-M-027,B00033197,656,14-06-2027,20,06-08-2026 09:00
MED0056,LOC0271,WH-R-013,B00560112,55,10-06-2027,75,06-08-2026 09:00
MED0022,LOC0271,WH-R-013,B00220258,66,13-05-2026,75,06-08-2026 09:00
MED0030,LOC0271,WH-R-013,B00300349,0,12-04-2026,50,06-08-2026 09:00
MED0061,LOC0271,WH-R-013,B00610496,394,25-09-2027,20,06-08-2026 09:00
MED0042,LOC0271,WH-R-013,B00420599,23,25-03-2028,30,06-08-2026 09:00
MED0003,LOC0271,WH-R-013,B00030692,323,05-09-2028,50,06-08-2026 09:00
MED0043,LOC0271,WH-R-013,B00430763,17,21-03-2028,50,06-08-2026 09:00
MED0095,LOC0271,WH-R-013,B00950883,385,06-01-2029,50,06-08-2026 09:00
MED0081,LOC0271,WH-R-013,B00810960,4272,09-06-2028,30,06-08-2026 09:00
MED0038,LOC0271,WH-R-013,B00381046,282,06-01-2027,50,06-08-2026 09:00
MED0027,LOC0271,WH-R-013,B00271185,297,24-01-2027,30,06-08-2026 09:00
MED0020,LOC0271,WH-R-013,B00201232,436,16-09-2026,20,06-08-2026 09:00
MED0024,LOC0271,WH-R-013,B00241364,697,08-10-2027,30,06-08-2026 09:00
MED0093,LOC0271,WH-R-013,B00931427,633,23-11-2027,75,06-08-2026 09:00
MED0054,LOC0271,WH-R-013,B00541522,284,19-11-2028,50,06-08-2026 09:00
MED0002,LOC0271,WH-R-013,B00021676,673,26-08-2026,75,06-08-2026 09:00
MED0021,LOC0271,WH-R-013,B00211793,721,08-11-2027,20,06-08-2026 09:00
MED0062,LOC0271,WH-R-013,B00621894,305,08-04-2027,100,06-08-2026 09:00
MED0072,LOC0271,WH-R-013,B00721958,596,30-09-2028,20,06-08-2026 09:00
MED0036,LOC0271,WH-R-013,B00362031,371,04-02-2027,100,06-08-2026 09:00
MED0050,LOC0271,WH-R-013,B00502196,484,16-11-2026,30,06-08-2026 09:00
MED0090,LOC0271,WH-R-013,B00902259,485,08-05-2028,50,06-08-2026 09:00
MED0102,LOC0271,WH-R-013,B01022316,65,13-07-2028,100,06-08-2026 09:00
MED0037,LOC0271,WH-R-013,B00372462,0,04-10-2026,50,06-08-2026 09:00
MED0008,LOC0271,WH-R-013,B00082539,533,04-11-2028,30,06-08-2026 09:00
MED0049,LOC0271,WH-R-013,B00492646,335,15-02-2027,50,06-08-2026 09:00
MED0067,LOC0271,WH-R-013,B00672786,600,28-01-2027,30,06-08-2026 09:00
MED0104,LOC0271,WH-R-013,B01042893,721,28-08-2026,20,06-08-2026 09:00
MED0058,LOC0271,WH-R-013,B00582990,234,11-06-2027,100,06-08-2026 09:00
MED0108,LOC0271,WH-R-013,B01083064,295,01-10-2026,30,06-08-2026 09:00
MED0077,LOC0271,WH-R-013,B00773164,182,20-12-2026,75,06-08-2026 09:00
MED0034,LOC0271,WH-R-013,B00343215,401,19-12-2028,100,06-08-2026 09:00
MED0046,LOC0271,WH-R-013,B00463352,0,18-05-2028,100,06-08-2026 09:00
MED0068,LOC0271,WH-R-013,B00683426,2315,16-08-2028,50,06-08-2026 09:00
MED0012,LOC0272,WH-R-014,B00120175,297,06-04-2028,100,06-08-2026 09:00
MED0046,LOC0272,WH-R-014,B00460242,633,12-02-2026,20,06-08-2026 09:00
MED0005,LOC0272,WH-R-014,B00050323,159,13-10-2027,100,06-08-2026 09:00
MED0020,LOC0272,WH-R-014,B00200445,300,02-12-2027,100,06-08-2026 09:00
MED0101,LOC0272,WH-R-014,B01010581,497,25-09-2026,20,06-08-2026 09:00
MED0049,LOC0272,WH-R-014,B00490643,2685,10-09-2027,20,06-08-2026 09:00
MED0114,LOC0272,WH-R-014,B01140714,234,03-04-2028,100,06-08-2026 09:00
MED0043,LOC0272,WH-R-014,B00430853,376,14-05-2028,30,06-08-2026 09:00
MED0048,LOC0272,WH-R-014,B00480986,761,13-08-2028,100,06-08-2026 09:00
MED0102,LOC0272,WH-R-014,B01021072,188,24-10-2027,75,06-08-2026 09:00
MED0033,LOC0272,WH-R-014,B00331199,354,23-04-2028,20,06-08-2026 09:00
MED0093,LOC0272,WH-R-014,B00931289,197,02-04-2027,50,06-08-2026 09:00
MED0111,LOC0272,WH-R-014,B01111364,554,12-08-2026,20,06-08-2026 09:00
MED0060,LOC0272,WH-R-014,B00601488,609,05-05-2027,20,06-08-2026 09:00
MED0089,LOC0272,WH-R-014,B00891591,334,09-12-2028,30,06-08-2026 09:00
MED0058,LOC0272,WH-R-014,B00581623,3565,26-09-2026,75,06-08-2026 09:00
MED0086,LOC0272,WH-R-014,B00861790,7,26-07-2027,20,06-08-2026 09:00
MED0108,LOC0272,WH-R-014,B01081889,127,13-11-2026,100,06-08-2026 09:00
MED0083,LOC0272,WH-R-014,B00831916,524,11-12-2026,75,06-08-2026 09:00
MED0035,LOC0272,WH-R-014,B00352056,700,07-02-2027,75,06-08-2026 09:00
MED0009,LOC0272,WH-R-014,B00092134,338,10-10-2028,50,06-08-2026 09:00
MED0007,LOC0272,WH-R-014,B00072288,508,27-12-2027,100,06-08-2026 09:00
MED0040,LOC0272,WH-R-014,B00402389,345,22-11-2027,20,06-08-2026 09:00
MED0113,LOC0272,WH-R-014,B01132413,122,20-05-2028,20,06-08-2026 09:00
MED0018,LOC0272,WH-R-014,B00182555,633,05-01-2027,100,06-08-2026 09:00
MED0067,LOC0272,WH-R-014,B00672659,0,15-03-2027,75,06-08-2026 09:00
MED0098,LOC0273,WH-K-025,B00980143,4586,30-05-2027,50,06-08-2026 09:00
MED0106,LOC0273,WH-K-025,B01060219,587,27-09-2026,30,06-08-2026 09:00
MED0018,LOC0273,WH-K-025,B00180373,0,20-10-2027,20,06-08-2026 09:00
MED0094,LOC0273,WH-K-025,B00940492,546,16-06-2027,20,06-08-2026 09:00
MED0089,LOC0273,WH-K-025,B00890546,287,17-03-2028,50,06-08-2026 09:00
MED0044,LOC0273,WH-K-025,B00440653,439,28-05-2028,75,06-08-2026 09:00
MED0111,LOC0273,WH-K-025,B01110761,705,06-04-2028,30,06-08-2026 09:00
MED0013,LOC0273,WH-K-025,B00130842,596,30-06-2027,30,06-08-2026 09:00
MED0008,LOC0273,WH-K-025,B00080944,372,02-09-2026,20,06-08-2026 09:00
MED0030,LOC0273,WH-K-025,B00301047,362,19-01-2028,20,06-08-2026 09:00
MED0107,LOC0273,WH-K-025,B01071161,26,05-01-2027,30,06-08-2026 09:00
MED0047,LOC0273,WH-K-025,B00471259,102,28-03-2027,100,06-08-2026 09:00
MED0032,LOC0273,WH-K-025,B00321341,144,23-12-2028,100,06-08-2026 09:00
MED0004,LOC0273,WH-K-025,B00041428,63,14-08-2028,100,06-08-2026 09:00
MED0066,LOC0273,WH-K-025,B00661570,793,06-09-2026,30,06-08-2026 09:00
MED0060,LOC0273,WH-K-025,B00601640,720,20-03-2028,20,06-08-2026 09:00
MED0005,LOC0273,WH-K-025,B00051718,297,16-01-2029,20,06-08-2026 09:00
MED0031,LOC0273,WH-K-025,B00311890,104,20-06-2028,20,06-08-2026 09:00
MED0105,LOC0273,WH-K-025,B01051963,763,05-07-2027,30,06-08-2026 09:00
MED0001,LOC0273,WH-K-025,B00012088,507,18-06-2026,20,06-08-2026 09:00
MED0021,LOC0273,WH-K-025,B00212140,102,28-11-2026,100,06-08-2026 09:00
MED0036,LOC0273,WH-K-025,B00362264,788,31-12-2028,100,06-08-2026 09:00
MED0053,LOC0273,WH-K-025,B00532311,302,21-08-2026,30,06-08-2026 09:00
MED0062,LOC0273,WH-K-025,B00622450,387,08-09-2027,75,06-08-2026 09:00
MED0091,LOC0273,WH-K-025,B00912560,739,18-07-2028,30,06-08-2026 09:00
MED0054,LOC0273,WH-K-025,B00542675,139,05-06-2027,50,06-08-2026 09:00
MED0086,LOC0273,WH-K-025,B00862729,2116,24-02-2027,50,06-08-2026 09:00
MED0080,LOC0273,WH-K-025,B00802834,83,19-03-2027,20,06-08-2026 09:00
MED0110,LOC0273,WH-K-025,B01102917,319,13-08-2027,100,06-08-2026 09:00
MED0071,LOC0273,WH-K-025,B00713042,4926,20-10-2027,30,06-08-2026 09:00
MED0084,LOC0273,WH-K-025,B00843127,158,07-06-2028,75,06-08-2026 09:00
MED0072,LOC0273,WH-K-025,B00723211,638,10-08-2028,30,06-08-2026 09:00
MED0058,LOC0273,WH-K-025,B00583396,80,31-08-2027,75,06-08-2026 09:00
MED0095,LOC0273,WH-K-025,B00953472,622,06-11-2028,100,06-08-2026 09:00
MED0055,LOC0273,WH-K-025,B00553551,134,23-08-2027,100,06-08-2026 09:00
MED0038,LOC0273,WH-K-025,B00383625,775,11-06-2028,30,06-08-2026 09:00
MED0012,LOC0273,WH-K-025,B00123711,58,17-10-2028,75,06-08-2026 09:00
MED0113,LOC0273,WH-K-025,B01133864,570,22-06-2027,20,06-08-2026 09:00
MED0100,LOC0273,WH-K-025,B01003919,42,16-08-2026,100,06-08-2026 09:00
MED0007,LOC0273,WH-K-025,B00074069,545,26-08-2028,50,06-08-2026 09:00
MED0009,LOC0273,WH-K-025,B00094142,42,27-08-2026,50,06-08-2026 09:00
MED0081,LOC0273,WH-K-025,B00814263,686,20-04-2027,30,06-08-2026 09:00
MED0061,LOC0273,WH-K-025,B00614331,190,30-01-2028,50,06-08-2026 09:00
MED0020,LOC0273,WH-K-025,B00204455,797,21-09-2028,50,06-08-2026 09:00
MED0056,LOC0273,WH-K-025,B00564548,227,05-06-2027,20,06-08-2026 09:00
MED0064,LOC0273,WH-K-025,B00644651,286,24-06-2028,75,06-08-2026 09:00
MED0022,LOC0273,WH-K-025,B00224735,192,26-09-2027,30,06-08-2026 09:00
MED0023,LOC0273,WH-K-025,B00234891,303,14-04-2027,75,06-08-2026 09:00
MED0037,LOC0273,WH-K-025,B00374942,64,18-05-2028,75,06-08-2026 09:00
MED0109,LOC0273,WH-K-025,B01095096,124,24-08-2027,30,06-08-2026 09:00
MED0018,LOC0274,WH-HP-009,B00180168,93,14-06-2028,30,06-08-2026 09:00
MED0050,LOC0274,WH-HP-009,B00500291,102,04-04-2027,30,06-08-2026 09:00
MED0006,LOC0274,WH-HP-009,B00060328,254,08-02-2027,100,06-08-2026 09:00
MED0042,LOC0274,WH-HP-009,B00420410,144,09-02-2027,75,06-08-2026 09:00
MED0044,LOC0274,WH-HP-009,B00440588,290,19-12-2028,20,06-08-2026 09:00
MED0030,LOC0274,WH-HP-009,B00300611,669,20-01-2027,100,06-08-2026 09:00
MED0065,LOC0274,WH-HP-009,B00650781,298,04-06-2026,50,06-08-2026 09:00
MED0047,LOC0274,WH-HP-009,B00470862,0,27-12-2027,20,06-08-2026 09:00
MED0046,LOC0274,WH-HP-009,B00460936,671,30-09-2026,50,06-08-2026 09:00
MED0045,LOC0274,WH-HP-009,B00451040,387,09-07-2027,100,06-08-2026 09:00
MED0070,LOC0274,WH-HP-009,B00701183,394,17-01-2028,100,06-08-2026 09:00
MED0108,LOC0274,WH-HP-009,B01081299,696,07-11-2027,50,06-08-2026 09:00
MED0110,LOC0274,WH-HP-009,B01101376,146,21-05-2026,100,06-08-2026 09:00
MED0074,LOC0274,WH-HP-009,B00741429,52,09-06-2027,100,06-08-2026 09:00
MED0076,LOC0274,WH-HP-009,B00761592,89,11-09-2028,50,06-08-2026 09:00
MED0013,LOC0274,WH-HP-009,B00131663,492,22-04-2027,100,06-08-2026 09:00
MED0094,LOC0274,WH-HP-009,B00941715,2763,16-03-2027,100,06-08-2026 09:00
MED0082,LOC0274,WH-HP-009,B00821827,414,09-02-2028,100,06-08-2026 09:00
MED0068,LOC0274,WH-HP-009,B00681914,498,02-07-2026,50,06-08-2026 09:00
MED0073,LOC0274,WH-HP-009,B00732076,291,04-05-2026,20,06-08-2026 09:00
MED0008,LOC0274,WH-HP-009,B00082149,149,29-09-2028,100,06-08-2026 09:00
MED0029,LOC0274,WH-HP-009,B00292273,631,07-01-2027,100,06-08-2026 09:00
MED0035,LOC0274,WH-HP-009,B00352371,517,11-09-2028,100,06-08-2026 09:00
MED0061,LOC0274,WH-HP-009,B00612471,359,14-12-2027,30,06-08-2026 09:00
MED0059,LOC0274,WH-HP-009,B00592590,12,10-03-2028,75,06-08-2026 09:00
MED0088,LOC0274,WH-HP-009,B00882681,414,28-03-2027,30,06-08-2026 09:00
MED0033,LOC0274,WH-HP-009,B00332783,453,30-10-2028,20,06-08-2026 09:00
MED0036,LOC0274,WH-HP-009,B00362814,700,17-11-2027,100,06-08-2026 09:00
MED0079,LOC0274,WH-HP-009,B00792932,344,02-04-2027,20,06-08-2026 09:00
MED0101,LOC0274,WH-HP-009,B01013069,278,22-07-2028,30,06-08-2026 09:00
MED0105,LOC0274,WH-HP-009,B01053129,225,23-01-2028,20,06-08-2026 09:00
MED0072,LOC0274,WH-HP-009,B00723249,377,14-12-2027,75,06-08-2026 09:00
MED0043,LOC0274,WH-HP-009,B00433366,4206,19-03-2028,50,06-08-2026 09:00
MED0028,LOC0274,WH-HP-009,B00283474,749,08-03-2027,50,06-08-2026 09:00
MED0078,LOC0274,WH-HP-009,B00783579,527,09-11-2026,100,06-08-2026 09:00
MED0014,LOC0274,WH-HP-009,B00143617,536,09-12-2028,100,06-08-2026 09:00
MED0016,LOC0274,WH-HP-009,B00163759,170,05-03-2026,100,06-08-2026 09:00
MED0009,LOC0274,WH-HP-009,B00093870,539,09-01-2027,50,06-08-2026 09:00
MED0093,LOC0274,WH-HP-009,B00933939,363,13-10-2027,50,06-08-2026 09:00
MED0007,LOC0274,WH-HP-009,B00074051,641,29-10-2027,100,06-08-2026 09:00
MED0069,LOC0274,WH-HP-009,B00694134,28,20-12-2028,30,06-08-2026 09:00
MED0027,LOC0274,WH-HP-009,B00274270,705,28-05-2027,20,06-08-2026 09:00
MED0019,LOC0274,WH-HP-009,B00194370,0,17-04-2028,75,06-08-2026 09:00
MED0011,LOC0274,WH-HP-009,B00114424,255,26-09-2026,20,06-08-2026 09:00
MED0024,LOC0274,WH-HP-009,B00244561,512,09-08-2028,50,06-08-2026 09:00
MED0086,LOC0274,WH-HP-009,B00864626,0,03-08-2028,30,06-08-2026 09:00
MED0055,LOC0274,WH-HP-009,B00554769,537,17-01-2028,100,06-08-2026 09:00
MED0099,LOC0274,WH-HP-009,B00994874,644,29-08-2027,50,06-08-2026 09:00
MED0058,LOC0274,WH-HP-009,B00584980,240,24-03-2027,100,06-08-2026 09:00
MED0054,LOC0274,WH-HP-009,B00545010,449,24-09-2027,20,06-08-2026 09:00
